-- Alex_C.T Smart Plex modular Profilarr v2 PCD operations.
-- 05: Custom formats, tags, conditions, and regex bindings.
-- Requires 01 through 04.

INSERT OR REPLACE INTO custom_formats (name, description, include_in_rename) VALUES ('Language: Prefer English + Spanish', 'Highest language preference. Rewards releases that appear to include both English and Spanish/Latino language indicators, or a strong Latino/multi-audio signal, so Plex gets the best bilingual copy first.', 0);
INSERT OR REPLACE INTO custom_format_tags (custom_format_name, tag_name) VALUES ('Language: Prefer English + Spanish', 'Language');
INSERT OR REPLACE INTO custom_format_conditions (custom_format_name, name, type, arr_type, negate, required) VALUES ('Language: Prefer English + Spanish', 'Language: Prefer English + Spanish', 'release_title', 'all', 0, 1);
INSERT OR REPLACE INTO condition_patterns (custom_format_name, condition_name, regular_expression_name) VALUES ('Language: Prefer English + Spanish', 'Language: Prefer English + Spanish', 'Language: Prefer English + Spanish');
INSERT OR REPLACE INTO custom_formats (name, description, include_in_rename) VALUES ('Language: English Marker', 'Tiny English-tag confirmation bonus. English is treated as the last language fallback, so this exists mainly to confirm the tag rather than drive the decision.', 0);
INSERT OR REPLACE INTO custom_format_tags (custom_format_name, tag_name) VALUES ('Language: English Marker', 'Language');
INSERT OR REPLACE INTO custom_format_conditions (custom_format_name, name, type, arr_type, negate, required) VALUES ('Language: English Marker', 'Language: English Marker', 'release_title', 'all', 0, 1);
INSERT OR REPLACE INTO condition_patterns (custom_format_name, condition_name, regular_expression_name) VALUES ('Language: English Marker', 'Language: English Marker', 'Language: English Marker');
INSERT OR REPLACE INTO custom_formats (name, description, include_in_rename) VALUES ('Language: Spanish-Only Fallback', 'Preferred single-language fallback. Rewards explicit Spanish or Castellano tags when a true bilingual English+Spanish release is not available.', 0);
INSERT OR REPLACE INTO custom_format_tags (custom_format_name, tag_name) VALUES ('Language: Spanish-Only Fallback', 'Language');
INSERT OR REPLACE INTO custom_format_tags (custom_format_name, tag_name) VALUES ('Language: Spanish-Only Fallback', 'Scoring');
INSERT OR REPLACE INTO custom_format_conditions (custom_format_name, name, type, arr_type, negate, required) VALUES ('Language: Spanish-Only Fallback', 'Language: Spanish-Only Fallback', 'release_title', 'all', 0, 1);
INSERT OR REPLACE INTO condition_patterns (custom_format_name, condition_name, regular_expression_name) VALUES ('Language: Spanish-Only Fallback', 'Language: Spanish-Only Fallback', 'Language: Spanish-Only Fallback');
INSERT OR REPLACE INTO custom_formats (name, description, include_in_rename) VALUES ('Language: Latino Spanish Fallback', 'Secondary Spanish-friendly fallback for Latino, LATAM, Mexican, or ES-style tags that often imply Spanish audio even when English is not clearly labeled.', 0);
INSERT OR REPLACE INTO custom_format_tags (custom_format_name, tag_name) VALUES ('Language: Latino Spanish Fallback', 'Language');
INSERT OR REPLACE INTO custom_format_tags (custom_format_name, tag_name) VALUES ('Language: Latino Spanish Fallback', 'Scoring');
INSERT OR REPLACE INTO custom_format_conditions (custom_format_name, name, type, arr_type, negate, required) VALUES ('Language: Latino Spanish Fallback', 'Language: Latino Spanish Fallback', 'release_title', 'all', 0, 1);
INSERT OR REPLACE INTO condition_patterns (custom_format_name, condition_name, regular_expression_name) VALUES ('Language: Latino Spanish Fallback', 'Language: Latino Spanish Fallback', 'Language: Latino Spanish Fallback');
INSERT OR REPLACE INTO custom_formats (name, description, include_in_rename) VALUES ('Language: English-Only Backup', 'Last language fallback. English-only releases stay usable, but they should lose to EN+ES, Spanish, Multi, and Latino-tagged options.', 0);
INSERT OR REPLACE INTO custom_format_tags (custom_format_name, tag_name) VALUES ('Language: English-Only Backup', 'Language');
INSERT OR REPLACE INTO custom_format_conditions (custom_format_name, name, type, arr_type, negate, required) VALUES ('Language: English-Only Backup', 'Language: English-Only Backup', 'release_title', 'all', 0, 1);
INSERT OR REPLACE INTO condition_patterns (custom_format_name, condition_name, regular_expression_name) VALUES ('Language: English-Only Backup', 'Language: English-Only Backup', 'Language: English-Only Backup');
INSERT OR REPLACE INTO custom_formats (name, description, include_in_rename) VALUES ('Language: Multi-Dual Audio Bonus', 'Middle-tier multilingual bonus. Rewards Multi, Multi5, dual-audio, and dual-language tags, but keeps them below explicit EN+ES and single-language Spanish priorities.', 0);
INSERT OR REPLACE INTO custom_format_tags (custom_format_name, tag_name) VALUES ('Language: Multi-Dual Audio Bonus', 'Language');
INSERT OR REPLACE INTO custom_format_tags (custom_format_name, tag_name) VALUES ('Language: Multi-Dual Audio Bonus', 'Audio');
INSERT OR REPLACE INTO custom_format_tags (custom_format_name, tag_name) VALUES ('Language: Multi-Dual Audio Bonus', 'Scoring');
INSERT OR REPLACE INTO custom_format_conditions (custom_format_name, name, type, arr_type, negate, required) VALUES ('Language: Multi-Dual Audio Bonus', 'Language: Multi-Dual Audio Bonus', 'release_title', 'all', 0, 1);
INSERT OR REPLACE INTO condition_patterns (custom_format_name, condition_name, regular_expression_name) VALUES ('Language: Multi-Dual Audio Bonus', 'Language: Multi-Dual Audio Bonus', 'Language: Multi-Dual Audio Bonus');
INSERT OR REPLACE INTO custom_formats (name, description, include_in_rename) VALUES ('Language: Block Other Languages', 'Heavy negative score for releases tagged as languages outside the intended English or Spanish-friendly target set, such as French, German, Hindi, Russian, Japanese, and similar tags.', 0);
INSERT OR REPLACE INTO custom_format_tags (custom_format_name, tag_name) VALUES ('Language: Block Other Languages', 'Language');
INSERT OR REPLACE INTO custom_format_tags (custom_format_name, tag_name) VALUES ('Language: Block Other Languages', 'Blocking');
INSERT OR REPLACE INTO custom_format_conditions (custom_format_name, name, type, arr_type, negate, required) VALUES ('Language: Block Other Languages', 'Language: Block Other Languages', 'release_title', 'all', 0, 1);
INSERT OR REPLACE INTO condition_patterns (custom_format_name, condition_name, regular_expression_name) VALUES ('Language: Block Other Languages', 'Language: Block Other Languages', 'Language: Block Other Languages');
INSERT OR REPLACE INTO custom_formats (name, description, include_in_rename) VALUES ('Subtitles: Prefer English + Spanish', 'Rewards releases that appear to include subtitle support for both English and Spanish. This is a strong usability bonus for mixed-language Plex playback.', 0);
INSERT OR REPLACE INTO custom_format_tags (custom_format_name, tag_name) VALUES ('Subtitles: Prefer English + Spanish', 'Subtitles');
INSERT OR REPLACE INTO custom_format_conditions (custom_format_name, name, type, arr_type, negate, required) VALUES ('Subtitles: Prefer English + Spanish', 'Subtitles: Prefer English + Spanish', 'release_title', 'all', 0, 1);
INSERT OR REPLACE INTO condition_patterns (custom_format_name, condition_name, regular_expression_name) VALUES ('Subtitles: Prefer English + Spanish', 'Subtitles: Prefer English + Spanish', 'Subtitles: Prefer English + Spanish');
INSERT OR REPLACE INTO custom_formats (name, description, include_in_rename) VALUES ('Subtitles: English Bonus', 'Small subtitle bonus for English subtitle indicators. Useful when audio language is acceptable but subtitle support is still helpful.', 0);
INSERT OR REPLACE INTO custom_format_tags (custom_format_name, tag_name) VALUES ('Subtitles: English Bonus', 'Subtitles');
INSERT OR REPLACE INTO custom_format_tags (custom_format_name, tag_name) VALUES ('Subtitles: English Bonus', 'Scoring');
INSERT OR REPLACE INTO custom_format_conditions (custom_format_name, name, type, arr_type, negate, required) VALUES ('Subtitles: English Bonus', 'Subtitles: English Bonus', 'release_title', 'all', 0, 1);
INSERT OR REPLACE INTO condition_patterns (custom_format_name, condition_name, regular_expression_name) VALUES ('Subtitles: English Bonus', 'Subtitles: English Bonus', 'Subtitles: English Bonus');
INSERT OR REPLACE INTO custom_formats (name, description, include_in_rename) VALUES ('Subtitles: Spanish Bonus', 'Subtitle bonus for Spanish or Latino subtitle indicators. Helps prefer releases that are easier to use for Spanish viewers.', 0);
INSERT OR REPLACE INTO custom_format_tags (custom_format_name, tag_name) VALUES ('Subtitles: Spanish Bonus', 'Subtitles');
INSERT OR REPLACE INTO custom_format_tags (custom_format_name, tag_name) VALUES ('Subtitles: Spanish Bonus', 'Scoring');
INSERT OR REPLACE INTO custom_format_conditions (custom_format_name, name, type, arr_type, negate, required) VALUES ('Subtitles: Spanish Bonus', 'Subtitles: Spanish Bonus', 'release_title', 'all', 0, 1);
INSERT OR REPLACE INTO condition_patterns (custom_format_name, condition_name, regular_expression_name) VALUES ('Subtitles: Spanish Bonus', 'Subtitles: Spanish Bonus', 'Subtitles: Spanish Bonus');
INSERT OR REPLACE INTO custom_formats (name, description, include_in_rename) VALUES ('Subtitles: Block Hardcoded-Burned-In', 'Heavy negative score for hardcoded, hardsubbed, burned-in, or burnt-in subtitle tags. Avoids releases where subtitles cannot be disabled.', 0);
INSERT OR REPLACE INTO custom_format_tags (custom_format_name, tag_name) VALUES ('Subtitles: Block Hardcoded-Burned-In', 'Subtitles');
INSERT OR REPLACE INTO custom_format_tags (custom_format_name, tag_name) VALUES ('Subtitles: Block Hardcoded-Burned-In', 'Blocking');
INSERT OR REPLACE INTO custom_format_conditions (custom_format_name, name, type, arr_type, negate, required) VALUES ('Subtitles: Block Hardcoded-Burned-In', 'Subtitles: Block Hardcoded-Burned-In', 'release_title', 'all', 0, 1);
INSERT OR REPLACE INTO condition_patterns (custom_format_name, condition_name, regular_expression_name) VALUES ('Subtitles: Block Hardcoded-Burned-In', 'Subtitles: Block Hardcoded-Burned-In', 'Subtitles: Block Hardcoded-Burned-In');
INSERT OR REPLACE INTO custom_formats (name, description, include_in_rename) VALUES ('Codec: AV1 Preferred', 'Second-place codec preference. AV1 is efficient, but the managed ladder keeps it behind x265/HEVC for broader client compatibility.', 0);
INSERT OR REPLACE INTO custom_format_tags (custom_format_name, tag_name) VALUES ('Codec: AV1 Preferred', 'Codec');
INSERT OR REPLACE INTO custom_format_tags (custom_format_name, tag_name) VALUES ('Codec: AV1 Preferred', 'Scoring');
INSERT OR REPLACE INTO custom_format_conditions (custom_format_name, name, type, arr_type, negate, required) VALUES ('Codec: AV1 Preferred', 'Codec: AV1 Preferred', 'release_title', 'all', 0, 1);
INSERT OR REPLACE INTO condition_patterns (custom_format_name, condition_name, regular_expression_name) VALUES ('Codec: AV1 Preferred', 'Codec: AV1 Preferred', 'Codec: AV1 Preferred');
INSERT OR REPLACE INTO custom_formats (name, description, include_in_rename) VALUES ('Codec: VVC-x266 Future', 'Third-place codec preference. H.266, x266, and VVC are recognized, but they stay below x265 and AV1 in every managed profile.', 0);
INSERT OR REPLACE INTO custom_format_tags (custom_format_name, tag_name) VALUES ('Codec: VVC-x266 Future', 'Codec');
INSERT OR REPLACE INTO custom_format_conditions (custom_format_name, name, type, arr_type, negate, required) VALUES ('Codec: VVC-x266 Future', 'Codec: VVC-x266 Future', 'release_title', 'all', 0, 1);
INSERT OR REPLACE INTO condition_patterns (custom_format_name, condition_name, regular_expression_name) VALUES ('Codec: VVC-x266 Future', 'Codec: VVC-x266 Future', 'Codec: VVC-x266 Future');
INSERT OR REPLACE INTO custom_formats (name, description, include_in_rename) VALUES ('Codec: HEVC-x265 Preferred', 'Primary codec preference across the managed profiles. x265, H.265, and HEVC are scored highest for the best balance of quality, size, and playback compatibility.', 0);
INSERT OR REPLACE INTO custom_format_tags (custom_format_name, tag_name) VALUES ('Codec: HEVC-x265 Preferred', 'Codec');
INSERT OR REPLACE INTO custom_format_tags (custom_format_name, tag_name) VALUES ('Codec: HEVC-x265 Preferred', 'Scoring');
INSERT OR REPLACE INTO custom_format_conditions (custom_format_name, name, type, arr_type, negate, required) VALUES ('Codec: HEVC-x265 Preferred', 'Codec: HEVC-x265 Preferred', 'release_title', 'all', 0, 1);
INSERT OR REPLACE INTO condition_patterns (custom_format_name, condition_name, regular_expression_name) VALUES ('Codec: HEVC-x265 Preferred', 'Codec: HEVC-x265 Preferred', 'Codec: HEVC-x265 Preferred');
INSERT OR REPLACE INTO custom_formats (name, description, include_in_rename) VALUES ('Video: 10-bit SDR / Main 10 Fallback', 'Soft fallback score for explicit 10-bit SDR / HEVC Main 10 style releases when HDR/Dolby Vision is not advertised. This helps profiles prefer 10-bit by itself after true HDR/DV options, without allowing weak sources to beat the BluRay target ladder.', 0);
INSERT OR REPLACE INTO custom_format_tags (custom_format_name, tag_name) VALUES ('Video: 10-bit SDR / Main 10 Fallback', 'Codec');
INSERT OR REPLACE INTO custom_format_tags (custom_format_name, tag_name) VALUES ('Video: 10-bit SDR / Main 10 Fallback', 'HDR / 4K');
INSERT OR REPLACE INTO custom_format_tags (custom_format_name, tag_name) VALUES ('Video: 10-bit SDR / Main 10 Fallback', 'Scoring');
INSERT OR REPLACE INTO custom_format_conditions (custom_format_name, name, type, arr_type, negate, required) VALUES ('Video: 10-bit SDR / Main 10 Fallback', 'Video: 10-bit SDR / Main 10 Fallback', 'release_title', 'all', 0, 1);
INSERT OR REPLACE INTO condition_patterns (custom_format_name, condition_name, regular_expression_name) VALUES ('Video: 10-bit SDR / Main 10 Fallback', 'Video: 10-bit SDR / Main 10 Fallback', 'Video: 10-bit SDR / Main 10 Fallback');
INSERT OR REPLACE INTO custom_formats (name, description, include_in_rename) VALUES ('Codec: x264-H264 Fallback or Penalty', 'Compatibility codec detector. In the smart movie profiles this is now a strong negative safety rail so x264 cannot replace an existing x265/AV1/VVC or compact 4K release. The looser catalog profile can still use it manually for hard-to-find movies.', 0);
INSERT OR REPLACE INTO custom_format_tags (custom_format_name, tag_name) VALUES ('Codec: x264-H264 Fallback or Penalty', 'Codec');
INSERT OR REPLACE INTO custom_format_tags (custom_format_name, tag_name) VALUES ('Codec: x264-H264 Fallback or Penalty', 'Blocking');
INSERT OR REPLACE INTO custom_format_tags (custom_format_name, tag_name) VALUES ('Codec: x264-H264 Fallback or Penalty', 'Scoring');
INSERT OR REPLACE INTO custom_format_conditions (custom_format_name, name, type, arr_type, negate, required) VALUES ('Codec: x264-H264 Fallback or Penalty', 'Codec: x264-H264 Fallback or Penalty', 'release_title', 'all', 0, 1);
INSERT OR REPLACE INTO condition_patterns (custom_format_name, condition_name, regular_expression_name) VALUES ('Codec: x264-H264 Fallback or Penalty', 'Codec: x264-H264 Fallback or Penalty', 'Codec: x264-H264 Fallback or Penalty');
INSERT OR REPLACE INTO custom_formats (name, description, include_in_rename) VALUES ('Source: Block Remux-Raw Disk', 'Heavy negative score for remux, BD remux, BR-DISK, BD-DISK, and raw HD style releases. Keeps the library from grabbing huge source-size files.', 0);
INSERT OR REPLACE INTO custom_format_tags (custom_format_name, tag_name) VALUES ('Source: Block Remux-Raw Disk', 'Blocking');
INSERT OR REPLACE INTO custom_format_conditions (custom_format_name, name, type, arr_type, negate, required) VALUES ('Source: Block Remux-Raw Disk', 'Source: Block Remux-Raw Disk', 'release_title', 'all', 0, 1);
INSERT OR REPLACE INTO condition_patterns (custom_format_name, condition_name, regular_expression_name) VALUES ('Source: Block Remux-Raw Disk', 'Source: Block Remux-Raw Disk', 'Source: Block Remux-Raw Disk');
INSERT OR REPLACE INTO custom_formats (name, description, include_in_rename) VALUES ('HDR: Base HDR Bonus', 'Base HDR bonus. Keeps HDR above SDR, while still letting the more specific Dolby Vision plus HDR and HDR10+ combinations rise higher.', 0);
INSERT OR REPLACE INTO custom_format_tags (custom_format_name, tag_name) VALUES ('HDR: Base HDR Bonus', 'HDR / 4K');
INSERT OR REPLACE INTO custom_format_tags (custom_format_name, tag_name) VALUES ('HDR: Base HDR Bonus', 'Scoring');
INSERT OR REPLACE INTO custom_format_conditions (custom_format_name, name, type, arr_type, negate, required) VALUES ('HDR: Base HDR Bonus', 'HDR: Base HDR Bonus', 'release_title', 'all', 0, 1);
INSERT OR REPLACE INTO condition_patterns (custom_format_name, condition_name, regular_expression_name) VALUES ('HDR: Base HDR Bonus', 'HDR: Base HDR Bonus', 'HDR: Base HDR Bonus');
INSERT OR REPLACE INTO custom_formats (name, description, include_in_rename) VALUES ('HDR: HDR10 Bonus', 'Extra HDR score for HDR10. This sits above generic HDR but below Dolby Vision paired with HDR and below HDR10+.', 0);
INSERT OR REPLACE INTO custom_format_tags (custom_format_name, tag_name) VALUES ('HDR: HDR10 Bonus', 'HDR / 4K');
INSERT OR REPLACE INTO custom_format_tags (custom_format_name, tag_name) VALUES ('HDR: HDR10 Bonus', 'Scoring');
INSERT OR REPLACE INTO custom_format_conditions (custom_format_name, name, type, arr_type, negate, required) VALUES ('HDR: HDR10 Bonus', 'HDR: HDR10 Bonus', 'release_title', 'all', 0, 1);
INSERT OR REPLACE INTO condition_patterns (custom_format_name, condition_name, regular_expression_name) VALUES ('HDR: HDR10 Bonus', 'HDR: HDR10 Bonus', 'HDR: HDR10 Bonus');
INSERT OR REPLACE INTO custom_formats (name, description, include_in_rename) VALUES ('HDR: HDR10+ Bonus', 'Top non-Dolby-Vision HDR bonus for HDR10+ and HDR10 Plus tags. Combined with Dolby Vision, this becomes the strongest HDR path.', 0);
INSERT OR REPLACE INTO custom_format_tags (custom_format_name, tag_name) VALUES ('HDR: HDR10+ Bonus', 'HDR / 4K');
INSERT OR REPLACE INTO custom_format_tags (custom_format_name, tag_name) VALUES ('HDR: HDR10+ Bonus', 'Scoring');
INSERT OR REPLACE INTO custom_format_conditions (custom_format_name, name, type, arr_type, negate, required) VALUES ('HDR: HDR10+ Bonus', 'HDR: HDR10+ Bonus', 'release_title', 'all', 0, 1);
INSERT OR REPLACE INTO condition_patterns (custom_format_name, condition_name, regular_expression_name) VALUES ('HDR: HDR10+ Bonus', 'HDR: HDR10+ Bonus', 'HDR: HDR10+ Bonus');
INSERT OR REPLACE INTO custom_formats (name, description, include_in_rename) VALUES ('HDR: Dolby Vision + HDR Bonus', 'Rewards Dolby Vision only when HDR, HDR10, or HDR10+ is also present. This builds the preferred Dolby Vision plus HDR ladders without overvaluing DV-only releases.', 0);
INSERT OR REPLACE INTO custom_format_tags (custom_format_name, tag_name) VALUES ('HDR: Dolby Vision + HDR Bonus', 'HDR / 4K');
INSERT OR REPLACE INTO custom_format_tags (custom_format_name, tag_name) VALUES ('HDR: Dolby Vision + HDR Bonus', 'Scoring');
INSERT OR REPLACE INTO custom_format_conditions (custom_format_name, name, type, arr_type, negate, required) VALUES ('HDR: Dolby Vision + HDR Bonus', 'HDR: Dolby Vision + HDR Bonus', 'release_title', 'all', 0, 1);
INSERT OR REPLACE INTO condition_patterns (custom_format_name, condition_name, regular_expression_name) VALUES ('HDR: Dolby Vision + HDR Bonus', 'HDR: Dolby Vision + HDR Bonus', 'HDR: Dolby Vision + HDR Bonus');
INSERT OR REPLACE INTO custom_formats (name, description, include_in_rename) VALUES ('HDR: Penalize SDR When HDR Expected', 'Visual-protection penalty for efficient-codec 1080p/2160p releases that do not advertise HDR, HDR10, HDR10+, DoVi, DV, or Dolby Vision. Movies use this strongly to stop SDR replacing HDR; Sonarr uses a lighter version because HDR is less common on shows.', 0);
INSERT OR REPLACE INTO custom_format_tags (custom_format_name, tag_name) VALUES ('HDR: Penalize SDR When HDR Expected', 'HDR / 4K');
INSERT OR REPLACE INTO custom_format_conditions (custom_format_name, name, type, arr_type, negate, required) VALUES ('HDR: Penalize SDR When HDR Expected', 'HDR: Penalize SDR When HDR Expected', 'release_title', 'all', 0, 1);
INSERT OR REPLACE INTO condition_patterns (custom_format_name, condition_name, regular_expression_name) VALUES ('HDR: Penalize SDR When HDR Expected', 'HDR: Penalize SDR When HDR Expected', 'HDR: Penalize SDR When HDR Expected');
INSERT OR REPLACE INTO custom_formats (name, description, include_in_rename) VALUES ('4K Gate: Block Missing HDR', 'Managed Smart Plex custom format. Matches release-title tokens and applies the profile score assigned in each curated quality profile.', 0);
INSERT OR REPLACE INTO custom_format_tags (custom_format_name, tag_name) VALUES ('4K Gate: Block Missing HDR', 'HDR / 4K');
INSERT OR REPLACE INTO custom_format_tags (custom_format_name, tag_name) VALUES ('4K Gate: Block Missing HDR', 'Blocking');
INSERT OR REPLACE INTO custom_format_conditions (custom_format_name, name, type, arr_type, negate, required) VALUES ('4K Gate: Block Missing HDR', '4K Gate: Block Missing HDR', 'release_title', 'all', 0, 1);
INSERT OR REPLACE INTO condition_patterns (custom_format_name, condition_name, regular_expression_name) VALUES ('4K Gate: Block Missing HDR', '4K Gate: Block Missing HDR', '4K Gate: Block Missing HDR');
INSERT OR REPLACE INTO custom_formats (name, description, include_in_rename) VALUES ('HDR: Dolby Vision Only Fallback', 'Small Dolby Vision-only fallback score. DV-only releases stay above SDR when necessary, but below every Dolby Vision plus HDR combination.', 0);
INSERT OR REPLACE INTO custom_format_tags (custom_format_name, tag_name) VALUES ('HDR: Dolby Vision Only Fallback', 'HDR / 4K');
INSERT OR REPLACE INTO custom_format_tags (custom_format_name, tag_name) VALUES ('HDR: Dolby Vision Only Fallback', 'Scoring');
INSERT OR REPLACE INTO custom_format_conditions (custom_format_name, name, type, arr_type, negate, required) VALUES ('HDR: Dolby Vision Only Fallback', 'HDR: Dolby Vision Only Fallback', 'release_title', 'all', 0, 1);
INSERT OR REPLACE INTO condition_patterns (custom_format_name, condition_name, regular_expression_name) VALUES ('HDR: Dolby Vision Only Fallback', 'HDR: Dolby Vision Only Fallback', 'HDR: Dolby Vision Only Fallback');
INSERT OR REPLACE INTO custom_formats (name, description, include_in_rename) VALUES ('Audio: 5.1 Surround Preferred', 'Primary surround-audio bonus for 5.1, 6-channel, and 5.1ch tags. This is the main compatibility target for a Plex setup built around a 5.1-capable soundbar.', 0);
INSERT OR REPLACE INTO custom_format_tags (custom_format_name, tag_name) VALUES ('Audio: 5.1 Surround Preferred', 'Audio');
INSERT OR REPLACE INTO custom_format_tags (custom_format_name, tag_name) VALUES ('Audio: 5.1 Surround Preferred', 'Scoring');
INSERT OR REPLACE INTO custom_format_conditions (custom_format_name, name, type, arr_type, negate, required) VALUES ('Audio: 5.1 Surround Preferred', 'Audio: 5.1 Surround Preferred', 'release_title', 'all', 0, 1);
INSERT OR REPLACE INTO condition_patterns (custom_format_name, condition_name, regular_expression_name) VALUES ('Audio: 5.1 Surround Preferred', 'Audio: 5.1 Surround Preferred', 'Audio: 5.1 Surround Preferred');
INSERT OR REPLACE INTO custom_formats (name, description, include_in_rename) VALUES ('Audio: Atmos Bonus', 'Top audio bonus for Dolby Atmos, DDP Atmos, EC3 JOC, and Atmos tags. Atmos is preferred when available because it still rides on a practical Dolby Digital Plus playback path.', 0);
INSERT OR REPLACE INTO custom_format_tags (custom_format_name, tag_name) VALUES ('Audio: Atmos Bonus', 'Audio');
INSERT OR REPLACE INTO custom_format_tags (custom_format_name, tag_name) VALUES ('Audio: Atmos Bonus', 'Scoring');
INSERT OR REPLACE INTO custom_format_conditions (custom_format_name, name, type, arr_type, negate, required) VALUES ('Audio: Atmos Bonus', 'Audio: Atmos Bonus', 'release_title', 'all', 0, 1);
INSERT OR REPLACE INTO condition_patterns (custom_format_name, condition_name, regular_expression_name) VALUES ('Audio: Atmos Bonus', 'Audio: Atmos Bonus', 'Audio: Atmos Bonus');
INSERT OR REPLACE INTO custom_formats (name, description, include_in_rename) VALUES ('Audio: EAC3-AC3 Preferred', 'Preferred Dolby audio-format bonus for EAC3, DDP, DD+, AC3, and Dolby Digital tags. These formats are highly compatible for Plex, eARC, and streaming-style playback.', 0);
INSERT OR REPLACE INTO custom_format_tags (custom_format_name, tag_name) VALUES ('Audio: EAC3-AC3 Preferred', 'Audio');
INSERT OR REPLACE INTO custom_format_tags (custom_format_name, tag_name) VALUES ('Audio: EAC3-AC3 Preferred', 'Scoring');
INSERT OR REPLACE INTO custom_format_conditions (custom_format_name, name, type, arr_type, negate, required) VALUES ('Audio: EAC3-AC3 Preferred', 'Audio: EAC3-AC3 Preferred', 'release_title', 'all', 0, 1);
INSERT OR REPLACE INTO condition_patterns (custom_format_name, condition_name, regular_expression_name) VALUES ('Audio: EAC3-AC3 Preferred', 'Audio: EAC3-AC3 Preferred', 'Audio: EAC3-AC3 Preferred');
INSERT OR REPLACE INTO custom_formats (name, description, include_in_rename) VALUES ('Audio: 6.1 Bonus', 'Secondary channel-layout bonus for 6.1 audio. It stays below the main 5.1 and Dolby-format preferences, but above 7.1 and stereo in the fallback ladder.', 0);
INSERT OR REPLACE INTO custom_format_tags (custom_format_name, tag_name) VALUES ('Audio: 6.1 Bonus', 'Audio');
INSERT OR REPLACE INTO custom_format_tags (custom_format_name, tag_name) VALUES ('Audio: 6.1 Bonus', 'Scoring');
INSERT OR REPLACE INTO custom_format_conditions (custom_format_name, name, type, arr_type, negate, required) VALUES ('Audio: 6.1 Bonus', 'Audio: 6.1 Bonus', 'release_title', 'all', 0, 1);
INSERT OR REPLACE INTO condition_patterns (custom_format_name, condition_name, regular_expression_name) VALUES ('Audio: 6.1 Bonus', 'Audio: 6.1 Bonus', 'Audio: 6.1 Bonus');
INSERT OR REPLACE INTO custom_formats (name, description, include_in_rename) VALUES ('Audio: 7.1 Bonus', 'Smaller channel-layout bonus for 7.1 audio. It remains below the 5.1-first compatibility target and below 6.1 in the current managed fallback order.', 0);
INSERT OR REPLACE INTO custom_format_tags (custom_format_name, tag_name) VALUES ('Audio: 7.1 Bonus', 'Audio');
INSERT OR REPLACE INTO custom_format_tags (custom_format_name, tag_name) VALUES ('Audio: 7.1 Bonus', 'Scoring');
INSERT OR REPLACE INTO custom_format_conditions (custom_format_name, name, type, arr_type, negate, required) VALUES ('Audio: 7.1 Bonus', 'Audio: 7.1 Bonus', 'release_title', 'all', 0, 1);
INSERT OR REPLACE INTO condition_patterns (custom_format_name, condition_name, regular_expression_name) VALUES ('Audio: 7.1 Bonus', 'Audio: 7.1 Bonus', 'Audio: 7.1 Bonus');
INSERT OR REPLACE INTO custom_formats (name, description, include_in_rename) VALUES ('Audio: AAC Fallback Marker', 'Lowest acceptable audio-codec lane. AAC remains allowed so weak fallback releases can still download, but it sits behind EAC3, AC3, DDP, and Atmos once those exist.', 0);
INSERT OR REPLACE INTO custom_format_tags (custom_format_name, tag_name) VALUES ('Audio: AAC Fallback Marker', 'Audio');
INSERT OR REPLACE INTO custom_format_tags (custom_format_name, tag_name) VALUES ('Audio: AAC Fallback Marker', 'Scoring');
INSERT OR REPLACE INTO custom_format_conditions (custom_format_name, name, type, arr_type, negate, required) VALUES ('Audio: AAC Fallback Marker', 'Audio: AAC Fallback Marker', 'release_title', 'all', 0, 1);
INSERT OR REPLACE INTO condition_patterns (custom_format_name, condition_name, regular_expression_name) VALUES ('Audio: AAC Fallback Marker', 'Audio: AAC Fallback Marker', 'Audio: AAC Fallback Marker');
INSERT OR REPLACE INTO custom_formats (name, description, include_in_rename) VALUES ('Audio: Stereo-2.0 Penalty', 'Bottom audio floor for stereo-style tags such as 2.0, 2.1, stereo, mono, and dual mono. These releases stay allowed at the minimum acceptable floor, while surround formats score higher.', 0);
INSERT OR REPLACE INTO custom_format_tags (custom_format_name, tag_name) VALUES ('Audio: Stereo-2.0 Penalty', 'Audio');
INSERT OR REPLACE INTO custom_format_tags (custom_format_name, tag_name) VALUES ('Audio: Stereo-2.0 Penalty', 'Blocking');
INSERT OR REPLACE INTO custom_format_conditions (custom_format_name, name, type, arr_type, negate, required) VALUES ('Audio: Stereo-2.0 Penalty', 'Audio: Stereo-2.0 Penalty', 'release_title', 'all', 0, 1);
INSERT OR REPLACE INTO condition_patterns (custom_format_name, condition_name, regular_expression_name) VALUES ('Audio: Stereo-2.0 Penalty', 'Audio: Stereo-2.0 Penalty', 'Audio: Stereo-2.0 Penalty');
INSERT OR REPLACE INTO custom_formats (name, description, include_in_rename) VALUES ('Audio: Lossless Size Penalty', 'Small space-awareness penalty for TrueHD, DTS-HD MA, FLAC, PCM, and LPCM. It is not a hard block, but it keeps practical EAC3/AC3 5.1 releases from losing to larger lossless-audio releases only because of audio size.', 0);
INSERT OR REPLACE INTO custom_format_tags (custom_format_name, tag_name) VALUES ('Audio: Lossless Size Penalty', 'Audio');
INSERT OR REPLACE INTO custom_format_tags (custom_format_name, tag_name) VALUES ('Audio: Lossless Size Penalty', 'Blocking');
INSERT OR REPLACE INTO custom_format_conditions (custom_format_name, name, type, arr_type, negate, required) VALUES ('Audio: Lossless Size Penalty', 'Audio: Lossless Size Penalty', 'release_title', 'all', 0, 1);
INSERT OR REPLACE INTO condition_patterns (custom_format_name, condition_name, regular_expression_name) VALUES ('Audio: Lossless Size Penalty', 'Audio: Lossless Size Penalty', 'Audio: Lossless Size Penalty');
INSERT OR REPLACE INTO custom_formats (name, description, include_in_rename) VALUES ('1080p: UHD BluRay Source Bonus', 'Small positive score for 1080p encodes sourced from UHD BluRay. This replaces the old accidental 4K bonus on 1080p UHD-source releases, so they get credit for the cleaner source without being treated as true 4K.', 0);
INSERT OR REPLACE INTO custom_format_tags (custom_format_name, tag_name) VALUES ('1080p: UHD BluRay Source Bonus', 'Scoring');
INSERT OR REPLACE INTO custom_format_conditions (custom_format_name, name, type, arr_type, negate, required) VALUES ('1080p: UHD BluRay Source Bonus', '1080p: UHD BluRay Source Bonus', 'release_title', 'all', 0, 1);
INSERT OR REPLACE INTO condition_patterns (custom_format_name, condition_name, regular_expression_name) VALUES ('1080p: UHD BluRay Source Bonus', '1080p: UHD BluRay Source Bonus', '1080p: UHD BluRay Source Bonus');
INSERT OR REPLACE INTO custom_formats (name, description, include_in_rename) VALUES ('1080p: HDR + Surround Preferred', '1080p-only preference for efficient-codec releases that advertise HDR or Dolby Vision and 5.1+ surround. This gives strong 1080p titles their own clean lane instead of borrowing 4K custom formats.', 0);
INSERT OR REPLACE INTO custom_format_tags (custom_format_name, tag_name) VALUES ('1080p: HDR + Surround Preferred', 'HDR / 4K');
INSERT OR REPLACE INTO custom_format_tags (custom_format_name, tag_name) VALUES ('1080p: HDR + Surround Preferred', 'Scoring');
INSERT OR REPLACE INTO custom_format_conditions (custom_format_name, name, type, arr_type, negate, required) VALUES ('1080p: HDR + Surround Preferred', '1080p: HDR + Surround Preferred', 'release_title', 'all', 0, 1);
INSERT OR REPLACE INTO condition_patterns (custom_format_name, condition_name, regular_expression_name) VALUES ('1080p: HDR + Surround Preferred', '1080p: HDR + Surround Preferred', '1080p: HDR + Surround Preferred');
INSERT OR REPLACE INTO custom_formats (name, description, include_in_rename) VALUES ('1080p: Efficient Encode Bonus', '1080p-only bonus for efficient codecs such as HEVC/x265, AV1, or VVC/x266. It never matches true 2160p or 4K titles.', 0);
INSERT OR REPLACE INTO custom_format_tags (custom_format_name, tag_name) VALUES ('1080p: Efficient Encode Bonus', 'Scoring');
INSERT OR REPLACE INTO custom_format_conditions (custom_format_name, name, type, arr_type, negate, required) VALUES ('1080p: Efficient Encode Bonus', '1080p: Efficient Encode Bonus', 'release_title', 'all', 0, 1);
INSERT OR REPLACE INTO condition_patterns (custom_format_name, condition_name, regular_expression_name) VALUES ('1080p: Efficient Encode Bonus', '1080p: Efficient Encode Bonus', '1080p: Efficient Encode Bonus');
INSERT OR REPLACE INTO custom_formats (name, description, include_in_rename) VALUES ('1080p: BluRay Preferred', '1080p-only source bonus for BluRay releases. This keeps 1080p BluRay preference separate from the true 4K UHD BluRay preference.', 0);
INSERT OR REPLACE INTO custom_format_tags (custom_format_name, tag_name) VALUES ('1080p: BluRay Preferred', 'Scoring');
INSERT OR REPLACE INTO custom_format_conditions (custom_format_name, name, type, arr_type, negate, required) VALUES ('1080p: BluRay Preferred', '1080p: BluRay Preferred', 'release_title', 'all', 0, 1);
INSERT OR REPLACE INTO condition_patterns (custom_format_name, condition_name, regular_expression_name) VALUES ('1080p: BluRay Preferred', '1080p: BluRay Preferred', '1080p: BluRay Preferred');
INSERT OR REPLACE INTO custom_formats (name, description, include_in_rename) VALUES ('1080p: WEB-DL Preferred', '1080p-only source bonus for WEB-DL releases. It helps rank clean 1080p WEB-DL fallbacks without applying any 4K-specific logic.', 0);
INSERT OR REPLACE INTO custom_format_tags (custom_format_name, tag_name) VALUES ('1080p: WEB-DL Preferred', 'Scoring');
INSERT OR REPLACE INTO custom_format_conditions (custom_format_name, name, type, arr_type, negate, required) VALUES ('1080p: WEB-DL Preferred', '1080p: WEB-DL Preferred', 'release_title', 'all', 0, 1);
INSERT OR REPLACE INTO condition_patterns (custom_format_name, condition_name, regular_expression_name) VALUES ('1080p: WEB-DL Preferred', '1080p: WEB-DL Preferred', '1080p: WEB-DL Preferred');
INSERT OR REPLACE INTO custom_formats (name, description, include_in_rename) VALUES ('1080p: WEBRip Source', '1080p-only WEBRip source detector. Strict movie profiles can penalize or block it, while relaxed catalog and series profiles can keep it as a weaker fallback without borrowing generic or 4K source formats.', 0);
INSERT OR REPLACE INTO custom_format_tags (custom_format_name, tag_name) VALUES ('1080p: WEBRip Source', 'Smart Plex');
INSERT OR REPLACE INTO custom_format_conditions (custom_format_name, name, type, arr_type, negate, required) VALUES ('1080p: WEBRip Source', '1080p: WEBRip Source', 'release_title', 'all', 0, 1);
INSERT OR REPLACE INTO condition_patterns (custom_format_name, condition_name, regular_expression_name) VALUES ('1080p: WEBRip Source', '1080p: WEBRip Source', '1080p: WEBRip Source');
INSERT OR REPLACE INTO custom_formats (name, description, include_in_rename) VALUES ('1080p: BDRip Source', '1080p-only BDRip source detector. It keeps 1080p BDRip handling separate from true BluRay and from 4K source rules.', 0);
INSERT OR REPLACE INTO custom_format_tags (custom_format_name, tag_name) VALUES ('1080p: BDRip Source', 'Smart Plex');
INSERT OR REPLACE INTO custom_format_conditions (custom_format_name, name, type, arr_type, negate, required) VALUES ('1080p: BDRip Source', '1080p: BDRip Source', 'release_title', 'all', 0, 1);
INSERT OR REPLACE INTO condition_patterns (custom_format_name, condition_name, regular_expression_name) VALUES ('1080p: BDRip Source', '1080p: BDRip Source', '1080p: BDRip Source');
INSERT OR REPLACE INTO custom_formats (name, description, include_in_rename) VALUES ('720p: HDR + Surround Preferred', '720p-only preference for efficient-codec releases that also advertise HDR/Dolby Vision and surround audio. Used mainly by relaxed catalog-style profiles.', 0);
INSERT OR REPLACE INTO custom_format_tags (custom_format_name, tag_name) VALUES ('720p: HDR + Surround Preferred', 'HDR / 4K');
INSERT OR REPLACE INTO custom_format_tags (custom_format_name, tag_name) VALUES ('720p: HDR + Surround Preferred', 'Scoring');
INSERT OR REPLACE INTO custom_format_conditions (custom_format_name, name, type, arr_type, negate, required) VALUES ('720p: HDR + Surround Preferred', '720p: HDR + Surround Preferred', 'release_title', 'all', 0, 1);
INSERT OR REPLACE INTO condition_patterns (custom_format_name, condition_name, regular_expression_name) VALUES ('720p: HDR + Surround Preferred', '720p: HDR + Surround Preferred', '720p: HDR + Surround Preferred');
INSERT OR REPLACE INTO custom_formats (name, description, include_in_rename) VALUES ('720p: Efficient Encode Bonus', '720p-only bonus for efficient codecs such as HEVC/x265, AV1, or VVC/x266. It never matches 1080p or true 4K titles.', 0);
INSERT OR REPLACE INTO custom_format_tags (custom_format_name, tag_name) VALUES ('720p: Efficient Encode Bonus', 'Scoring');
INSERT OR REPLACE INTO custom_format_conditions (custom_format_name, name, type, arr_type, negate, required) VALUES ('720p: Efficient Encode Bonus', '720p: Efficient Encode Bonus', 'release_title', 'all', 0, 1);
INSERT OR REPLACE INTO condition_patterns (custom_format_name, condition_name, regular_expression_name) VALUES ('720p: Efficient Encode Bonus', '720p: Efficient Encode Bonus', '720p: Efficient Encode Bonus');
INSERT OR REPLACE INTO custom_formats (name, description, include_in_rename) VALUES ('720p: BluRay Preferred', '720p-only BluRay source bonus. Keeps 720p BluRay ranking separate from 1080p and 4K BluRay rules.', 0);
INSERT OR REPLACE INTO custom_format_tags (custom_format_name, tag_name) VALUES ('720p: BluRay Preferred', 'Scoring');
INSERT OR REPLACE INTO custom_format_conditions (custom_format_name, name, type, arr_type, negate, required) VALUES ('720p: BluRay Preferred', '720p: BluRay Preferred', 'release_title', 'all', 0, 1);
INSERT OR REPLACE INTO condition_patterns (custom_format_name, condition_name, regular_expression_name) VALUES ('720p: BluRay Preferred', '720p: BluRay Preferred', '720p: BluRay Preferred');
INSERT OR REPLACE INTO custom_formats (name, description, include_in_rename) VALUES ('720p: WEB-DL Preferred', '720p-only WEB-DL source bonus for clean lower-resolution fallbacks.', 0);
INSERT OR REPLACE INTO custom_format_tags (custom_format_name, tag_name) VALUES ('720p: WEB-DL Preferred', 'Scoring');
INSERT OR REPLACE INTO custom_format_conditions (custom_format_name, name, type, arr_type, negate, required) VALUES ('720p: WEB-DL Preferred', '720p: WEB-DL Preferred', 'release_title', 'all', 0, 1);
INSERT OR REPLACE INTO condition_patterns (custom_format_name, condition_name, regular_expression_name) VALUES ('720p: WEB-DL Preferred', '720p: WEB-DL Preferred', '720p: WEB-DL Preferred');
INSERT OR REPLACE INTO custom_formats (name, description, include_in_rename) VALUES ('720p: WEBRip Source', '720p-only WEBRip source detector for relaxed catalog fallbacks. It does not apply to 1080p or 4K titles.', 0);
INSERT OR REPLACE INTO custom_format_tags (custom_format_name, tag_name) VALUES ('720p: WEBRip Source', 'Smart Plex');
INSERT OR REPLACE INTO custom_format_conditions (custom_format_name, name, type, arr_type, negate, required) VALUES ('720p: WEBRip Source', '720p: WEBRip Source', 'release_title', 'all', 0, 1);
INSERT OR REPLACE INTO condition_patterns (custom_format_name, condition_name, regular_expression_name) VALUES ('720p: WEBRip Source', '720p: WEBRip Source', '720p: WEBRip Source');
INSERT OR REPLACE INTO custom_formats (name, description, include_in_rename) VALUES ('720p: BDRip Source', '720p-only BDRip source detector for older or hard-to-find catalog releases.', 0);
INSERT OR REPLACE INTO custom_format_tags (custom_format_name, tag_name) VALUES ('720p: BDRip Source', 'Smart Plex');
INSERT OR REPLACE INTO custom_format_conditions (custom_format_name, name, type, arr_type, negate, required) VALUES ('720p: BDRip Source', '720p: BDRip Source', 'release_title', 'all', 0, 1);
INSERT OR REPLACE INTO condition_patterns (custom_format_name, condition_name, regular_expression_name) VALUES ('720p: BDRip Source', '720p: BDRip Source', '720p: BDRip Source');
INSERT OR REPLACE INTO custom_formats (name, description, include_in_rename) VALUES ('576p: HDR + Surround Preferred', '576p-only preference for rare lower-resolution HDR/surround releases. It stays isolated from 480p, 720p, 1080p, and 4K formats.', 0);
INSERT OR REPLACE INTO custom_format_tags (custom_format_name, tag_name) VALUES ('576p: HDR + Surround Preferred', 'HDR / 4K');
INSERT OR REPLACE INTO custom_format_tags (custom_format_name, tag_name) VALUES ('576p: HDR + Surround Preferred', 'Scoring');
INSERT OR REPLACE INTO custom_format_conditions (custom_format_name, name, type, arr_type, negate, required) VALUES ('576p: HDR + Surround Preferred', '576p: HDR + Surround Preferred', 'release_title', 'all', 0, 1);
INSERT OR REPLACE INTO condition_patterns (custom_format_name, condition_name, regular_expression_name) VALUES ('576p: HDR + Surround Preferred', '576p: HDR + Surround Preferred', '576p: HDR + Surround Preferred');
INSERT OR REPLACE INTO custom_formats (name, description, include_in_rename) VALUES ('576p: Efficient Encode Bonus', '576p-only efficient-codec bonus for archive/catalog releases.', 0);
INSERT OR REPLACE INTO custom_format_tags (custom_format_name, tag_name) VALUES ('576p: Efficient Encode Bonus', 'Scoring');
INSERT OR REPLACE INTO custom_format_conditions (custom_format_name, name, type, arr_type, negate, required) VALUES ('576p: Efficient Encode Bonus', '576p: Efficient Encode Bonus', 'release_title', 'all', 0, 1);
INSERT OR REPLACE INTO condition_patterns (custom_format_name, condition_name, regular_expression_name) VALUES ('576p: Efficient Encode Bonus', '576p: Efficient Encode Bonus', '576p: Efficient Encode Bonus');
INSERT OR REPLACE INTO custom_formats (name, description, include_in_rename) VALUES ('576p: BluRay Preferred', '576p-only BluRay source bonus for PAL/576p-style archive releases.', 0);
INSERT OR REPLACE INTO custom_format_tags (custom_format_name, tag_name) VALUES ('576p: BluRay Preferred', 'Scoring');
INSERT OR REPLACE INTO custom_format_conditions (custom_format_name, name, type, arr_type, negate, required) VALUES ('576p: BluRay Preferred', '576p: BluRay Preferred', 'release_title', 'all', 0, 1);
INSERT OR REPLACE INTO condition_patterns (custom_format_name, condition_name, regular_expression_name) VALUES ('576p: BluRay Preferred', '576p: BluRay Preferred', '576p: BluRay Preferred');
INSERT OR REPLACE INTO custom_formats (name, description, include_in_rename) VALUES ('576p: WEB-DL Preferred', '576p-only WEB-DL source bonus for lower-resolution catalog fallbacks.', 0);
INSERT OR REPLACE INTO custom_format_tags (custom_format_name, tag_name) VALUES ('576p: WEB-DL Preferred', 'Scoring');
INSERT OR REPLACE INTO custom_format_conditions (custom_format_name, name, type, arr_type, negate, required) VALUES ('576p: WEB-DL Preferred', '576p: WEB-DL Preferred', 'release_title', 'all', 0, 1);
INSERT OR REPLACE INTO condition_patterns (custom_format_name, condition_name, regular_expression_name) VALUES ('576p: WEB-DL Preferred', '576p: WEB-DL Preferred', '576p: WEB-DL Preferred');
INSERT OR REPLACE INTO custom_formats (name, description, include_in_rename) VALUES ('576p: WEBRip Source', '576p-only WEBRip source detector for archive/catalog scoring.', 0);
INSERT OR REPLACE INTO custom_format_tags (custom_format_name, tag_name) VALUES ('576p: WEBRip Source', 'Smart Plex');
INSERT OR REPLACE INTO custom_format_conditions (custom_format_name, name, type, arr_type, negate, required) VALUES ('576p: WEBRip Source', '576p: WEBRip Source', 'release_title', 'all', 0, 1);
INSERT OR REPLACE INTO condition_patterns (custom_format_name, condition_name, regular_expression_name) VALUES ('576p: WEBRip Source', '576p: WEBRip Source', '576p: WEBRip Source');
INSERT OR REPLACE INTO custom_formats (name, description, include_in_rename) VALUES ('576p: BDRip Source', '576p-only BDRip source detector for archive/catalog scoring.', 0);
INSERT OR REPLACE INTO custom_format_tags (custom_format_name, tag_name) VALUES ('576p: BDRip Source', 'Smart Plex');
INSERT OR REPLACE INTO custom_format_conditions (custom_format_name, name, type, arr_type, negate, required) VALUES ('576p: BDRip Source', '576p: BDRip Source', 'release_title', 'all', 0, 1);
INSERT OR REPLACE INTO condition_patterns (custom_format_name, condition_name, regular_expression_name) VALUES ('576p: BDRip Source', '576p: BDRip Source', '576p: BDRip Source');
INSERT OR REPLACE INTO custom_formats (name, description, include_in_rename) VALUES ('480p: HDR + Surround Preferred', '480p-only preference for rare low-resolution HDR/surround releases. Mostly useful for catalog scoring and remains isolated from higher resolutions.', 0);
INSERT OR REPLACE INTO custom_format_tags (custom_format_name, tag_name) VALUES ('480p: HDR + Surround Preferred', 'HDR / 4K');
INSERT OR REPLACE INTO custom_format_tags (custom_format_name, tag_name) VALUES ('480p: HDR + Surround Preferred', 'Scoring');
INSERT OR REPLACE INTO custom_format_conditions (custom_format_name, name, type, arr_type, negate, required) VALUES ('480p: HDR + Surround Preferred', '480p: HDR + Surround Preferred', 'release_title', 'all', 0, 1);
INSERT OR REPLACE INTO condition_patterns (custom_format_name, condition_name, regular_expression_name) VALUES ('480p: HDR + Surround Preferred', '480p: HDR + Surround Preferred', '480p: HDR + Surround Preferred');
INSERT OR REPLACE INTO custom_formats (name, description, include_in_rename) VALUES ('480p: Efficient Encode Bonus', '480p-only efficient-codec bonus for archive/catalog releases.', 0);
INSERT OR REPLACE INTO custom_format_tags (custom_format_name, tag_name) VALUES ('480p: Efficient Encode Bonus', 'Scoring');
INSERT OR REPLACE INTO custom_format_conditions (custom_format_name, name, type, arr_type, negate, required) VALUES ('480p: Efficient Encode Bonus', '480p: Efficient Encode Bonus', 'release_title', 'all', 0, 1);
INSERT OR REPLACE INTO condition_patterns (custom_format_name, condition_name, regular_expression_name) VALUES ('480p: Efficient Encode Bonus', '480p: Efficient Encode Bonus', '480p: Efficient Encode Bonus');
INSERT OR REPLACE INTO custom_formats (name, description, include_in_rename) VALUES ('480p: BluRay Preferred', '480p-only BluRay source bonus for older catalog or archive releases.', 0);
INSERT OR REPLACE INTO custom_format_tags (custom_format_name, tag_name) VALUES ('480p: BluRay Preferred', 'Scoring');
INSERT OR REPLACE INTO custom_format_conditions (custom_format_name, name, type, arr_type, negate, required) VALUES ('480p: BluRay Preferred', '480p: BluRay Preferred', 'release_title', 'all', 0, 1);
INSERT OR REPLACE INTO condition_patterns (custom_format_name, condition_name, regular_expression_name) VALUES ('480p: BluRay Preferred', '480p: BluRay Preferred', '480p: BluRay Preferred');
INSERT OR REPLACE INTO custom_formats (name, description, include_in_rename) VALUES ('480p: WEB-DL Preferred', '480p-only WEB-DL source bonus for low-resolution catalog fallbacks.', 0);
INSERT OR REPLACE INTO custom_format_tags (custom_format_name, tag_name) VALUES ('480p: WEB-DL Preferred', 'Scoring');
INSERT OR REPLACE INTO custom_format_conditions (custom_format_name, name, type, arr_type, negate, required) VALUES ('480p: WEB-DL Preferred', '480p: WEB-DL Preferred', 'release_title', 'all', 0, 1);
INSERT OR REPLACE INTO condition_patterns (custom_format_name, condition_name, regular_expression_name) VALUES ('480p: WEB-DL Preferred', '480p: WEB-DL Preferred', '480p: WEB-DL Preferred');
INSERT OR REPLACE INTO custom_formats (name, description, include_in_rename) VALUES ('480p: WEBRip Source', '480p-only WEBRip source detector for relaxed fallback scoring.', 0);
INSERT OR REPLACE INTO custom_format_tags (custom_format_name, tag_name) VALUES ('480p: WEBRip Source', 'Smart Plex');
INSERT OR REPLACE INTO custom_format_conditions (custom_format_name, name, type, arr_type, negate, required) VALUES ('480p: WEBRip Source', '480p: WEBRip Source', 'release_title', 'all', 0, 1);
INSERT OR REPLACE INTO condition_patterns (custom_format_name, condition_name, regular_expression_name) VALUES ('480p: WEBRip Source', '480p: WEBRip Source', '480p: WEBRip Source');
INSERT OR REPLACE INTO custom_formats (name, description, include_in_rename) VALUES ('480p: BDRip Source', '480p-only BDRip source detector for relaxed fallback scoring.', 0);
INSERT OR REPLACE INTO custom_format_tags (custom_format_name, tag_name) VALUES ('480p: BDRip Source', 'Smart Plex');
INSERT OR REPLACE INTO custom_format_conditions (custom_format_name, name, type, arr_type, negate, required) VALUES ('480p: BDRip Source', '480p: BDRip Source', 'release_title', 'all', 0, 1);
INSERT OR REPLACE INTO condition_patterns (custom_format_name, condition_name, regular_expression_name) VALUES ('480p: BDRip Source', '480p: BDRip Source', '480p: BDRip Source');
INSERT OR REPLACE INTO custom_formats (name, description, include_in_rename) VALUES ('4K: Block x264-H264', 'Heavy negative score for 4K or 2160p releases encoded as x264, H.264, or AVC. 4K should use a more efficient codec like HEVC, AV1, or VVC.', 0);
INSERT OR REPLACE INTO custom_format_tags (custom_format_name, tag_name) VALUES ('4K: Block x264-H264', 'HDR / 4K');
INSERT OR REPLACE INTO custom_format_tags (custom_format_name, tag_name) VALUES ('4K: Block x264-H264', 'Blocking');
INSERT OR REPLACE INTO custom_format_conditions (custom_format_name, name, type, arr_type, negate, required) VALUES ('4K: Block x264-H264', '4K: Block x264-H264', 'release_title', 'all', 0, 1);
INSERT OR REPLACE INTO condition_patterns (custom_format_name, condition_name, regular_expression_name) VALUES ('4K: Block x264-H264', '4K: Block x264-H264', '4K: Block x264-H264');
INSERT OR REPLACE INTO custom_formats (name, description, include_in_rename) VALUES ('4K: HDR + Surround Preferred', 'Positive compact-4K rule used by the 1080p-2160p profiles: rewards 4K releases only when they are efficient-codec, HDR/Dolby Vision, and have surround audio markers.', 0);
INSERT OR REPLACE INTO custom_format_tags (custom_format_name, tag_name) VALUES ('4K: HDR + Surround Preferred', 'HDR / 4K');
INSERT OR REPLACE INTO custom_format_tags (custom_format_name, tag_name) VALUES ('4K: HDR + Surround Preferred', 'Scoring');
INSERT OR REPLACE INTO custom_format_conditions (custom_format_name, name, type, arr_type, negate, required) VALUES ('4K: HDR + Surround Preferred', '4K: HDR + Surround Preferred', 'release_title', 'all', 0, 1);
INSERT OR REPLACE INTO condition_patterns (custom_format_name, condition_name, regular_expression_name) VALUES ('4K: HDR + Surround Preferred', '4K: HDR + Surround Preferred', '4K: HDR + Surround Preferred');
INSERT OR REPLACE INTO custom_formats (name, description, include_in_rename) VALUES ('4K: Efficient Encode Bonus', 'Rewards 4K releases that also use an efficient codec such as HEVC, x265, AV1, H.266, x266, or VVC.', 0);
INSERT OR REPLACE INTO custom_format_tags (custom_format_name, tag_name) VALUES ('4K: Efficient Encode Bonus', 'HDR / 4K');
INSERT OR REPLACE INTO custom_format_tags (custom_format_name, tag_name) VALUES ('4K: Efficient Encode Bonus', 'Scoring');
INSERT OR REPLACE INTO custom_format_conditions (custom_format_name, name, type, arr_type, negate, required) VALUES ('4K: Efficient Encode Bonus', '4K: Efficient Encode Bonus', 'release_title', 'all', 0, 1);
INSERT OR REPLACE INTO condition_patterns (custom_format_name, condition_name, regular_expression_name) VALUES ('4K: Efficient Encode Bonus', '4K: Efficient Encode Bonus', '4K: Efficient Encode Bonus');
INSERT OR REPLACE INTO custom_formats (name, description, include_in_rename) VALUES ('4K: UHD BluRay Preferred', 'Rewards 4K UHD BluRay or 4K BluRay source tags. Used to prefer cleaner 4K disc-sourced encodes when the file still fits the space-balanced rules.', 0);
INSERT OR REPLACE INTO custom_format_tags (custom_format_name, tag_name) VALUES ('4K: UHD BluRay Preferred', 'HDR / 4K');
INSERT OR REPLACE INTO custom_format_tags (custom_format_name, tag_name) VALUES ('4K: UHD BluRay Preferred', 'Scoring');
INSERT OR REPLACE INTO custom_format_conditions (custom_format_name, name, type, arr_type, negate, required) VALUES ('4K: UHD BluRay Preferred', '4K: UHD BluRay Preferred', 'release_title', 'all', 0, 1);
INSERT OR REPLACE INTO condition_patterns (custom_format_name, condition_name, regular_expression_name) VALUES ('4K: UHD BluRay Preferred', '4K: UHD BluRay Preferred', '4K: UHD BluRay Preferred');
INSERT OR REPLACE INTO custom_formats (name, description, include_in_rename) VALUES ('4K: WEB-DL Preferred', 'Rewards 4K WEB-DL source tags. Useful for compact, clean 2160p HDR releases that are often smaller than BluRay-derived encodes.', 0);
INSERT OR REPLACE INTO custom_format_tags (custom_format_name, tag_name) VALUES ('4K: WEB-DL Preferred', 'HDR / 4K');
INSERT OR REPLACE INTO custom_format_tags (custom_format_name, tag_name) VALUES ('4K: WEB-DL Preferred', 'Scoring');
INSERT OR REPLACE INTO custom_format_conditions (custom_format_name, name, type, arr_type, negate, required) VALUES ('4K: WEB-DL Preferred', '4K: WEB-DL Preferred', 'release_title', 'all', 0, 1);
INSERT OR REPLACE INTO condition_patterns (custom_format_name, condition_name, regular_expression_name) VALUES ('4K: WEB-DL Preferred', '4K: WEB-DL Preferred', '4K: WEB-DL Preferred');
INSERT OR REPLACE INTO custom_formats (name, description, include_in_rename) VALUES ('Movie Source: Block WEBRip', 'Legacy generic WEBRip detector kept for cleanup/compatibility. Current curated profiles use resolution-specific WEBRip source formats instead, so 1080p/720p/576p/480p/4K handling stays separate.', 0);
INSERT OR REPLACE INTO custom_format_tags (custom_format_name, tag_name) VALUES ('Movie Source: Block WEBRip', 'Blocking');
INSERT OR REPLACE INTO custom_format_tags (custom_format_name, tag_name) VALUES ('Movie Source: Block WEBRip', 'Movies');
INSERT OR REPLACE INTO custom_format_conditions (custom_format_name, name, type, arr_type, negate, required) VALUES ('Movie Source: Block WEBRip', 'Movie Source: Block WEBRip', 'release_title', 'all', 0, 1);
INSERT OR REPLACE INTO condition_patterns (custom_format_name, condition_name, regular_expression_name) VALUES ('Movie Source: Block WEBRip', 'Movie Source: Block WEBRip', 'Movie Source: Block WEBRip');
INSERT OR REPLACE INTO custom_formats (name, description, include_in_rename) VALUES ('Movie Source: Block BDRip', 'Legacy generic BDRip detector kept for cleanup/compatibility. Current curated profiles use resolution-specific BDRip source formats instead, so BDRip scoring can be strict for smart profiles and relaxed for catalog profiles.', 0);
INSERT OR REPLACE INTO custom_format_tags (custom_format_name, tag_name) VALUES ('Movie Source: Block BDRip', 'Blocking');
INSERT OR REPLACE INTO custom_format_tags (custom_format_name, tag_name) VALUES ('Movie Source: Block BDRip', 'Movies');
INSERT OR REPLACE INTO custom_format_conditions (custom_format_name, name, type, arr_type, negate, required) VALUES ('Movie Source: Block BDRip', 'Movie Source: Block BDRip', 'release_title', 'all', 0, 1);
INSERT OR REPLACE INTO condition_patterns (custom_format_name, condition_name, regular_expression_name) VALUES ('Movie Source: Block BDRip', 'Movie Source: Block BDRip', 'Movie Source: Block BDRip');
INSERT OR REPLACE INTO custom_formats (name, description, include_in_rename) VALUES ('4K Source: Block WEBRip', 'Hard reject for 4K WEBRip releases. The curated 4K lane should only keep clean WEB-DL or UHD BluRay style sources.', 0);
INSERT OR REPLACE INTO custom_format_tags (custom_format_name, tag_name) VALUES ('4K Source: Block WEBRip', 'HDR / 4K');
INSERT OR REPLACE INTO custom_format_tags (custom_format_name, tag_name) VALUES ('4K Source: Block WEBRip', 'Blocking');
INSERT OR REPLACE INTO custom_format_conditions (custom_format_name, name, type, arr_type, negate, required) VALUES ('4K Source: Block WEBRip', '4K Source: Block WEBRip', 'release_title', 'all', 0, 1);
INSERT OR REPLACE INTO condition_patterns (custom_format_name, condition_name, regular_expression_name) VALUES ('4K Source: Block WEBRip', '4K Source: Block WEBRip', '4K Source: Block WEBRip');
INSERT OR REPLACE INTO custom_formats (name, description, include_in_rename) VALUES ('4K Source: Block BDRip', 'Hard reject for 4K BDRip releases. Keeps the curated 4K lane focused on stronger WEB-DL and UHD BluRay style releases.', 0);
INSERT OR REPLACE INTO custom_format_tags (custom_format_name, tag_name) VALUES ('4K Source: Block BDRip', 'HDR / 4K');
INSERT OR REPLACE INTO custom_format_tags (custom_format_name, tag_name) VALUES ('4K Source: Block BDRip', 'Blocking');
INSERT OR REPLACE INTO custom_format_conditions (custom_format_name, name, type, arr_type, negate, required) VALUES ('4K Source: Block BDRip', '4K Source: Block BDRip', 'release_title', 'all', 0, 1);
INSERT OR REPLACE INTO condition_patterns (custom_format_name, condition_name, regular_expression_name) VALUES ('4K Source: Block BDRip', '4K Source: Block BDRip', '4K Source: Block BDRip');
INSERT OR REPLACE INTO custom_formats (name, description, include_in_rename) VALUES ('4K Audio: Block AAC-Only', 'Hard reject for 4K releases that only advertise AAC audio. The curated 4K lane expects stronger surround-friendly audio such as EAC3, AC3, DDP, or Atmos.', 0);
INSERT OR REPLACE INTO custom_format_tags (custom_format_name, tag_name) VALUES ('4K Audio: Block AAC-Only', 'HDR / 4K');
INSERT OR REPLACE INTO custom_format_tags (custom_format_name, tag_name) VALUES ('4K Audio: Block AAC-Only', 'Audio');
INSERT OR REPLACE INTO custom_format_tags (custom_format_name, tag_name) VALUES ('4K Audio: Block AAC-Only', 'Blocking');
INSERT OR REPLACE INTO custom_format_conditions (custom_format_name, name, type, arr_type, negate, required) VALUES ('4K Audio: Block AAC-Only', '4K Audio: Block AAC-Only', 'release_title', 'all', 0, 1);
INSERT OR REPLACE INTO condition_patterns (custom_format_name, condition_name, regular_expression_name) VALUES ('4K Audio: Block AAC-Only', '4K Audio: Block AAC-Only', '4K Audio: Block AAC-Only');
INSERT OR REPLACE INTO custom_formats (name, description, include_in_rename) VALUES ('4K Gate: Block Missing 5.1+ Surround', 'Dedicated 4K profile gate: heavy negative score for 4K releases that do not show 5.1/6.1/7.1 or a known surround-capable codec marker.', 0);
INSERT OR REPLACE INTO custom_format_tags (custom_format_name, tag_name) VALUES ('4K Gate: Block Missing 5.1+ Surround', 'HDR / 4K');
INSERT OR REPLACE INTO custom_format_tags (custom_format_name, tag_name) VALUES ('4K Gate: Block Missing 5.1+ Surround', 'Blocking');
INSERT OR REPLACE INTO custom_format_conditions (custom_format_name, name, type, arr_type, negate, required) VALUES ('4K Gate: Block Missing 5.1+ Surround', '4K Gate: Block Missing 5.1+ Surround', 'release_title', 'all', 0, 1);
INSERT OR REPLACE INTO condition_patterns (custom_format_name, condition_name, regular_expression_name) VALUES ('4K Gate: Block Missing 5.1+ Surround', '4K Gate: Block Missing 5.1+ Surround', '4K Gate: Block Missing 5.1+ Surround');
INSERT OR REPLACE INTO custom_formats (name, description, include_in_rename) VALUES ('Edition: IMAX', 'Managed Smart Plex custom format. Matches release-title tokens and applies the profile score assigned in each curated quality profile.', 0);
INSERT OR REPLACE INTO custom_format_tags (custom_format_name, tag_name) VALUES ('Edition: IMAX', 'Editions');
INSERT OR REPLACE INTO custom_format_conditions (custom_format_name, name, type, arr_type, negate, required) VALUES ('Edition: IMAX', 'Edition: IMAX', 'release_title', 'all', 0, 1);
INSERT OR REPLACE INTO condition_patterns (custom_format_name, condition_name, regular_expression_name) VALUES ('Edition: IMAX', 'Edition: IMAX', 'Edition: IMAX');
INSERT OR REPLACE INTO custom_formats (name, description, include_in_rename) VALUES ('Edition: IMAX Enhanced', 'Managed Smart Plex custom format. Matches release-title tokens and applies the profile score assigned in each curated quality profile.', 0);
INSERT OR REPLACE INTO custom_format_tags (custom_format_name, tag_name) VALUES ('Edition: IMAX Enhanced', 'Editions');
INSERT OR REPLACE INTO custom_format_conditions (custom_format_name, name, type, arr_type, negate, required) VALUES ('Edition: IMAX Enhanced', 'Edition: IMAX Enhanced', 'release_title', 'all', 0, 1);
INSERT OR REPLACE INTO condition_patterns (custom_format_name, condition_name, regular_expression_name) VALUES ('Edition: IMAX Enhanced', 'Edition: IMAX Enhanced', 'Edition: IMAX Enhanced');
INSERT OR REPLACE INTO custom_formats (name, description, include_in_rename) VALUES ('Edition: Open Matte', 'Managed Smart Plex custom format. Matches release-title tokens and applies the profile score assigned in each curated quality profile.', 0);
INSERT OR REPLACE INTO custom_format_tags (custom_format_name, tag_name) VALUES ('Edition: Open Matte', 'Editions');
INSERT OR REPLACE INTO custom_format_conditions (custom_format_name, name, type, arr_type, negate, required) VALUES ('Edition: Open Matte', 'Edition: Open Matte', 'release_title', 'all', 0, 1);
INSERT OR REPLACE INTO condition_patterns (custom_format_name, condition_name, regular_expression_name) VALUES ('Edition: Open Matte', 'Edition: Open Matte', 'Edition: Open Matte');
INSERT OR REPLACE INTO custom_formats (name, description, include_in_rename) VALUES ('Edition: VAR', 'Managed Smart Plex custom format. Matches release-title tokens and applies the profile score assigned in each curated quality profile.', 0);
INSERT OR REPLACE INTO custom_format_tags (custom_format_name, tag_name) VALUES ('Edition: VAR', 'Editions');
INSERT OR REPLACE INTO custom_format_conditions (custom_format_name, name, type, arr_type, negate, required) VALUES ('Edition: VAR', 'Edition: VAR', 'release_title', 'all', 0, 1);
INSERT OR REPLACE INTO condition_patterns (custom_format_name, condition_name, regular_expression_name) VALUES ('Edition: VAR', 'Edition: VAR', 'Edition: VAR');
INSERT OR REPLACE INTO custom_formats (name, description, include_in_rename) VALUES ('Edition: Expanded Ratio', 'Managed Smart Plex custom format. Matches release-title tokens and applies the profile score assigned in each curated quality profile.', 0);
INSERT OR REPLACE INTO custom_format_tags (custom_format_name, tag_name) VALUES ('Edition: Expanded Ratio', 'Editions');
INSERT OR REPLACE INTO custom_format_conditions (custom_format_name, name, type, arr_type, negate, required) VALUES ('Edition: Expanded Ratio', 'Edition: Expanded Ratio', 'release_title', 'all', 0, 1);
INSERT OR REPLACE INTO condition_patterns (custom_format_name, condition_name, regular_expression_name) VALUES ('Edition: Expanded Ratio', 'Edition: Expanded Ratio', 'Edition: Expanded Ratio');
INSERT OR REPLACE INTO custom_formats (name, description, include_in_rename) VALUES ('Edition: Remastered', 'Managed Smart Plex custom format. Matches release-title tokens and applies the profile score assigned in each curated quality profile.', 0);
INSERT OR REPLACE INTO custom_format_tags (custom_format_name, tag_name) VALUES ('Edition: Remastered', 'Editions');
INSERT OR REPLACE INTO custom_format_conditions (custom_format_name, name, type, arr_type, negate, required) VALUES ('Edition: Remastered', 'Edition: Remastered', 'release_title', 'all', 0, 1);
INSERT OR REPLACE INTO condition_patterns (custom_format_name, condition_name, regular_expression_name) VALUES ('Edition: Remastered', 'Edition: Remastered', 'Edition: Remastered');
INSERT OR REPLACE INTO custom_formats (name, description, include_in_rename) VALUES ('Edition: Restored', 'Managed Smart Plex custom format. Matches release-title tokens and applies the profile score assigned in each curated quality profile.', 0);
INSERT OR REPLACE INTO custom_format_tags (custom_format_name, tag_name) VALUES ('Edition: Restored', 'Editions');
INSERT OR REPLACE INTO custom_format_conditions (custom_format_name, name, type, arr_type, negate, required) VALUES ('Edition: Restored', 'Edition: Restored', 'release_title', 'all', 0, 1);
INSERT OR REPLACE INTO condition_patterns (custom_format_name, condition_name, regular_expression_name) VALUES ('Edition: Restored', 'Edition: Restored', 'Edition: Restored');
INSERT OR REPLACE INTO custom_formats (name, description, include_in_rename) VALUES ('Edition: 4K Scan', 'Managed Smart Plex custom format. Matches release-title tokens and applies the profile score assigned in each curated quality profile.', 0);
INSERT OR REPLACE INTO custom_format_tags (custom_format_name, tag_name) VALUES ('Edition: 4K Scan', 'HDR / 4K');
INSERT OR REPLACE INTO custom_format_tags (custom_format_name, tag_name) VALUES ('Edition: 4K Scan', 'Editions');
INSERT OR REPLACE INTO custom_format_conditions (custom_format_name, name, type, arr_type, negate, required) VALUES ('Edition: 4K Scan', 'Edition: 4K Scan', 'release_title', 'all', 0, 1);
INSERT OR REPLACE INTO condition_patterns (custom_format_name, condition_name, regular_expression_name) VALUES ('Edition: 4K Scan', 'Edition: 4K Scan', 'Edition: 4K Scan');
INSERT OR REPLACE INTO custom_formats (name, description, include_in_rename) VALUES ('Edition: Criterion', 'Managed Smart Plex custom format. Matches release-title tokens and applies the profile score assigned in each curated quality profile.', 0);
INSERT OR REPLACE INTO custom_format_tags (custom_format_name, tag_name) VALUES ('Edition: Criterion', 'Editions');
INSERT OR REPLACE INTO custom_format_conditions (custom_format_name, name, type, arr_type, negate, required) VALUES ('Edition: Criterion', 'Edition: Criterion', 'release_title', 'all', 0, 1);
INSERT OR REPLACE INTO condition_patterns (custom_format_name, condition_name, regular_expression_name) VALUES ('Edition: Criterion', 'Edition: Criterion', 'Edition: Criterion');
INSERT OR REPLACE INTO custom_formats (name, description, include_in_rename) VALUES ('Edition: Arrow', 'Managed Smart Plex custom format. Matches release-title tokens and applies the profile score assigned in each curated quality profile.', 0);
INSERT OR REPLACE INTO custom_format_tags (custom_format_name, tag_name) VALUES ('Edition: Arrow', 'Editions');
INSERT OR REPLACE INTO custom_format_conditions (custom_format_name, name, type, arr_type, negate, required) VALUES ('Edition: Arrow', 'Edition: Arrow', 'release_title', 'all', 0, 1);
INSERT OR REPLACE INTO condition_patterns (custom_format_name, condition_name, regular_expression_name) VALUES ('Edition: Arrow', 'Edition: Arrow', 'Edition: Arrow');
INSERT OR REPLACE INTO custom_formats (name, description, include_in_rename) VALUES ('Edition: Shout Factory', 'Managed Smart Plex custom format. Matches release-title tokens and applies the profile score assigned in each curated quality profile.', 0);
INSERT OR REPLACE INTO custom_format_tags (custom_format_name, tag_name) VALUES ('Edition: Shout Factory', 'Editions');
INSERT OR REPLACE INTO custom_format_conditions (custom_format_name, name, type, arr_type, negate, required) VALUES ('Edition: Shout Factory', 'Edition: Shout Factory', 'release_title', 'all', 0, 1);
INSERT OR REPLACE INTO condition_patterns (custom_format_name, condition_name, regular_expression_name) VALUES ('Edition: Shout Factory', 'Edition: Shout Factory', 'Edition: Shout Factory');
INSERT OR REPLACE INTO custom_formats (name, description, include_in_rename) VALUES ('Edition: StudioCanal', 'Managed Smart Plex custom format. Matches release-title tokens and applies the profile score assigned in each curated quality profile.', 0);
INSERT OR REPLACE INTO custom_format_tags (custom_format_name, tag_name) VALUES ('Edition: StudioCanal', 'Editions');
INSERT OR REPLACE INTO custom_format_conditions (custom_format_name, name, type, arr_type, negate, required) VALUES ('Edition: StudioCanal', 'Edition: StudioCanal', 'release_title', 'all', 0, 1);
INSERT OR REPLACE INTO condition_patterns (custom_format_name, condition_name, regular_expression_name) VALUES ('Edition: StudioCanal', 'Edition: StudioCanal', 'Edition: StudioCanal');
INSERT OR REPLACE INTO custom_formats (name, description, include_in_rename) VALUES ('Edition: New Transfer', 'Quality-edition bonus for New Transfer, New Master, New Scan, Newly Transferred, and Newly Scanned tags. It sits below IMAX/Remastered/Restored but above vague content-edition wording.', 0);
INSERT OR REPLACE INTO custom_format_tags (custom_format_name, tag_name) VALUES ('Edition: New Transfer', 'Editions');
INSERT OR REPLACE INTO custom_format_conditions (custom_format_name, name, type, arr_type, negate, required) VALUES ('Edition: New Transfer', 'Edition: New Transfer', 'release_title', 'all', 0, 1);
INSERT OR REPLACE INTO condition_patterns (custom_format_name, condition_name, regular_expression_name) VALUES ('Edition: New Transfer', 'Edition: New Transfer', 'Edition: New Transfer');
INSERT OR REPLACE INTO custom_formats (name, description, include_in_rename) VALUES ('Edition: Director''s Cut', 'Managed Smart Plex custom format. Matches release-title tokens and applies the profile score assigned in each curated quality profile.', 0);
INSERT OR REPLACE INTO custom_format_tags (custom_format_name, tag_name) VALUES ('Edition: Director''s Cut', 'Editions');
INSERT OR REPLACE INTO custom_format_conditions (custom_format_name, name, type, arr_type, negate, required) VALUES ('Edition: Director''s Cut', 'Edition: Director''s Cut', 'release_title', 'all', 0, 1);
INSERT OR REPLACE INTO condition_patterns (custom_format_name, condition_name, regular_expression_name) VALUES ('Edition: Director''s Cut', 'Edition: Director''s Cut', 'Edition: Director''s Cut');
INSERT OR REPLACE INTO custom_formats (name, description, include_in_rename) VALUES ('Edition: Final Cut', 'Managed Smart Plex custom format. Matches release-title tokens and applies the profile score assigned in each curated quality profile.', 0);
INSERT OR REPLACE INTO custom_format_tags (custom_format_name, tag_name) VALUES ('Edition: Final Cut', 'Editions');
INSERT OR REPLACE INTO custom_format_conditions (custom_format_name, name, type, arr_type, negate, required) VALUES ('Edition: Final Cut', 'Edition: Final Cut', 'release_title', 'all', 0, 1);
INSERT OR REPLACE INTO condition_patterns (custom_format_name, condition_name, regular_expression_name) VALUES ('Edition: Final Cut', 'Edition: Final Cut', 'Edition: Final Cut');
INSERT OR REPLACE INTO custom_formats (name, description, include_in_rename) VALUES ('Edition: Extended', 'Managed Smart Plex custom format. Matches release-title tokens and applies the profile score assigned in each curated quality profile.', 0);
INSERT OR REPLACE INTO custom_format_tags (custom_format_name, tag_name) VALUES ('Edition: Extended', 'Editions');
INSERT OR REPLACE INTO custom_format_conditions (custom_format_name, name, type, arr_type, negate, required) VALUES ('Edition: Extended', 'Edition: Extended', 'release_title', 'all', 0, 1);
INSERT OR REPLACE INTO condition_patterns (custom_format_name, condition_name, regular_expression_name) VALUES ('Edition: Extended', 'Edition: Extended', 'Edition: Extended');
INSERT OR REPLACE INTO custom_formats (name, description, include_in_rename) VALUES ('Edition: Ultimate Cut', 'Managed Smart Plex custom format. Matches release-title tokens and applies the profile score assigned in each curated quality profile.', 0);
INSERT OR REPLACE INTO custom_format_tags (custom_format_name, tag_name) VALUES ('Edition: Ultimate Cut', 'Editions');
INSERT OR REPLACE INTO custom_format_conditions (custom_format_name, name, type, arr_type, negate, required) VALUES ('Edition: Ultimate Cut', 'Edition: Ultimate Cut', 'release_title', 'all', 0, 1);
INSERT OR REPLACE INTO condition_patterns (custom_format_name, condition_name, regular_expression_name) VALUES ('Edition: Ultimate Cut', 'Edition: Ultimate Cut', 'Edition: Ultimate Cut');
INSERT OR REPLACE INTO custom_formats (name, description, include_in_rename) VALUES ('Edition: Unrated', 'Managed Smart Plex custom format. Matches release-title tokens and applies the profile score assigned in each curated quality profile.', 0);
INSERT OR REPLACE INTO custom_format_tags (custom_format_name, tag_name) VALUES ('Edition: Unrated', 'Editions');
INSERT OR REPLACE INTO custom_format_conditions (custom_format_name, name, type, arr_type, negate, required) VALUES ('Edition: Unrated', 'Edition: Unrated', 'release_title', 'all', 0, 1);
INSERT OR REPLACE INTO condition_patterns (custom_format_name, condition_name, regular_expression_name) VALUES ('Edition: Unrated', 'Edition: Unrated', 'Edition: Unrated');
INSERT OR REPLACE INTO custom_formats (name, description, include_in_rename) VALUES ('Edition: Special Edition', 'Managed Smart Plex custom format. Matches release-title tokens and applies the profile score assigned in each curated quality profile.', 0);
INSERT OR REPLACE INTO custom_format_tags (custom_format_name, tag_name) VALUES ('Edition: Special Edition', 'Editions');
INSERT OR REPLACE INTO custom_format_conditions (custom_format_name, name, type, arr_type, negate, required) VALUES ('Edition: Special Edition', 'Edition: Special Edition', 'release_title', 'all', 0, 1);
INSERT OR REPLACE INTO condition_patterns (custom_format_name, condition_name, regular_expression_name) VALUES ('Edition: Special Edition', 'Edition: Special Edition', 'Edition: Special Edition');
INSERT OR REPLACE INTO custom_formats (name, description, include_in_rename) VALUES ('Edition: Collector''s Edition', 'Managed Smart Plex custom format. Matches release-title tokens and applies the profile score assigned in each curated quality profile.', 0);
INSERT OR REPLACE INTO custom_format_tags (custom_format_name, tag_name) VALUES ('Edition: Collector''s Edition', 'Editions');
INSERT OR REPLACE INTO custom_format_conditions (custom_format_name, name, type, arr_type, negate, required) VALUES ('Edition: Collector''s Edition', 'Edition: Collector''s Edition', 'release_title', 'all', 0, 1);
INSERT OR REPLACE INTO condition_patterns (custom_format_name, condition_name, regular_expression_name) VALUES ('Edition: Collector''s Edition', 'Edition: Collector''s Edition', 'Edition: Collector''s Edition');
INSERT OR REPLACE INTO custom_formats (name, description, include_in_rename) VALUES ('Edition: Anniversary Edition', 'Managed Smart Plex custom format. Matches release-title tokens and applies the profile score assigned in each curated quality profile.', 0);
INSERT OR REPLACE INTO custom_format_tags (custom_format_name, tag_name) VALUES ('Edition: Anniversary Edition', 'Editions');
INSERT OR REPLACE INTO custom_format_conditions (custom_format_name, name, type, arr_type, negate, required) VALUES ('Edition: Anniversary Edition', 'Edition: Anniversary Edition', 'release_title', 'all', 0, 1);
INSERT OR REPLACE INTO condition_patterns (custom_format_name, condition_name, regular_expression_name) VALUES ('Edition: Anniversary Edition', 'Edition: Anniversary Edition', 'Edition: Anniversary Edition');
INSERT OR REPLACE INTO custom_formats (name, description, include_in_rename) VALUES ('Edition: Fan Edit', 'Managed Smart Plex custom format. Matches release-title tokens and applies the profile score assigned in each curated quality profile.', 0);
INSERT OR REPLACE INTO custom_format_tags (custom_format_name, tag_name) VALUES ('Edition: Fan Edit', 'Editions');
INSERT OR REPLACE INTO custom_format_conditions (custom_format_name, name, type, arr_type, negate, required) VALUES ('Edition: Fan Edit', 'Edition: Fan Edit', 'release_title', 'all', 0, 1);
INSERT OR REPLACE INTO condition_patterns (custom_format_name, condition_name, regular_expression_name) VALUES ('Edition: Fan Edit', 'Edition: Fan Edit', 'Edition: Fan Edit');
INSERT OR REPLACE INTO custom_formats (name, description, include_in_rename) VALUES ('Edition: Fan Restoration', 'Managed Smart Plex custom format. Matches release-title tokens and applies the profile score assigned in each curated quality profile.', 0);
INSERT OR REPLACE INTO custom_format_tags (custom_format_name, tag_name) VALUES ('Edition: Fan Restoration', 'Editions');
INSERT OR REPLACE INTO custom_format_conditions (custom_format_name, name, type, arr_type, negate, required) VALUES ('Edition: Fan Restoration', 'Edition: Fan Restoration', 'release_title', 'all', 0, 1);
INSERT OR REPLACE INTO condition_patterns (custom_format_name, condition_name, regular_expression_name) VALUES ('Edition: Fan Restoration', 'Edition: Fan Restoration', 'Edition: Fan Restoration');
INSERT OR REPLACE INTO custom_formats (name, description, include_in_rename) VALUES ('Edition: UpScale', 'Managed Smart Plex custom format. Matches release-title tokens and applies the profile score assigned in each curated quality profile.', 0);
INSERT OR REPLACE INTO custom_format_tags (custom_format_name, tag_name) VALUES ('Edition: UpScale', 'Editions');
INSERT OR REPLACE INTO custom_format_conditions (custom_format_name, name, type, arr_type, negate, required) VALUES ('Edition: UpScale', 'Edition: UpScale', 'release_title', 'all', 0, 1);
INSERT OR REPLACE INTO condition_patterns (custom_format_name, condition_name, regular_expression_name) VALUES ('Edition: UpScale', 'Edition: UpScale', 'Edition: UpScale');
INSERT OR REPLACE INTO custom_formats (name, description, include_in_rename) VALUES ('Release: Proper-Repack-Rerip', 'Modest release-fix bonus for PROPER, REPACK, RERIP, REAL.PROPER, and higher-version proper/repack tags. It is intentionally sized to fix same-tier releases without overpowering BluRay/source/HDR/audio scoring.', 0);
INSERT OR REPLACE INTO custom_format_tags (custom_format_name, tag_name) VALUES ('Release: Proper-Repack-Rerip', 'Release Fixes');
INSERT OR REPLACE INTO custom_format_conditions (custom_format_name, name, type, arr_type, negate, required) VALUES ('Release: Proper-Repack-Rerip', 'Release: Proper-Repack-Rerip', 'release_title', 'all', 0, 1);
INSERT OR REPLACE INTO condition_patterns (custom_format_name, condition_name, regular_expression_name) VALUES ('Release: Proper-Repack-Rerip', 'Release: Proper-Repack-Rerip', 'Release: Proper-Repack-Rerip');
