-- Alex_C.T Smart Plex modular Profilarr v2 PCD operations.
-- 06: Radarr movie quality profiles and custom-format scoring.
-- Requires 01 through 05.

-- Strict 1080p movie profile.
INSERT OR REPLACE INTO quality_profiles (name, description, upgrades_allowed, minimum_custom_format_score, upgrade_until_score, upgrade_score_increment) VALUES ('Alex_C.T - 1080p Plex Movies', 'Strict 1080p movie profile. Targets high-quality 1080p BluRay or WEB-DL releases with x265 preferred, Dolby Vision and HDR bonuses, strong surround audio, IMAX-first editions, and a heavy Spanish-language bias. Scoring is kept on a clean whole-number ladder that tops out around 1000 for ideal releases.', 1, 250, 1000, 10);
INSERT OR REPLACE INTO quality_profile_tags (quality_profile_name, tag_name) VALUES ('Alex_C.T - 1080p Plex Movies', 'Radarr');
INSERT OR REPLACE INTO quality_profile_tags (quality_profile_name, tag_name) VALUES ('Alex_C.T - 1080p Plex Movies', 'Movies');
INSERT OR REPLACE INTO quality_profile_tags (quality_profile_name, tag_name) VALUES ('Alex_C.T - 1080p Plex Movies', '1080p');
INSERT OR REPLACE INTO quality_profile_qualities (quality_profile_name, quality_name, position, enabled, upgrade_until) VALUES ('Alex_C.T - 1080p Plex Movies', 'Bluray-1080p', 1, 1, 1);
INSERT OR REPLACE INTO quality_profile_qualities (quality_profile_name, quality_name, position, enabled, upgrade_until) VALUES ('Alex_C.T - 1080p Plex Movies', 'WEBDL-1080p', 2, 1, 0);
INSERT OR REPLACE INTO quality_profile_custom_formats (quality_profile_name, custom_format_name, arr_type, score) VALUES ('Alex_C.T - 1080p Plex Movies', 'Language: Spanish Audio Marker', 'all', 240);
INSERT OR REPLACE INTO quality_profile_custom_formats (quality_profile_name, custom_format_name, arr_type, score) VALUES ('Alex_C.T - 1080p Plex Movies', 'Language: English Marker', 'all', 60);
INSERT OR REPLACE INTO quality_profile_custom_formats (quality_profile_name, custom_format_name, arr_type, score) VALUES ('Alex_C.T - 1080p Plex Movies', 'Language: Multi-Dual Audio Bonus', 'all', 20);
INSERT OR REPLACE INTO quality_profile_custom_formats (quality_profile_name, custom_format_name, arr_type, score) VALUES ('Alex_C.T - 1080p Plex Movies', 'Language: Block Other Languages', 'all', -50000);
INSERT OR REPLACE INTO quality_profile_custom_formats (quality_profile_name, custom_format_name, arr_type, score) VALUES ('Alex_C.T - 1080p Plex Movies', 'Subtitles: Spanish Bonus', 'all', 20);
INSERT OR REPLACE INTO quality_profile_custom_formats (quality_profile_name, custom_format_name, arr_type, score) VALUES ('Alex_C.T - 1080p Plex Movies', 'Subtitles: English Bonus', 'all', 10);
INSERT OR REPLACE INTO quality_profile_custom_formats (quality_profile_name, custom_format_name, arr_type, score) VALUES ('Alex_C.T - 1080p Plex Movies', 'Subtitles: Block Hardcoded-Burned-In', 'all', -50000);
INSERT OR REPLACE INTO quality_profile_custom_formats (quality_profile_name, custom_format_name, arr_type, score) VALUES ('Alex_C.T - 1080p Plex Movies', 'Codec: HEVC-x265 Preferred', 'all', 120);
INSERT OR REPLACE INTO quality_profile_custom_formats (quality_profile_name, custom_format_name, arr_type, score) VALUES ('Alex_C.T - 1080p Plex Movies', 'Codec: AV1 Preferred', 'all', 90);
INSERT OR REPLACE INTO quality_profile_custom_formats (quality_profile_name, custom_format_name, arr_type, score) VALUES ('Alex_C.T - 1080p Plex Movies', 'Codec: VVC-x266 Future', 'all', 60);
INSERT OR REPLACE INTO quality_profile_custom_formats (quality_profile_name, custom_format_name, arr_type, score) VALUES ('Alex_C.T - 1080p Plex Movies', 'Codec: x264-H264 Fallback or Penalty', 'all', -120);
INSERT OR REPLACE INTO quality_profile_custom_formats (quality_profile_name, custom_format_name, arr_type, score) VALUES ('Alex_C.T - 1080p Plex Movies', 'Video: 10-bit SDR / Main 10 Fallback', 'all', 40);
INSERT OR REPLACE INTO quality_profile_custom_formats (quality_profile_name, custom_format_name, arr_type, score) VALUES ('Alex_C.T - 1080p Plex Movies', 'HDR: Dolby Vision Bonus', 'all', 70);
INSERT OR REPLACE INTO quality_profile_custom_formats (quality_profile_name, custom_format_name, arr_type, score) VALUES ('Alex_C.T - 1080p Plex Movies', 'HDR: HDR10 Bonus', 'all', 20);
INSERT OR REPLACE INTO quality_profile_custom_formats (quality_profile_name, custom_format_name, arr_type, score) VALUES ('Alex_C.T - 1080p Plex Movies', 'HDR: HDR10+ Bonus', 'all', 30);
INSERT OR REPLACE INTO quality_profile_custom_formats (quality_profile_name, custom_format_name, arr_type, score) VALUES ('Alex_C.T - 1080p Plex Movies', 'HDR: Penalize SDR When HDR Expected', 'all', -100);
INSERT OR REPLACE INTO quality_profile_custom_formats (quality_profile_name, custom_format_name, arr_type, score) VALUES ('Alex_C.T - 1080p Plex Movies', 'Audio: Surround Bonus', 'all', 60);
INSERT OR REPLACE INTO quality_profile_custom_formats (quality_profile_name, custom_format_name, arr_type, score) VALUES ('Alex_C.T - 1080p Plex Movies', 'Audio: Atmos Bonus', 'all', 70);
INSERT OR REPLACE INTO quality_profile_custom_formats (quality_profile_name, custom_format_name, arr_type, score) VALUES ('Alex_C.T - 1080p Plex Movies', 'Audio: EAC3-AC3 Preferred', 'all', 30);
INSERT OR REPLACE INTO quality_profile_custom_formats (quality_profile_name, custom_format_name, arr_type, score) VALUES ('Alex_C.T - 1080p Plex Movies', 'Audio: Lossless Size Penalty', 'all', -20);
INSERT OR REPLACE INTO quality_profile_custom_formats (quality_profile_name, custom_format_name, arr_type, score) VALUES ('Alex_C.T - 1080p Plex Movies', 'Edition: IMAX', 'all', 100);
INSERT OR REPLACE INTO quality_profile_custom_formats (quality_profile_name, custom_format_name, arr_type, score) VALUES ('Alex_C.T - 1080p Plex Movies', 'Edition: IMAX Enhanced', 'all', 95);
INSERT OR REPLACE INTO quality_profile_custom_formats (quality_profile_name, custom_format_name, arr_type, score) VALUES ('Alex_C.T - 1080p Plex Movies', 'Edition: Director''s Cut', 'all', 50);
INSERT OR REPLACE INTO quality_profile_custom_formats (quality_profile_name, custom_format_name, arr_type, score) VALUES ('Alex_C.T - 1080p Plex Movies', 'Edition: Final Cut', 'all', 50);
INSERT OR REPLACE INTO quality_profile_custom_formats (quality_profile_name, custom_format_name, arr_type, score) VALUES ('Alex_C.T - 1080p Plex Movies', 'Edition: Extended', 'all', 40);
INSERT OR REPLACE INTO quality_profile_custom_formats (quality_profile_name, custom_format_name, arr_type, score) VALUES ('Alex_C.T - 1080p Plex Movies', 'Edition: Ultimate Cut', 'all', 40);
INSERT OR REPLACE INTO quality_profile_custom_formats (quality_profile_name, custom_format_name, arr_type, score) VALUES ('Alex_C.T - 1080p Plex Movies', 'Edition: Special Edition', 'all', 30);
INSERT OR REPLACE INTO quality_profile_custom_formats (quality_profile_name, custom_format_name, arr_type, score) VALUES ('Alex_C.T - 1080p Plex Movies', 'Edition: Expanded Ratio', 'all', 25);
INSERT OR REPLACE INTO quality_profile_custom_formats (quality_profile_name, custom_format_name, arr_type, score) VALUES ('Alex_C.T - 1080p Plex Movies', 'Edition: Open Matte', 'all', 25);
INSERT OR REPLACE INTO quality_profile_custom_formats (quality_profile_name, custom_format_name, arr_type, score) VALUES ('Alex_C.T - 1080p Plex Movies', 'Edition: VAR', 'all', 25);
INSERT OR REPLACE INTO quality_profile_custom_formats (quality_profile_name, custom_format_name, arr_type, score) VALUES ('Alex_C.T - 1080p Plex Movies', 'Edition: Remastered', 'all', 20);
INSERT OR REPLACE INTO quality_profile_custom_formats (quality_profile_name, custom_format_name, arr_type, score) VALUES ('Alex_C.T - 1080p Plex Movies', 'Edition: Restored', 'all', 20);
INSERT OR REPLACE INTO quality_profile_custom_formats (quality_profile_name, custom_format_name, arr_type, score) VALUES ('Alex_C.T - 1080p Plex Movies', 'Edition: 4K Scan', 'all', 20);
INSERT OR REPLACE INTO quality_profile_custom_formats (quality_profile_name, custom_format_name, arr_type, score) VALUES ('Alex_C.T - 1080p Plex Movies', 'Edition: New Transfer', 'all', 20);
INSERT OR REPLACE INTO quality_profile_custom_formats (quality_profile_name, custom_format_name, arr_type, score) VALUES ('Alex_C.T - 1080p Plex Movies', 'Edition: Unrated', 'all', 15);
INSERT OR REPLACE INTO quality_profile_custom_formats (quality_profile_name, custom_format_name, arr_type, score) VALUES ('Alex_C.T - 1080p Plex Movies', 'Edition: UpScale', 'all', -50);
INSERT OR REPLACE INTO quality_profile_custom_formats (quality_profile_name, custom_format_name, arr_type, score) VALUES ('Alex_C.T - 1080p Plex Movies', 'Edition: Fan Edit', 'all', -10000);
INSERT OR REPLACE INTO quality_profile_custom_formats (quality_profile_name, custom_format_name, arr_type, score) VALUES ('Alex_C.T - 1080p Plex Movies', 'Edition: Fan Restoration', 'all', -8000);
INSERT OR REPLACE INTO quality_profile_custom_formats (quality_profile_name, custom_format_name, arr_type, score) VALUES ('Alex_C.T - 1080p Plex Movies', 'Release: Proper-Repack-Rerip', 'all', 10);
INSERT OR REPLACE INTO quality_profile_custom_formats (quality_profile_name, custom_format_name, arr_type, score) VALUES ('Alex_C.T - 1080p Plex Movies', 'Source: Block Remux-Raw Disk', 'all', -50000);
INSERT OR REPLACE INTO quality_profile_custom_formats (quality_profile_name, custom_format_name, arr_type, score) VALUES ('Alex_C.T - 1080p Plex Movies', '1080p: UHD BluRay Source Bonus', 'all', 40);
INSERT OR REPLACE INTO quality_profile_custom_formats (quality_profile_name, custom_format_name, arr_type, score) VALUES ('Alex_C.T - 1080p Plex Movies', '1080p: BluRay Preferred', 'all', 100);
INSERT OR REPLACE INTO quality_profile_custom_formats (quality_profile_name, custom_format_name, arr_type, score) VALUES ('Alex_C.T - 1080p Plex Movies', '1080p: WEB-DL Preferred', 'all', 80);
INSERT OR REPLACE INTO quality_profile_custom_formats (quality_profile_name, custom_format_name, arr_type, score) VALUES ('Alex_C.T - 1080p Plex Movies', '1080p: WEBRip Source', 'all', -50000);
INSERT OR REPLACE INTO quality_profile_custom_formats (quality_profile_name, custom_format_name, arr_type, score) VALUES ('Alex_C.T - 1080p Plex Movies', '1080p: BDRip Source', 'all', -50000);

-- Strict 4K movie profile.
INSERT OR REPLACE INTO quality_profiles (name, description, upgrades_allowed, minimum_custom_format_score, upgrade_until_score, upgrade_score_increment) VALUES ('Alex_C.T - 4K Plex Movies', 'Strict 4K movie profile. Targets the cleanest 2160p BluRay and WEB-DL releases with x265 preferred, Dolby Vision and HDR bonuses, strong surround audio, IMAX-first editions, and a heavy Spanish-language bias. The score ladder stays on the same whole-number movie scale so it can be tuned alongside the 1080p profile.', 1, 300, 1000, 10);
INSERT OR REPLACE INTO quality_profile_tags (quality_profile_name, tag_name) VALUES ('Alex_C.T - 4K Plex Movies', 'Radarr');
INSERT OR REPLACE INTO quality_profile_tags (quality_profile_name, tag_name) VALUES ('Alex_C.T - 4K Plex Movies', 'Movies');
INSERT OR REPLACE INTO quality_profile_tags (quality_profile_name, tag_name) VALUES ('Alex_C.T - 4K Plex Movies', '4K');
INSERT OR REPLACE INTO quality_profile_qualities (quality_profile_name, quality_name, position, enabled, upgrade_until) VALUES ('Alex_C.T - 4K Plex Movies', 'Bluray-2160p', 1, 1, 1);
INSERT OR REPLACE INTO quality_profile_qualities (quality_profile_name, quality_name, position, enabled, upgrade_until) VALUES ('Alex_C.T - 4K Plex Movies', 'WEBDL-2160p', 2, 1, 0);
INSERT OR REPLACE INTO quality_profile_custom_formats (quality_profile_name, custom_format_name, arr_type, score) VALUES ('Alex_C.T - 4K Plex Movies', 'Language: Spanish Audio Marker', 'all', 240);
INSERT OR REPLACE INTO quality_profile_custom_formats (quality_profile_name, custom_format_name, arr_type, score) VALUES ('Alex_C.T - 4K Plex Movies', 'Language: English Marker', 'all', 60);
INSERT OR REPLACE INTO quality_profile_custom_formats (quality_profile_name, custom_format_name, arr_type, score) VALUES ('Alex_C.T - 4K Plex Movies', 'Language: Multi-Dual Audio Bonus', 'all', 20);
INSERT OR REPLACE INTO quality_profile_custom_formats (quality_profile_name, custom_format_name, arr_type, score) VALUES ('Alex_C.T - 4K Plex Movies', 'Language: Block Other Languages', 'all', -50000);
INSERT OR REPLACE INTO quality_profile_custom_formats (quality_profile_name, custom_format_name, arr_type, score) VALUES ('Alex_C.T - 4K Plex Movies', 'Subtitles: Spanish Bonus', 'all', 20);
INSERT OR REPLACE INTO quality_profile_custom_formats (quality_profile_name, custom_format_name, arr_type, score) VALUES ('Alex_C.T - 4K Plex Movies', 'Subtitles: English Bonus', 'all', 10);
INSERT OR REPLACE INTO quality_profile_custom_formats (quality_profile_name, custom_format_name, arr_type, score) VALUES ('Alex_C.T - 4K Plex Movies', 'Subtitles: Block Hardcoded-Burned-In', 'all', -50000);
INSERT OR REPLACE INTO quality_profile_custom_formats (quality_profile_name, custom_format_name, arr_type, score) VALUES ('Alex_C.T - 4K Plex Movies', 'Codec: HEVC-x265 Preferred', 'all', 120);
INSERT OR REPLACE INTO quality_profile_custom_formats (quality_profile_name, custom_format_name, arr_type, score) VALUES ('Alex_C.T - 4K Plex Movies', 'Codec: AV1 Preferred', 'all', 90);
INSERT OR REPLACE INTO quality_profile_custom_formats (quality_profile_name, custom_format_name, arr_type, score) VALUES ('Alex_C.T - 4K Plex Movies', 'Codec: VVC-x266 Future', 'all', 60);
INSERT OR REPLACE INTO quality_profile_custom_formats (quality_profile_name, custom_format_name, arr_type, score) VALUES ('Alex_C.T - 4K Plex Movies', 'HDR: Dolby Vision Bonus', 'all', 70);
INSERT OR REPLACE INTO quality_profile_custom_formats (quality_profile_name, custom_format_name, arr_type, score) VALUES ('Alex_C.T - 4K Plex Movies', 'HDR: HDR10 Bonus', 'all', 20);
INSERT OR REPLACE INTO quality_profile_custom_formats (quality_profile_name, custom_format_name, arr_type, score) VALUES ('Alex_C.T - 4K Plex Movies', 'HDR: HDR10+ Bonus', 'all', 30);
INSERT OR REPLACE INTO quality_profile_custom_formats (quality_profile_name, custom_format_name, arr_type, score) VALUES ('Alex_C.T - 4K Plex Movies', 'HDR: Penalize SDR When HDR Expected', 'all', -100);
INSERT OR REPLACE INTO quality_profile_custom_formats (quality_profile_name, custom_format_name, arr_type, score) VALUES ('Alex_C.T - 4K Plex Movies', 'Audio: Surround Bonus', 'all', 60);
INSERT OR REPLACE INTO quality_profile_custom_formats (quality_profile_name, custom_format_name, arr_type, score) VALUES ('Alex_C.T - 4K Plex Movies', 'Audio: Atmos Bonus', 'all', 70);
INSERT OR REPLACE INTO quality_profile_custom_formats (quality_profile_name, custom_format_name, arr_type, score) VALUES ('Alex_C.T - 4K Plex Movies', 'Audio: EAC3-AC3 Preferred', 'all', 30);
INSERT OR REPLACE INTO quality_profile_custom_formats (quality_profile_name, custom_format_name, arr_type, score) VALUES ('Alex_C.T - 4K Plex Movies', 'Audio: Lossless Size Penalty', 'all', -20);
INSERT OR REPLACE INTO quality_profile_custom_formats (quality_profile_name, custom_format_name, arr_type, score) VALUES ('Alex_C.T - 4K Plex Movies', 'Edition: IMAX', 'all', 100);
INSERT OR REPLACE INTO quality_profile_custom_formats (quality_profile_name, custom_format_name, arr_type, score) VALUES ('Alex_C.T - 4K Plex Movies', 'Edition: IMAX Enhanced', 'all', 95);
INSERT OR REPLACE INTO quality_profile_custom_formats (quality_profile_name, custom_format_name, arr_type, score) VALUES ('Alex_C.T - 4K Plex Movies', 'Edition: Director''s Cut', 'all', 50);
INSERT OR REPLACE INTO quality_profile_custom_formats (quality_profile_name, custom_format_name, arr_type, score) VALUES ('Alex_C.T - 4K Plex Movies', 'Edition: Final Cut', 'all', 50);
INSERT OR REPLACE INTO quality_profile_custom_formats (quality_profile_name, custom_format_name, arr_type, score) VALUES ('Alex_C.T - 4K Plex Movies', 'Edition: Extended', 'all', 40);
INSERT OR REPLACE INTO quality_profile_custom_formats (quality_profile_name, custom_format_name, arr_type, score) VALUES ('Alex_C.T - 4K Plex Movies', 'Edition: Ultimate Cut', 'all', 40);
INSERT OR REPLACE INTO quality_profile_custom_formats (quality_profile_name, custom_format_name, arr_type, score) VALUES ('Alex_C.T - 4K Plex Movies', 'Edition: Special Edition', 'all', 30);
INSERT OR REPLACE INTO quality_profile_custom_formats (quality_profile_name, custom_format_name, arr_type, score) VALUES ('Alex_C.T - 4K Plex Movies', 'Edition: Expanded Ratio', 'all', 25);
INSERT OR REPLACE INTO quality_profile_custom_formats (quality_profile_name, custom_format_name, arr_type, score) VALUES ('Alex_C.T - 4K Plex Movies', 'Edition: Open Matte', 'all', 25);
INSERT OR REPLACE INTO quality_profile_custom_formats (quality_profile_name, custom_format_name, arr_type, score) VALUES ('Alex_C.T - 4K Plex Movies', 'Edition: VAR', 'all', 25);
INSERT OR REPLACE INTO quality_profile_custom_formats (quality_profile_name, custom_format_name, arr_type, score) VALUES ('Alex_C.T - 4K Plex Movies', 'Edition: Remastered', 'all', 20);
INSERT OR REPLACE INTO quality_profile_custom_formats (quality_profile_name, custom_format_name, arr_type, score) VALUES ('Alex_C.T - 4K Plex Movies', 'Edition: Restored', 'all', 20);
INSERT OR REPLACE INTO quality_profile_custom_formats (quality_profile_name, custom_format_name, arr_type, score) VALUES ('Alex_C.T - 4K Plex Movies', 'Edition: 4K Scan', 'all', 20);
INSERT OR REPLACE INTO quality_profile_custom_formats (quality_profile_name, custom_format_name, arr_type, score) VALUES ('Alex_C.T - 4K Plex Movies', 'Edition: New Transfer', 'all', 20);
INSERT OR REPLACE INTO quality_profile_custom_formats (quality_profile_name, custom_format_name, arr_type, score) VALUES ('Alex_C.T - 4K Plex Movies', 'Edition: Unrated', 'all', 15);
INSERT OR REPLACE INTO quality_profile_custom_formats (quality_profile_name, custom_format_name, arr_type, score) VALUES ('Alex_C.T - 4K Plex Movies', 'Edition: UpScale', 'all', -50);
INSERT OR REPLACE INTO quality_profile_custom_formats (quality_profile_name, custom_format_name, arr_type, score) VALUES ('Alex_C.T - 4K Plex Movies', 'Edition: Fan Edit', 'all', -10000);
INSERT OR REPLACE INTO quality_profile_custom_formats (quality_profile_name, custom_format_name, arr_type, score) VALUES ('Alex_C.T - 4K Plex Movies', 'Edition: Fan Restoration', 'all', -8000);
INSERT OR REPLACE INTO quality_profile_custom_formats (quality_profile_name, custom_format_name, arr_type, score) VALUES ('Alex_C.T - 4K Plex Movies', 'Release: Proper-Repack-Rerip', 'all', 10);
INSERT OR REPLACE INTO quality_profile_custom_formats (quality_profile_name, custom_format_name, arr_type, score) VALUES ('Alex_C.T - 4K Plex Movies', 'Source: Block Remux-Raw Disk', 'all', -50000);
INSERT OR REPLACE INTO quality_profile_custom_formats (quality_profile_name, custom_format_name, arr_type, score) VALUES ('Alex_C.T - 4K Plex Movies', '4K: UHD BluRay Preferred', 'all', 120);
INSERT OR REPLACE INTO quality_profile_custom_formats (quality_profile_name, custom_format_name, arr_type, score) VALUES ('Alex_C.T - 4K Plex Movies', '4K: WEB-DL Preferred', 'all', 90);
INSERT OR REPLACE INTO quality_profile_custom_formats (quality_profile_name, custom_format_name, arr_type, score) VALUES ('Alex_C.T - 4K Plex Movies', '4K: Block x264-H264', 'all', -50000);
INSERT OR REPLACE INTO quality_profile_custom_formats (quality_profile_name, custom_format_name, arr_type, score) VALUES ('Alex_C.T - 4K Plex Movies', '4K Source: Block BDRip', 'all', -50000);
INSERT OR REPLACE INTO quality_profile_custom_formats (quality_profile_name, custom_format_name, arr_type, score) VALUES ('Alex_C.T - 4K Plex Movies', '4K Source: Block WEBRip', 'all', -50000);
INSERT OR REPLACE INTO quality_profile_custom_formats (quality_profile_name, custom_format_name, arr_type, score) VALUES ('Alex_C.T - 4K Plex Movies', '4K Audio: Block AAC-Only', 'all', -50000);
INSERT OR REPLACE INTO quality_profile_custom_formats (quality_profile_name, custom_format_name, arr_type, score) VALUES ('Alex_C.T - 4K Plex Movies', '4K Gate: Block Missing HDR', 'all', -50000);
INSERT OR REPLACE INTO quality_profile_custom_formats (quality_profile_name, custom_format_name, arr_type, score) VALUES ('Alex_C.T - 4K Plex Movies', '4K Gate: Block Missing 5.1+ Surround', 'all', -50000);

-- Relaxed catalog movie profile.
INSERT OR REPLACE INTO quality_profiles (name, description, upgrades_allowed, minimum_custom_format_score, upgrade_until_score, upgrade_score_increment) VALUES ('Alex_C.T - Catalog 480p-1080p Plex Movies', 'Relaxed catalog movie profile for older or hard-to-find titles. It still prefers clean sources, x265, Dolby Vision or HDR, strong surround audio, IMAX-friendly editions, and Spanish-friendly releases, but it allows lower-scoring 480p through 1080p options when better copies do not exist.', 1, 0, 1000, 10);
INSERT OR REPLACE INTO quality_profile_tags (quality_profile_name, tag_name) VALUES ('Alex_C.T - Catalog 480p-1080p Plex Movies', 'Radarr');
INSERT OR REPLACE INTO quality_profile_tags (quality_profile_name, tag_name) VALUES ('Alex_C.T - Catalog 480p-1080p Plex Movies', 'Movies');
INSERT OR REPLACE INTO quality_profile_tags (quality_profile_name, tag_name) VALUES ('Alex_C.T - Catalog 480p-1080p Plex Movies', '1080p');
INSERT OR REPLACE INTO quality_profile_tags (quality_profile_name, tag_name) VALUES ('Alex_C.T - Catalog 480p-1080p Plex Movies', 'Catalog');
INSERT OR REPLACE INTO quality_profile_qualities (quality_profile_name, quality_name, position, enabled, upgrade_until) VALUES ('Alex_C.T - Catalog 480p-1080p Plex Movies', 'Bluray-1080p', 1, 1, 1);
INSERT OR REPLACE INTO quality_groups (quality_profile_name, name) VALUES ('Alex_C.T - Catalog 480p-1080p Plex Movies', 'WEB 1080p');
INSERT OR REPLACE INTO quality_group_members (quality_profile_name, quality_group_name, quality_name) VALUES ('Alex_C.T - Catalog 480p-1080p Plex Movies', 'WEB 1080p', 'WEBDL-1080p');
INSERT OR REPLACE INTO quality_group_members (quality_profile_name, quality_group_name, quality_name) VALUES ('Alex_C.T - Catalog 480p-1080p Plex Movies', 'WEB 1080p', 'WEBRip-1080p');
INSERT OR REPLACE INTO quality_profile_qualities (quality_profile_name, quality_group_name, position, enabled, upgrade_until) VALUES ('Alex_C.T - Catalog 480p-1080p Plex Movies', 'WEB 1080p', 2, 1, 0);
INSERT OR REPLACE INTO quality_profile_qualities (quality_profile_name, quality_name, position, enabled, upgrade_until) VALUES ('Alex_C.T - Catalog 480p-1080p Plex Movies', 'Bluray-720p', 3, 1, 0);
INSERT OR REPLACE INTO quality_groups (quality_profile_name, name) VALUES ('Alex_C.T - Catalog 480p-1080p Plex Movies', 'WEB 720p');
INSERT OR REPLACE INTO quality_group_members (quality_profile_name, quality_group_name, quality_name) VALUES ('Alex_C.T - Catalog 480p-1080p Plex Movies', 'WEB 720p', 'WEBDL-720p');
INSERT OR REPLACE INTO quality_group_members (quality_profile_name, quality_group_name, quality_name) VALUES ('Alex_C.T - Catalog 480p-1080p Plex Movies', 'WEB 720p', 'WEBRip-720p');
INSERT OR REPLACE INTO quality_profile_qualities (quality_profile_name, quality_group_name, position, enabled, upgrade_until) VALUES ('Alex_C.T - Catalog 480p-1080p Plex Movies', 'WEB 720p', 4, 1, 0);
INSERT OR REPLACE INTO quality_profile_qualities (quality_profile_name, quality_name, position, enabled, upgrade_until) VALUES ('Alex_C.T - Catalog 480p-1080p Plex Movies', 'Bluray-576p', 5, 1, 0);
INSERT OR REPLACE INTO quality_profile_qualities (quality_profile_name, quality_name, position, enabled, upgrade_until) VALUES ('Alex_C.T - Catalog 480p-1080p Plex Movies', 'Bluray-480p', 6, 1, 0);
INSERT OR REPLACE INTO quality_groups (quality_profile_name, name) VALUES ('Alex_C.T - Catalog 480p-1080p Plex Movies', 'WEB 480p');
INSERT OR REPLACE INTO quality_group_members (quality_profile_name, quality_group_name, quality_name) VALUES ('Alex_C.T - Catalog 480p-1080p Plex Movies', 'WEB 480p', 'WEBDL-480p');
INSERT OR REPLACE INTO quality_group_members (quality_profile_name, quality_group_name, quality_name) VALUES ('Alex_C.T - Catalog 480p-1080p Plex Movies', 'WEB 480p', 'WEBRip-480p');
INSERT OR REPLACE INTO quality_profile_qualities (quality_profile_name, quality_group_name, position, enabled, upgrade_until) VALUES ('Alex_C.T - Catalog 480p-1080p Plex Movies', 'WEB 480p', 7, 1, 0);
INSERT OR REPLACE INTO quality_profile_qualities (quality_profile_name, quality_name, position, enabled, upgrade_until) VALUES ('Alex_C.T - Catalog 480p-1080p Plex Movies', 'DVD', 8, 1, 0);
INSERT OR REPLACE INTO quality_profile_custom_formats (quality_profile_name, custom_format_name, arr_type, score) VALUES ('Alex_C.T - Catalog 480p-1080p Plex Movies', 'Language: Spanish Audio Marker', 'all', 220);
INSERT OR REPLACE INTO quality_profile_custom_formats (quality_profile_name, custom_format_name, arr_type, score) VALUES ('Alex_C.T - Catalog 480p-1080p Plex Movies', 'Language: English Marker', 'all', 60);
INSERT OR REPLACE INTO quality_profile_custom_formats (quality_profile_name, custom_format_name, arr_type, score) VALUES ('Alex_C.T - Catalog 480p-1080p Plex Movies', 'Language: Multi-Dual Audio Bonus', 'all', 20);
INSERT OR REPLACE INTO quality_profile_custom_formats (quality_profile_name, custom_format_name, arr_type, score) VALUES ('Alex_C.T - Catalog 480p-1080p Plex Movies', 'Language: Block Other Languages', 'all', -50000);
INSERT OR REPLACE INTO quality_profile_custom_formats (quality_profile_name, custom_format_name, arr_type, score) VALUES ('Alex_C.T - Catalog 480p-1080p Plex Movies', 'Subtitles: Spanish Bonus', 'all', 20);
INSERT OR REPLACE INTO quality_profile_custom_formats (quality_profile_name, custom_format_name, arr_type, score) VALUES ('Alex_C.T - Catalog 480p-1080p Plex Movies', 'Subtitles: English Bonus', 'all', 10);
INSERT OR REPLACE INTO quality_profile_custom_formats (quality_profile_name, custom_format_name, arr_type, score) VALUES ('Alex_C.T - Catalog 480p-1080p Plex Movies', 'Subtitles: Block Hardcoded-Burned-In', 'all', -50000);
INSERT OR REPLACE INTO quality_profile_custom_formats (quality_profile_name, custom_format_name, arr_type, score) VALUES ('Alex_C.T - Catalog 480p-1080p Plex Movies', 'Codec: HEVC-x265 Preferred', 'all', 100);
INSERT OR REPLACE INTO quality_profile_custom_formats (quality_profile_name, custom_format_name, arr_type, score) VALUES ('Alex_C.T - Catalog 480p-1080p Plex Movies', 'Codec: AV1 Preferred', 'all', 75);
INSERT OR REPLACE INTO quality_profile_custom_formats (quality_profile_name, custom_format_name, arr_type, score) VALUES ('Alex_C.T - Catalog 480p-1080p Plex Movies', 'Codec: VVC-x266 Future', 'all', 50);
INSERT OR REPLACE INTO quality_profile_custom_formats (quality_profile_name, custom_format_name, arr_type, score) VALUES ('Alex_C.T - Catalog 480p-1080p Plex Movies', 'Codec: x264-H264 Fallback or Penalty', 'all', -40);
INSERT OR REPLACE INTO quality_profile_custom_formats (quality_profile_name, custom_format_name, arr_type, score) VALUES ('Alex_C.T - Catalog 480p-1080p Plex Movies', 'Video: 10-bit SDR / Main 10 Fallback', 'all', 30);
INSERT OR REPLACE INTO quality_profile_custom_formats (quality_profile_name, custom_format_name, arr_type, score) VALUES ('Alex_C.T - Catalog 480p-1080p Plex Movies', 'HDR: Dolby Vision Bonus', 'all', 60);
INSERT OR REPLACE INTO quality_profile_custom_formats (quality_profile_name, custom_format_name, arr_type, score) VALUES ('Alex_C.T - Catalog 480p-1080p Plex Movies', 'HDR: HDR10 Bonus', 'all', 20);
INSERT OR REPLACE INTO quality_profile_custom_formats (quality_profile_name, custom_format_name, arr_type, score) VALUES ('Alex_C.T - Catalog 480p-1080p Plex Movies', 'HDR: HDR10+ Bonus', 'all', 25);
INSERT OR REPLACE INTO quality_profile_custom_formats (quality_profile_name, custom_format_name, arr_type, score) VALUES ('Alex_C.T - Catalog 480p-1080p Plex Movies', 'HDR: Penalize SDR When HDR Expected', 'all', -60);
INSERT OR REPLACE INTO quality_profile_custom_formats (quality_profile_name, custom_format_name, arr_type, score) VALUES ('Alex_C.T - Catalog 480p-1080p Plex Movies', 'Audio: Surround Bonus', 'all', 55);
INSERT OR REPLACE INTO quality_profile_custom_formats (quality_profile_name, custom_format_name, arr_type, score) VALUES ('Alex_C.T - Catalog 480p-1080p Plex Movies', 'Audio: Atmos Bonus', 'all', 65);
INSERT OR REPLACE INTO quality_profile_custom_formats (quality_profile_name, custom_format_name, arr_type, score) VALUES ('Alex_C.T - Catalog 480p-1080p Plex Movies', 'Audio: EAC3-AC3 Preferred', 'all', 25);
INSERT OR REPLACE INTO quality_profile_custom_formats (quality_profile_name, custom_format_name, arr_type, score) VALUES ('Alex_C.T - Catalog 480p-1080p Plex Movies', 'Audio: Lossless Size Penalty', 'all', -10);
INSERT OR REPLACE INTO quality_profile_custom_formats (quality_profile_name, custom_format_name, arr_type, score) VALUES ('Alex_C.T - Catalog 480p-1080p Plex Movies', 'Edition: IMAX', 'all', 100);
INSERT OR REPLACE INTO quality_profile_custom_formats (quality_profile_name, custom_format_name, arr_type, score) VALUES ('Alex_C.T - Catalog 480p-1080p Plex Movies', 'Edition: IMAX Enhanced', 'all', 95);
INSERT OR REPLACE INTO quality_profile_custom_formats (quality_profile_name, custom_format_name, arr_type, score) VALUES ('Alex_C.T - Catalog 480p-1080p Plex Movies', 'Edition: Director''s Cut', 'all', 50);
INSERT OR REPLACE INTO quality_profile_custom_formats (quality_profile_name, custom_format_name, arr_type, score) VALUES ('Alex_C.T - Catalog 480p-1080p Plex Movies', 'Edition: Final Cut', 'all', 50);
INSERT OR REPLACE INTO quality_profile_custom_formats (quality_profile_name, custom_format_name, arr_type, score) VALUES ('Alex_C.T - Catalog 480p-1080p Plex Movies', 'Edition: Extended', 'all', 40);
INSERT OR REPLACE INTO quality_profile_custom_formats (quality_profile_name, custom_format_name, arr_type, score) VALUES ('Alex_C.T - Catalog 480p-1080p Plex Movies', 'Edition: Ultimate Cut', 'all', 40);
INSERT OR REPLACE INTO quality_profile_custom_formats (quality_profile_name, custom_format_name, arr_type, score) VALUES ('Alex_C.T - Catalog 480p-1080p Plex Movies', 'Edition: Special Edition', 'all', 30);
INSERT OR REPLACE INTO quality_profile_custom_formats (quality_profile_name, custom_format_name, arr_type, score) VALUES ('Alex_C.T - Catalog 480p-1080p Plex Movies', 'Edition: Expanded Ratio', 'all', 25);
INSERT OR REPLACE INTO quality_profile_custom_formats (quality_profile_name, custom_format_name, arr_type, score) VALUES ('Alex_C.T - Catalog 480p-1080p Plex Movies', 'Edition: Open Matte', 'all', 25);
INSERT OR REPLACE INTO quality_profile_custom_formats (quality_profile_name, custom_format_name, arr_type, score) VALUES ('Alex_C.T - Catalog 480p-1080p Plex Movies', 'Edition: VAR', 'all', 25);
INSERT OR REPLACE INTO quality_profile_custom_formats (quality_profile_name, custom_format_name, arr_type, score) VALUES ('Alex_C.T - Catalog 480p-1080p Plex Movies', 'Edition: Remastered', 'all', 20);
INSERT OR REPLACE INTO quality_profile_custom_formats (quality_profile_name, custom_format_name, arr_type, score) VALUES ('Alex_C.T - Catalog 480p-1080p Plex Movies', 'Edition: Restored', 'all', 20);
INSERT OR REPLACE INTO quality_profile_custom_formats (quality_profile_name, custom_format_name, arr_type, score) VALUES ('Alex_C.T - Catalog 480p-1080p Plex Movies', 'Edition: 4K Scan', 'all', 20);
INSERT OR REPLACE INTO quality_profile_custom_formats (quality_profile_name, custom_format_name, arr_type, score) VALUES ('Alex_C.T - Catalog 480p-1080p Plex Movies', 'Edition: New Transfer', 'all', 20);
INSERT OR REPLACE INTO quality_profile_custom_formats (quality_profile_name, custom_format_name, arr_type, score) VALUES ('Alex_C.T - Catalog 480p-1080p Plex Movies', 'Edition: Unrated', 'all', 15);
INSERT OR REPLACE INTO quality_profile_custom_formats (quality_profile_name, custom_format_name, arr_type, score) VALUES ('Alex_C.T - Catalog 480p-1080p Plex Movies', 'Edition: UpScale', 'all', -30);
INSERT OR REPLACE INTO quality_profile_custom_formats (quality_profile_name, custom_format_name, arr_type, score) VALUES ('Alex_C.T - Catalog 480p-1080p Plex Movies', 'Edition: Fan Edit', 'all', -10000);
INSERT OR REPLACE INTO quality_profile_custom_formats (quality_profile_name, custom_format_name, arr_type, score) VALUES ('Alex_C.T - Catalog 480p-1080p Plex Movies', 'Edition: Fan Restoration', 'all', -8000);
INSERT OR REPLACE INTO quality_profile_custom_formats (quality_profile_name, custom_format_name, arr_type, score) VALUES ('Alex_C.T - Catalog 480p-1080p Plex Movies', 'Release: Proper-Repack-Rerip', 'all', 10);
INSERT OR REPLACE INTO quality_profile_custom_formats (quality_profile_name, custom_format_name, arr_type, score) VALUES ('Alex_C.T - Catalog 480p-1080p Plex Movies', 'Source: Block Remux-Raw Disk', 'all', -50000);
INSERT OR REPLACE INTO quality_profile_custom_formats (quality_profile_name, custom_format_name, arr_type, score) VALUES ('Alex_C.T - Catalog 480p-1080p Plex Movies', '1080p: UHD BluRay Source Bonus', 'all', 25);
INSERT OR REPLACE INTO quality_profile_custom_formats (quality_profile_name, custom_format_name, arr_type, score) VALUES ('Alex_C.T - Catalog 480p-1080p Plex Movies', '1080p: BluRay Preferred', 'all', 70);
INSERT OR REPLACE INTO quality_profile_custom_formats (quality_profile_name, custom_format_name, arr_type, score) VALUES ('Alex_C.T - Catalog 480p-1080p Plex Movies', '1080p: WEB-DL Preferred', 'all', 55);
INSERT OR REPLACE INTO quality_profile_custom_formats (quality_profile_name, custom_format_name, arr_type, score) VALUES ('Alex_C.T - Catalog 480p-1080p Plex Movies', '1080p: WEBRip Source', 'all', 20);
INSERT OR REPLACE INTO quality_profile_custom_formats (quality_profile_name, custom_format_name, arr_type, score) VALUES ('Alex_C.T - Catalog 480p-1080p Plex Movies', '1080p: BDRip Source', 'all', 15);
INSERT OR REPLACE INTO quality_profile_custom_formats (quality_profile_name, custom_format_name, arr_type, score) VALUES ('Alex_C.T - Catalog 480p-1080p Plex Movies', '720p: BluRay Preferred', 'all', 50);
INSERT OR REPLACE INTO quality_profile_custom_formats (quality_profile_name, custom_format_name, arr_type, score) VALUES ('Alex_C.T - Catalog 480p-1080p Plex Movies', '720p: WEB-DL Preferred', 'all', 35);
INSERT OR REPLACE INTO quality_profile_custom_formats (quality_profile_name, custom_format_name, arr_type, score) VALUES ('Alex_C.T - Catalog 480p-1080p Plex Movies', '720p: WEBRip Source', 'all', 15);
INSERT OR REPLACE INTO quality_profile_custom_formats (quality_profile_name, custom_format_name, arr_type, score) VALUES ('Alex_C.T - Catalog 480p-1080p Plex Movies', '720p: BDRip Source', 'all', 10);
INSERT OR REPLACE INTO quality_profile_custom_formats (quality_profile_name, custom_format_name, arr_type, score) VALUES ('Alex_C.T - Catalog 480p-1080p Plex Movies', '576p: BluRay Preferred', 'all', 35);
INSERT OR REPLACE INTO quality_profile_custom_formats (quality_profile_name, custom_format_name, arr_type, score) VALUES ('Alex_C.T - Catalog 480p-1080p Plex Movies', '576p: WEB-DL Preferred', 'all', 20);
INSERT OR REPLACE INTO quality_profile_custom_formats (quality_profile_name, custom_format_name, arr_type, score) VALUES ('Alex_C.T - Catalog 480p-1080p Plex Movies', '576p: WEBRip Source', 'all', 8);
INSERT OR REPLACE INTO quality_profile_custom_formats (quality_profile_name, custom_format_name, arr_type, score) VALUES ('Alex_C.T - Catalog 480p-1080p Plex Movies', '576p: BDRip Source', 'all', 5);
INSERT OR REPLACE INTO quality_profile_custom_formats (quality_profile_name, custom_format_name, arr_type, score) VALUES ('Alex_C.T - Catalog 480p-1080p Plex Movies', '480p: BluRay Preferred', 'all', 25);
INSERT OR REPLACE INTO quality_profile_custom_formats (quality_profile_name, custom_format_name, arr_type, score) VALUES ('Alex_C.T - Catalog 480p-1080p Plex Movies', '480p: WEB-DL Preferred', 'all', 15);
INSERT OR REPLACE INTO quality_profile_custom_formats (quality_profile_name, custom_format_name, arr_type, score) VALUES ('Alex_C.T - Catalog 480p-1080p Plex Movies', '480p: WEBRip Source', 'all', 5);
INSERT OR REPLACE INTO quality_profile_custom_formats (quality_profile_name, custom_format_name, arr_type, score) VALUES ('Alex_C.T - Catalog 480p-1080p Plex Movies', '480p: BDRip Source', 'all', 3);
