-- Alex_C.T modular Profilarr v4 PCD operations.
-- 06: Source-quality and release-fix regexes, custom formats, conditions, and bindings.
-- Requires 01.

INSERT OR REPLACE INTO regular_expressions (name, pattern, description) VALUES ('1080p: UHD BluRay Source Bonus', '(?i)^(?=.*\b1080p\b)(?=.*\b(?:uhd[ ._-]?blu[ ._-]?ray|uhd[ ._-]?bluray)\b)(?!.*\b(?:2160p|4k)\b).*$', 'Small positive score for 1080p encodes sourced from UHD BluRay. This replaces the old accidental 4K bonus on 1080p UHD-source releases, so they get credit for the cleaner source without being treated as true 4K.');
INSERT OR REPLACE INTO regular_expression_tags (regular_expression_name, tag_name) VALUES ('1080p: UHD BluRay Source Bonus', 'Scoring');
INSERT OR REPLACE INTO regular_expressions (name, pattern, description) VALUES ('1080p: BluRay Preferred', '(?i)^(?=.*\b1080p\b)(?!.*\b(?:2160p|4k)\b)(?=.*\b(?:blu[ ._-]?ray|bluray)\b).*$', '1080p-only source bonus for BluRay releases. This keeps 1080p BluRay preference separate from the true 4K UHD BluRay preference.');
INSERT OR REPLACE INTO regular_expression_tags (regular_expression_name, tag_name) VALUES ('1080p: BluRay Preferred', 'Scoring');
INSERT OR REPLACE INTO regular_expressions (name, pattern, description) VALUES ('1080p: WEB-DL Preferred', '(?i)^(?=.*\b1080p\b)(?!.*\b(?:2160p|4k)\b)(?=.*\b(?:web[ ._-]?dl|webdl)\b).*$', '1080p-only source bonus for WEB-DL releases. It helps rank clean 1080p WEB-DL fallbacks without applying any 4K-specific logic.');
INSERT OR REPLACE INTO regular_expression_tags (regular_expression_name, tag_name) VALUES ('1080p: WEB-DL Preferred', 'Scoring');
INSERT OR REPLACE INTO regular_expressions (name, pattern, description) VALUES ('1080p: WEBRip Source', '(?i)^(?=.*\b1080p\b)(?!.*\b(?:2160p|4k)\b)(?=.*\b(?:web[ ._-]?rip|webrip)\b).*$', '1080p-only WEBRip source detector. Strict movie profiles can penalize or block it, while relaxed catalog and series profiles can keep it as a weaker fallback without borrowing generic or 4K source formats.');
INSERT OR REPLACE INTO regular_expression_tags (regular_expression_name, tag_name) VALUES ('1080p: WEBRip Source', 'Media Server');
INSERT OR REPLACE INTO regular_expressions (name, pattern, description) VALUES ('1080p: BDRip Source', '(?i)^(?=.*\b1080p\b)(?!.*\b(?:2160p|4k)\b)(?=.*\b(?:bd[ ._-]?rip|bdrip)\b).*$', '1080p-only BDRip source detector. It keeps 1080p BDRip handling separate from true BluRay and from 4K source rules.');
INSERT OR REPLACE INTO regular_expression_tags (regular_expression_name, tag_name) VALUES ('1080p: BDRip Source', 'Media Server');
INSERT OR REPLACE INTO regular_expressions (name, pattern, description) VALUES ('720p: BluRay Preferred', '(?i)^(?=.*\b720p\b)(?!.*\b(?:1080p|2160p|4k)\b)(?=.*\b(?:blu[ ._-]?ray|bluray)\b).*$', '720p-only BluRay source bonus. Keeps 720p BluRay ranking separate from 1080p and 4K BluRay rules.');
INSERT OR REPLACE INTO regular_expression_tags (regular_expression_name, tag_name) VALUES ('720p: BluRay Preferred', 'Scoring');
INSERT OR REPLACE INTO regular_expressions (name, pattern, description) VALUES ('720p: WEB-DL Preferred', '(?i)^(?=.*\b720p\b)(?!.*\b(?:1080p|2160p|4k)\b)(?=.*\b(?:web[ ._-]?dl|webdl)\b).*$', '720p-only WEB-DL source bonus for clean lower-resolution fallbacks.');
INSERT OR REPLACE INTO regular_expression_tags (regular_expression_name, tag_name) VALUES ('720p: WEB-DL Preferred', 'Scoring');
INSERT OR REPLACE INTO regular_expressions (name, pattern, description) VALUES ('720p: WEBRip Source', '(?i)^(?=.*\b720p\b)(?!.*\b(?:1080p|2160p|4k)\b)(?=.*\b(?:web[ ._-]?rip|webrip)\b).*$', '720p-only WEBRip source detector for relaxed catalog fallbacks. It does not apply to 1080p or 4K titles.');
INSERT OR REPLACE INTO regular_expression_tags (regular_expression_name, tag_name) VALUES ('720p: WEBRip Source', 'Media Server');
INSERT OR REPLACE INTO regular_expressions (name, pattern, description) VALUES ('720p: BDRip Source', '(?i)^(?=.*\b720p\b)(?!.*\b(?:1080p|2160p|4k)\b)(?=.*\b(?:bd[ ._-]?rip|bdrip)\b).*$', '720p-only BDRip source detector for older or hard-to-find catalog releases.');
INSERT OR REPLACE INTO regular_expression_tags (regular_expression_name, tag_name) VALUES ('720p: BDRip Source', 'Media Server');
INSERT OR REPLACE INTO regular_expressions (name, pattern, description) VALUES ('576p: BluRay Preferred', '(?i)^(?=.*\b576p\b)(?!.*\b(?:480p|720p|1080p|2160p|4k)\b)(?=.*\b(?:blu[ ._-]?ray|bluray)\b).*$', '576p-only BluRay source bonus for PAL/576p-style archive releases.');
INSERT OR REPLACE INTO regular_expression_tags (regular_expression_name, tag_name) VALUES ('576p: BluRay Preferred', 'Scoring');
INSERT OR REPLACE INTO regular_expressions (name, pattern, description) VALUES ('576p: WEB-DL Preferred', '(?i)^(?=.*\b576p\b)(?!.*\b(?:480p|720p|1080p|2160p|4k)\b)(?=.*\b(?:web[ ._-]?dl|webdl)\b).*$', '576p-only WEB-DL source bonus for lower-resolution catalog fallbacks.');
INSERT OR REPLACE INTO regular_expression_tags (regular_expression_name, tag_name) VALUES ('576p: WEB-DL Preferred', 'Scoring');
INSERT OR REPLACE INTO regular_expressions (name, pattern, description) VALUES ('576p: WEBRip Source', '(?i)^(?=.*\b576p\b)(?!.*\b(?:480p|720p|1080p|2160p|4k)\b)(?=.*\b(?:web[ ._-]?rip|webrip)\b).*$', '576p-only WEBRip source detector for archive/catalog scoring.');
INSERT OR REPLACE INTO regular_expression_tags (regular_expression_name, tag_name) VALUES ('576p: WEBRip Source', 'Media Server');
INSERT OR REPLACE INTO regular_expressions (name, pattern, description) VALUES ('576p: BDRip Source', '(?i)^(?=.*\b576p\b)(?!.*\b(?:480p|720p|1080p|2160p|4k)\b)(?=.*\b(?:bd[ ._-]?rip|bdrip)\b).*$', '576p-only BDRip source detector for archive/catalog scoring.');
INSERT OR REPLACE INTO regular_expression_tags (regular_expression_name, tag_name) VALUES ('576p: BDRip Source', 'Media Server');
INSERT OR REPLACE INTO regular_expressions (name, pattern, description) VALUES ('480p: BluRay Preferred', '(?i)^(?=.*\b480p\b)(?!.*\b(?:576p|720p|1080p|2160p|4k)\b)(?=.*\b(?:blu[ ._-]?ray|bluray)\b).*$', '480p-only BluRay source bonus for older catalog or archive releases.');
INSERT OR REPLACE INTO regular_expression_tags (regular_expression_name, tag_name) VALUES ('480p: BluRay Preferred', 'Scoring');
INSERT OR REPLACE INTO regular_expressions (name, pattern, description) VALUES ('480p: WEB-DL Preferred', '(?i)^(?=.*\b480p\b)(?!.*\b(?:576p|720p|1080p|2160p|4k)\b)(?=.*\b(?:web[ ._-]?dl|webdl)\b).*$', '480p-only WEB-DL source bonus for low-resolution catalog fallbacks.');
INSERT OR REPLACE INTO regular_expression_tags (regular_expression_name, tag_name) VALUES ('480p: WEB-DL Preferred', 'Scoring');
INSERT OR REPLACE INTO regular_expressions (name, pattern, description) VALUES ('480p: WEBRip Source', '(?i)^(?=.*\b480p\b)(?!.*\b(?:576p|720p|1080p|2160p|4k)\b)(?=.*\b(?:web[ ._-]?rip|webrip)\b).*$', '480p-only WEBRip source detector for relaxed fallback scoring.');
INSERT OR REPLACE INTO regular_expression_tags (regular_expression_name, tag_name) VALUES ('480p: WEBRip Source', 'Media Server');
INSERT OR REPLACE INTO regular_expressions (name, pattern, description) VALUES ('480p: BDRip Source', '(?i)^(?=.*\b480p\b)(?!.*\b(?:576p|720p|1080p|2160p|4k)\b)(?=.*\b(?:bd[ ._-]?rip|bdrip)\b).*$', '480p-only BDRip source detector for relaxed fallback scoring.');
INSERT OR REPLACE INTO regular_expression_tags (regular_expression_name, tag_name) VALUES ('480p: BDRip Source', 'Media Server');
INSERT OR REPLACE INTO regular_expressions (name, pattern, description) VALUES ('4K: UHD BluRay Preferred', '(?i)^(?=.*\b(?:2160p|4k)\b)(?=.*\b(?:uhd[ ._-]?blu[ ._-]?ray|uhd[ ._-]?bluray|blu[ ._-]?ray|bluray)\b).*$', 'Rewards 4K UHD BluRay or 4K BluRay source tags. Used to prefer cleaner 4K disc-sourced encodes when the file still fits the space-balanced rules.');
INSERT OR REPLACE INTO regular_expression_tags (regular_expression_name, tag_name) VALUES ('4K: UHD BluRay Preferred', 'HDR / 4K');
INSERT OR REPLACE INTO regular_expression_tags (regular_expression_name, tag_name) VALUES ('4K: UHD BluRay Preferred', 'Scoring');
INSERT OR REPLACE INTO regular_expressions (name, pattern, description) VALUES ('4K: WEB-DL Preferred', '(?i)^(?=.*\b(?:2160p|4k)\b)(?=.*\b(?:web[ ._-]?dl|webdl)\b).*$', 'Rewards 4K WEB-DL source tags. Useful for efficient, clean 2160p HDR releases that are often smaller than BluRay-derived encodes.');
INSERT OR REPLACE INTO regular_expression_tags (regular_expression_name, tag_name) VALUES ('4K: WEB-DL Preferred', 'HDR / 4K');
INSERT OR REPLACE INTO regular_expression_tags (regular_expression_name, tag_name) VALUES ('4K: WEB-DL Preferred', 'Scoring');
INSERT OR REPLACE INTO regular_expressions (name, pattern, description) VALUES ('Movie Source: Block WEBRip', '(?i)\b(?:web[ ._-]?rip|webrip)\b', 'Legacy generic WEBRip detector kept for cleanup and optional stricter profiles. Current curated profiles use resolution-specific WEBRip source formats instead, so 1080p/720p/576p/480p/4K handling stays separate.');
INSERT OR REPLACE INTO regular_expression_tags (regular_expression_name, tag_name) VALUES ('Movie Source: Block WEBRip', 'Blocking');
INSERT OR REPLACE INTO regular_expression_tags (regular_expression_name, tag_name) VALUES ('Movie Source: Block WEBRip', 'Movies');
INSERT OR REPLACE INTO regular_expressions (name, pattern, description) VALUES ('Movie Source: Block BDRip', '(?i)\b(?:bd[ ._-]?rip|bdrip)\b', 'Legacy generic BDRip detector kept for cleanup and optional stricter profiles. Current curated profiles use resolution-specific BDRip source formats instead, so BDRip scoring can be strict for smart profiles and relaxed for catalog profiles.');
INSERT OR REPLACE INTO regular_expression_tags (regular_expression_name, tag_name) VALUES ('Movie Source: Block BDRip', 'Blocking');
INSERT OR REPLACE INTO regular_expression_tags (regular_expression_name, tag_name) VALUES ('Movie Source: Block BDRip', 'Movies');
INSERT OR REPLACE INTO regular_expressions (name, pattern, description) VALUES ('4K Source: Block WEBRip', '(?i)^(?=.*\b(?:2160p|4k)\b)(?=.*\b(?:web[ ._-]?rip|webrip)\b).*$', 'Optional strict detector for 4K WEBRip releases. A stricter 4K lane can still reserve space for cleaner WEB-DL or UHD BluRay style sources.');
INSERT OR REPLACE INTO regular_expression_tags (regular_expression_name, tag_name) VALUES ('4K Source: Block WEBRip', 'HDR / 4K');
INSERT OR REPLACE INTO regular_expression_tags (regular_expression_name, tag_name) VALUES ('4K Source: Block WEBRip', 'Blocking');
INSERT OR REPLACE INTO regular_expressions (name, pattern, description) VALUES ('4K Source: Block BDRip', '(?i)^(?=.*\b(?:2160p|4k)\b)(?=.*\b(?:bd[ ._-]?rip|bdrip)\b).*$', 'Optional strict detector for 4K BDRip releases. It is available when you want the 4K lane focused on stronger WEB-DL and UHD BluRay style releases.');
INSERT OR REPLACE INTO regular_expression_tags (regular_expression_name, tag_name) VALUES ('4K Source: Block BDRip', 'HDR / 4K');
INSERT OR REPLACE INTO regular_expression_tags (regular_expression_name, tag_name) VALUES ('4K Source: Block BDRip', 'Blocking');
INSERT OR REPLACE INTO regular_expressions (name, pattern, description) VALUES ('Release: Proper-Repack-Rerip', '(?i)\b(?:PROPER|REPACK|RERIP)(?:[ ._-]?[23])?\b|\bREAL(?:[ ._-]?REAL)?[ ._-]?(?:PROPER|REPACK)\b', 'Modest release-fix bonus for PROPER, REPACK, RERIP, REAL.PROPER, and higher-version proper/repack tags. It is intentionally sized to fix same-tier releases without overpowering BluRay/source/HDR/audio scoring.');
INSERT OR REPLACE INTO regular_expression_tags (regular_expression_name, tag_name) VALUES ('Release: Proper-Repack-Rerip', 'Release Fixes');
INSERT OR REPLACE INTO custom_formats (name, description, include_in_rename) VALUES ('1080p: UHD BluRay Source Bonus', 'Small positive score for 1080p encodes sourced from UHD BluRay. This replaces the old accidental 4K bonus on 1080p UHD-source releases, so they get credit for the cleaner source without being treated as true 4K.', 0);
INSERT OR REPLACE INTO custom_format_tags (custom_format_name, tag_name) VALUES ('1080p: UHD BluRay Source Bonus', 'Scoring');
INSERT OR REPLACE INTO custom_format_conditions (custom_format_name, name, type, arr_type, negate, required) VALUES ('1080p: UHD BluRay Source Bonus', '1080p: UHD BluRay Source Bonus', 'release_title', 'all', 0, 1);
INSERT OR REPLACE INTO condition_patterns (custom_format_name, condition_name, regular_expression_name) VALUES ('1080p: UHD BluRay Source Bonus', '1080p: UHD BluRay Source Bonus', '1080p: UHD BluRay Source Bonus');
INSERT OR REPLACE INTO custom_formats (name, description, include_in_rename) VALUES ('1080p: BluRay Preferred', '1080p-only source bonus for BluRay releases. This keeps 1080p BluRay preference separate from the true 4K UHD BluRay preference.', 0);
INSERT OR REPLACE INTO custom_format_tags (custom_format_name, tag_name) VALUES ('1080p: BluRay Preferred', 'Scoring');
INSERT OR REPLACE INTO custom_format_conditions (custom_format_name, name, type, arr_type, negate, required) VALUES ('1080p: BluRay Preferred', '1080p: BluRay Preferred', 'release_title', 'all', 0, 1);
INSERT OR REPLACE INTO condition_patterns (custom_format_name, condition_name, regular_expression_name) VALUES ('1080p: BluRay Preferred', '1080p: BluRay Preferred', '1080p: BluRay Preferred');
INSERT OR REPLACE INTO custom_formats (name, description, include_in_rename) VALUES ('1080p: WEB-DL Preferred', '1080p-only source bonus for WEB-DL releases. It helps rank clean 1080p WEB-DL fallbacks without applying any 4K-specific logic.', 0);
INSERT OR REPLACE INTO custom_format_tags (custom_format_name, tag_name) VALUES ('1080p: WEB-DL Preferred', 'Scoring');
INSERT OR REPLACE INTO custom_format_conditions (custom_format_name, name, type, arr_type, negate, required) VALUES ('1080p: WEB-DL Preferred', '1080p: WEB-DL Preferred', 'release_title', 'all', 0, 1);
INSERT OR REPLACE INTO condition_patterns (custom_format_name, condition_name, regular_expression_name) VALUES ('1080p: WEB-DL Preferred', '1080p: WEB-DL Preferred', '1080p: WEB-DL Preferred');
INSERT OR REPLACE INTO custom_formats (name, description, include_in_rename) VALUES ('1080p: WEBRip Source', '1080p-only WEBRip source detector. Strict movie profiles can penalize or block it, while relaxed catalog and series profiles can keep it as a weaker fallback without borrowing generic or 4K source formats.', 0);
INSERT OR REPLACE INTO custom_format_tags (custom_format_name, tag_name) VALUES ('1080p: WEBRip Source', 'Media Server');
INSERT OR REPLACE INTO custom_format_conditions (custom_format_name, name, type, arr_type, negate, required) VALUES ('1080p: WEBRip Source', '1080p: WEBRip Source', 'release_title', 'all', 0, 1);
INSERT OR REPLACE INTO condition_patterns (custom_format_name, condition_name, regular_expression_name) VALUES ('1080p: WEBRip Source', '1080p: WEBRip Source', '1080p: WEBRip Source');
INSERT OR REPLACE INTO custom_formats (name, description, include_in_rename) VALUES ('1080p: BDRip Source', '1080p-only BDRip source detector. It keeps 1080p BDRip handling separate from true BluRay and from 4K source rules.', 0);
INSERT OR REPLACE INTO custom_format_tags (custom_format_name, tag_name) VALUES ('1080p: BDRip Source', 'Media Server');
INSERT OR REPLACE INTO custom_format_conditions (custom_format_name, name, type, arr_type, negate, required) VALUES ('1080p: BDRip Source', '1080p: BDRip Source', 'release_title', 'all', 0, 1);
INSERT OR REPLACE INTO condition_patterns (custom_format_name, condition_name, regular_expression_name) VALUES ('1080p: BDRip Source', '1080p: BDRip Source', '1080p: BDRip Source');
INSERT OR REPLACE INTO custom_formats (name, description, include_in_rename) VALUES ('720p: BluRay Preferred', '720p-only BluRay source bonus. Keeps 720p BluRay ranking separate from 1080p and 4K BluRay rules.', 0);
INSERT OR REPLACE INTO custom_format_tags (custom_format_name, tag_name) VALUES ('720p: BluRay Preferred', 'Scoring');
INSERT OR REPLACE INTO custom_format_conditions (custom_format_name, name, type, arr_type, negate, required) VALUES ('720p: BluRay Preferred', '720p: BluRay Preferred', 'release_title', 'all', 0, 1);
INSERT OR REPLACE INTO condition_patterns (custom_format_name, condition_name, regular_expression_name) VALUES ('720p: BluRay Preferred', '720p: BluRay Preferred', '720p: BluRay Preferred');
INSERT OR REPLACE INTO custom_formats (name, description, include_in_rename) VALUES ('720p: WEB-DL Preferred', '720p-only WEB-DL source bonus for clean lower-resolution fallbacks.', 0);
INSERT OR REPLACE INTO custom_format_tags (custom_format_name, tag_name) VALUES ('720p: WEB-DL Preferred', 'Scoring');
INSERT OR REPLACE INTO custom_format_conditions (custom_format_name, name, type, arr_type, negate, required) VALUES ('720p: WEB-DL Preferred', '720p: WEB-DL Preferred', 'release_title', 'all', 0, 1);
INSERT OR REPLACE INTO condition_patterns (custom_format_name, condition_name, regular_expression_name) VALUES ('720p: WEB-DL Preferred', '720p: WEB-DL Preferred', '720p: WEB-DL Preferred');
INSERT OR REPLACE INTO custom_formats (name, description, include_in_rename) VALUES ('720p: WEBRip Source', '720p-only WEBRip source detector for relaxed catalog fallbacks. It does not apply to 1080p or 4K titles.', 0);
INSERT OR REPLACE INTO custom_format_tags (custom_format_name, tag_name) VALUES ('720p: WEBRip Source', 'Media Server');
INSERT OR REPLACE INTO custom_format_conditions (custom_format_name, name, type, arr_type, negate, required) VALUES ('720p: WEBRip Source', '720p: WEBRip Source', 'release_title', 'all', 0, 1);
INSERT OR REPLACE INTO condition_patterns (custom_format_name, condition_name, regular_expression_name) VALUES ('720p: WEBRip Source', '720p: WEBRip Source', '720p: WEBRip Source');
INSERT OR REPLACE INTO custom_formats (name, description, include_in_rename) VALUES ('720p: BDRip Source', '720p-only BDRip source detector for older or hard-to-find catalog releases.', 0);
INSERT OR REPLACE INTO custom_format_tags (custom_format_name, tag_name) VALUES ('720p: BDRip Source', 'Media Server');
INSERT OR REPLACE INTO custom_format_conditions (custom_format_name, name, type, arr_type, negate, required) VALUES ('720p: BDRip Source', '720p: BDRip Source', 'release_title', 'all', 0, 1);
INSERT OR REPLACE INTO condition_patterns (custom_format_name, condition_name, regular_expression_name) VALUES ('720p: BDRip Source', '720p: BDRip Source', '720p: BDRip Source');
INSERT OR REPLACE INTO custom_formats (name, description, include_in_rename) VALUES ('576p: BluRay Preferred', '576p-only BluRay source bonus for PAL/576p-style archive releases.', 0);
INSERT OR REPLACE INTO custom_format_tags (custom_format_name, tag_name) VALUES ('576p: BluRay Preferred', 'Scoring');
INSERT OR REPLACE INTO custom_format_conditions (custom_format_name, name, type, arr_type, negate, required) VALUES ('576p: BluRay Preferred', '576p: BluRay Preferred', 'release_title', 'all', 0, 1);
INSERT OR REPLACE INTO condition_patterns (custom_format_name, condition_name, regular_expression_name) VALUES ('576p: BluRay Preferred', '576p: BluRay Preferred', '576p: BluRay Preferred');
INSERT OR REPLACE INTO custom_formats (name, description, include_in_rename) VALUES ('576p: WEB-DL Preferred', '576p-only WEB-DL source bonus for lower-resolution catalog fallbacks.', 0);
INSERT OR REPLACE INTO custom_format_tags (custom_format_name, tag_name) VALUES ('576p: WEB-DL Preferred', 'Scoring');
INSERT OR REPLACE INTO custom_format_conditions (custom_format_name, name, type, arr_type, negate, required) VALUES ('576p: WEB-DL Preferred', '576p: WEB-DL Preferred', 'release_title', 'all', 0, 1);
INSERT OR REPLACE INTO condition_patterns (custom_format_name, condition_name, regular_expression_name) VALUES ('576p: WEB-DL Preferred', '576p: WEB-DL Preferred', '576p: WEB-DL Preferred');
INSERT OR REPLACE INTO custom_formats (name, description, include_in_rename) VALUES ('576p: WEBRip Source', '576p-only WEBRip source detector for archive/catalog scoring.', 0);
INSERT OR REPLACE INTO custom_format_tags (custom_format_name, tag_name) VALUES ('576p: WEBRip Source', 'Media Server');
INSERT OR REPLACE INTO custom_format_conditions (custom_format_name, name, type, arr_type, negate, required) VALUES ('576p: WEBRip Source', '576p: WEBRip Source', 'release_title', 'all', 0, 1);
INSERT OR REPLACE INTO condition_patterns (custom_format_name, condition_name, regular_expression_name) VALUES ('576p: WEBRip Source', '576p: WEBRip Source', '576p: WEBRip Source');
INSERT OR REPLACE INTO custom_formats (name, description, include_in_rename) VALUES ('576p: BDRip Source', '576p-only BDRip source detector for archive/catalog scoring.', 0);
INSERT OR REPLACE INTO custom_format_tags (custom_format_name, tag_name) VALUES ('576p: BDRip Source', 'Media Server');
INSERT OR REPLACE INTO custom_format_conditions (custom_format_name, name, type, arr_type, negate, required) VALUES ('576p: BDRip Source', '576p: BDRip Source', 'release_title', 'all', 0, 1);
INSERT OR REPLACE INTO condition_patterns (custom_format_name, condition_name, regular_expression_name) VALUES ('576p: BDRip Source', '576p: BDRip Source', '576p: BDRip Source');
INSERT OR REPLACE INTO custom_formats (name, description, include_in_rename) VALUES ('480p: BluRay Preferred', '480p-only BluRay source bonus for older catalog or archive releases.', 0);
INSERT OR REPLACE INTO custom_format_tags (custom_format_name, tag_name) VALUES ('480p: BluRay Preferred', 'Scoring');
INSERT OR REPLACE INTO custom_format_conditions (custom_format_name, name, type, arr_type, negate, required) VALUES ('480p: BluRay Preferred', '480p: BluRay Preferred', 'release_title', 'all', 0, 1);
INSERT OR REPLACE INTO condition_patterns (custom_format_name, condition_name, regular_expression_name) VALUES ('480p: BluRay Preferred', '480p: BluRay Preferred', '480p: BluRay Preferred');
INSERT OR REPLACE INTO custom_formats (name, description, include_in_rename) VALUES ('480p: WEB-DL Preferred', '480p-only WEB-DL source bonus for low-resolution catalog fallbacks.', 0);
INSERT OR REPLACE INTO custom_format_tags (custom_format_name, tag_name) VALUES ('480p: WEB-DL Preferred', 'Scoring');
INSERT OR REPLACE INTO custom_format_conditions (custom_format_name, name, type, arr_type, negate, required) VALUES ('480p: WEB-DL Preferred', '480p: WEB-DL Preferred', 'release_title', 'all', 0, 1);
INSERT OR REPLACE INTO condition_patterns (custom_format_name, condition_name, regular_expression_name) VALUES ('480p: WEB-DL Preferred', '480p: WEB-DL Preferred', '480p: WEB-DL Preferred');
INSERT OR REPLACE INTO custom_formats (name, description, include_in_rename) VALUES ('480p: WEBRip Source', '480p-only WEBRip source detector for relaxed fallback scoring.', 0);
INSERT OR REPLACE INTO custom_format_tags (custom_format_name, tag_name) VALUES ('480p: WEBRip Source', 'Media Server');
INSERT OR REPLACE INTO custom_format_conditions (custom_format_name, name, type, arr_type, negate, required) VALUES ('480p: WEBRip Source', '480p: WEBRip Source', 'release_title', 'all', 0, 1);
INSERT OR REPLACE INTO condition_patterns (custom_format_name, condition_name, regular_expression_name) VALUES ('480p: WEBRip Source', '480p: WEBRip Source', '480p: WEBRip Source');
INSERT OR REPLACE INTO custom_formats (name, description, include_in_rename) VALUES ('480p: BDRip Source', '480p-only BDRip source detector for relaxed fallback scoring.', 0);
INSERT OR REPLACE INTO custom_format_tags (custom_format_name, tag_name) VALUES ('480p: BDRip Source', 'Media Server');
INSERT OR REPLACE INTO custom_format_conditions (custom_format_name, name, type, arr_type, negate, required) VALUES ('480p: BDRip Source', '480p: BDRip Source', 'release_title', 'all', 0, 1);
INSERT OR REPLACE INTO condition_patterns (custom_format_name, condition_name, regular_expression_name) VALUES ('480p: BDRip Source', '480p: BDRip Source', '480p: BDRip Source');
INSERT OR REPLACE INTO custom_formats (name, description, include_in_rename) VALUES ('4K: UHD BluRay Preferred', 'Rewards 4K UHD BluRay or 4K BluRay source tags. Used to prefer cleaner 4K disc-sourced encodes when the file still fits the space-balanced rules.', 0);
INSERT OR REPLACE INTO custom_format_tags (custom_format_name, tag_name) VALUES ('4K: UHD BluRay Preferred', 'HDR / 4K');
INSERT OR REPLACE INTO custom_format_tags (custom_format_name, tag_name) VALUES ('4K: UHD BluRay Preferred', 'Scoring');
INSERT OR REPLACE INTO custom_format_conditions (custom_format_name, name, type, arr_type, negate, required) VALUES ('4K: UHD BluRay Preferred', '4K: UHD BluRay Preferred', 'release_title', 'all', 0, 1);
INSERT OR REPLACE INTO condition_patterns (custom_format_name, condition_name, regular_expression_name) VALUES ('4K: UHD BluRay Preferred', '4K: UHD BluRay Preferred', '4K: UHD BluRay Preferred');
INSERT OR REPLACE INTO custom_formats (name, description, include_in_rename) VALUES ('4K: WEB-DL Preferred', 'Rewards 4K WEB-DL source tags. Useful for efficient, clean 2160p HDR releases that are often smaller than BluRay-derived encodes.', 0);
INSERT OR REPLACE INTO custom_format_tags (custom_format_name, tag_name) VALUES ('4K: WEB-DL Preferred', 'HDR / 4K');
INSERT OR REPLACE INTO custom_format_tags (custom_format_name, tag_name) VALUES ('4K: WEB-DL Preferred', 'Scoring');
INSERT OR REPLACE INTO custom_format_conditions (custom_format_name, name, type, arr_type, negate, required) VALUES ('4K: WEB-DL Preferred', '4K: WEB-DL Preferred', 'release_title', 'all', 0, 1);
INSERT OR REPLACE INTO condition_patterns (custom_format_name, condition_name, regular_expression_name) VALUES ('4K: WEB-DL Preferred', '4K: WEB-DL Preferred', '4K: WEB-DL Preferred');
INSERT OR REPLACE INTO custom_formats (name, description, include_in_rename) VALUES ('4K Source: Block WEBRip', 'Optional strict 4K source detector for WEBRip releases. Additive movie profiles can skip it, while stricter profiles can reserve 4K for cleaner WEB-DL or UHD BluRay style sources.', 0);
INSERT OR REPLACE INTO custom_format_tags (custom_format_name, tag_name) VALUES ('4K Source: Block WEBRip', 'HDR / 4K');
INSERT OR REPLACE INTO custom_format_tags (custom_format_name, tag_name) VALUES ('4K Source: Block WEBRip', 'Blocking');
INSERT OR REPLACE INTO custom_format_conditions (custom_format_name, name, type, arr_type, negate, required) VALUES ('4K Source: Block WEBRip', '4K Source: Block WEBRip', 'release_title', 'all', 0, 1);
INSERT OR REPLACE INTO condition_patterns (custom_format_name, condition_name, regular_expression_name) VALUES ('4K Source: Block WEBRip', '4K Source: Block WEBRip', '4K Source: Block WEBRip');
INSERT OR REPLACE INTO custom_formats (name, description, include_in_rename) VALUES ('4K Source: Block BDRip', 'Optional strict 4K source detector for BDRip releases. Additive movie profiles can skip it, while stricter profiles can reserve 4K for stronger WEB-DL and UHD BluRay style releases.', 0);
INSERT OR REPLACE INTO custom_format_tags (custom_format_name, tag_name) VALUES ('4K Source: Block BDRip', 'HDR / 4K');
INSERT OR REPLACE INTO custom_format_tags (custom_format_name, tag_name) VALUES ('4K Source: Block BDRip', 'Blocking');
INSERT OR REPLACE INTO custom_format_conditions (custom_format_name, name, type, arr_type, negate, required) VALUES ('4K Source: Block BDRip', '4K Source: Block BDRip', 'release_title', 'all', 0, 1);
INSERT OR REPLACE INTO condition_patterns (custom_format_name, condition_name, regular_expression_name) VALUES ('4K Source: Block BDRip', '4K Source: Block BDRip', '4K Source: Block BDRip');
INSERT OR REPLACE INTO custom_formats (name, description, include_in_rename) VALUES ('Release: Proper-Repack-Rerip', 'Modest release-fix bonus for PROPER, REPACK, RERIP, REAL.PROPER, and higher-version proper/repack tags. It is intentionally sized to fix same-tier releases without overpowering BluRay/source/HDR/audio scoring.', 0);
INSERT OR REPLACE INTO custom_format_tags (custom_format_name, tag_name) VALUES ('Release: Proper-Repack-Rerip', 'Release Fixes');
INSERT OR REPLACE INTO custom_format_conditions (custom_format_name, name, type, arr_type, negate, required) VALUES ('Release: Proper-Repack-Rerip', 'Release: Proper-Repack-Rerip', 'release_title', 'all', 0, 1);
INSERT OR REPLACE INTO condition_patterns (custom_format_name, condition_name, regular_expression_name) VALUES ('Release: Proper-Repack-Rerip', 'Release: Proper-Repack-Rerip', 'Release: Proper-Repack-Rerip');
