-- Alex_C.T modular Profilarr v2 PCD operations.
-- 07: Movie edition regexes, custom formats, conditions, and bindings.
-- Requires 01.

INSERT OR REPLACE INTO regular_expressions (name, pattern, description) VALUES ('Edition: IMAX', '(?i)\bIMAX\b(?![ ._-]?Enhanced\b)', 'Managed media-server custom format. Matches release-title tokens and applies the profile score assigned in each curated quality profile.');
INSERT OR REPLACE INTO regular_expression_tags (regular_expression_name, tag_name) VALUES ('Edition: IMAX', 'Editions');
INSERT OR REPLACE INTO regular_expressions (name, pattern, description) VALUES ('Edition: IMAX Enhanced', '(?i)\bIMAX[ ._-]?Enhanced\b', 'Managed media-server custom format. Matches release-title tokens and applies the profile score assigned in each curated quality profile.');
INSERT OR REPLACE INTO regular_expression_tags (regular_expression_name, tag_name) VALUES ('Edition: IMAX Enhanced', 'Editions');
INSERT OR REPLACE INTO regular_expressions (name, pattern, description) VALUES ('Edition: Open Matte', '(?i)\bOpen[ ._-]?Matte\b', 'Managed media-server custom format. Matches release-title tokens and applies the profile score assigned in each curated quality profile.');
INSERT OR REPLACE INTO regular_expression_tags (regular_expression_name, tag_name) VALUES ('Edition: Open Matte', 'Editions');
INSERT OR REPLACE INTO regular_expressions (name, pattern, description) VALUES ('Edition: VAR', '(?i)\b(?:VAR|Variable[ ._-]?Aspect[ ._-]?Ratio)\b', 'Managed media-server custom format. Matches release-title tokens and applies the profile score assigned in each curated quality profile.');
INSERT OR REPLACE INTO regular_expression_tags (regular_expression_name, tag_name) VALUES ('Edition: VAR', 'Editions');
INSERT OR REPLACE INTO regular_expressions (name, pattern, description) VALUES ('Edition: Expanded Ratio', '(?i)\bExpanded[ ._-]?(?:Aspect[ ._-]?)?Ratio\b', 'Managed media-server custom format. Matches release-title tokens and applies the profile score assigned in each curated quality profile.');
INSERT OR REPLACE INTO regular_expression_tags (regular_expression_name, tag_name) VALUES ('Edition: Expanded Ratio', 'Editions');
INSERT OR REPLACE INTO regular_expressions (name, pattern, description) VALUES ('Edition: Remastered', '(?i)\b(?:Remaster(?:ed)?|4K[ ._-]?Remaster(?:ed)?)\b', 'Managed media-server custom format. Matches release-title tokens and applies the profile score assigned in each curated quality profile.');
INSERT OR REPLACE INTO regular_expression_tags (regular_expression_name, tag_name) VALUES ('Edition: Remastered', 'Editions');
INSERT OR REPLACE INTO regular_expressions (name, pattern, description) VALUES ('Edition: Restored', '(?i)\b(?:Restored|Restoration)\b', 'Managed media-server custom format. Matches release-title tokens and applies the profile score assigned in each curated quality profile.');
INSERT OR REPLACE INTO regular_expression_tags (regular_expression_name, tag_name) VALUES ('Edition: Restored', 'Editions');
INSERT OR REPLACE INTO regular_expressions (name, pattern, description) VALUES ('Edition: 4K Scan', '(?i)\b(?:4K|UHD)[ ._-]?(?:Scan|Restoration|Transfer|Master)\b', 'Managed media-server custom format. Matches release-title tokens and applies the profile score assigned in each curated quality profile.');
INSERT OR REPLACE INTO regular_expression_tags (regular_expression_name, tag_name) VALUES ('Edition: 4K Scan', 'HDR / 4K');
INSERT OR REPLACE INTO regular_expression_tags (regular_expression_name, tag_name) VALUES ('Edition: 4K Scan', 'Editions');
INSERT OR REPLACE INTO regular_expressions (name, pattern, description) VALUES ('Edition: Criterion', '(?i)\bCriterion\b', 'Managed media-server custom format. Matches release-title tokens and applies the profile score assigned in each curated quality profile.');
INSERT OR REPLACE INTO regular_expression_tags (regular_expression_name, tag_name) VALUES ('Edition: Criterion', 'Editions');
INSERT OR REPLACE INTO regular_expressions (name, pattern, description) VALUES ('Edition: Arrow', '(?i)\bArrow[ ._-]?(?:Video|Films)?\b', 'Managed media-server custom format. Matches release-title tokens and applies the profile score assigned in each curated quality profile.');
INSERT OR REPLACE INTO regular_expression_tags (regular_expression_name, tag_name) VALUES ('Edition: Arrow', 'Editions');
INSERT OR REPLACE INTO regular_expressions (name, pattern, description) VALUES ('Edition: Shout Factory', '(?i)\b(?:Shout|Scream)[ ._-]?Factory\b', 'Managed media-server custom format. Matches release-title tokens and applies the profile score assigned in each curated quality profile.');
INSERT OR REPLACE INTO regular_expression_tags (regular_expression_name, tag_name) VALUES ('Edition: Shout Factory', 'Editions');
INSERT OR REPLACE INTO regular_expressions (name, pattern, description) VALUES ('Edition: StudioCanal', '(?i)\bStudio[ ._-]?Canal\b', 'Managed media-server custom format. Matches release-title tokens and applies the profile score assigned in each curated quality profile.');
INSERT OR REPLACE INTO regular_expression_tags (regular_expression_name, tag_name) VALUES ('Edition: StudioCanal', 'Editions');
INSERT OR REPLACE INTO regular_expressions (name, pattern, description) VALUES ('Edition: New Transfer', '(?i)\b(?:New|Brand[ ._-]?New)[ ._-]?(?:Transfer|Master|Scan)\b|\bNewly[ ._-]?(?:Transferred|Scanned)\b', 'Quality-edition bonus for New Transfer, New Master, New Scan, Newly Transferred, and Newly Scanned tags. It sits below IMAX/Remastered/Restored but above vague content-edition wording.');
INSERT OR REPLACE INTO regular_expression_tags (regular_expression_name, tag_name) VALUES ('Edition: New Transfer', 'Editions');
INSERT OR REPLACE INTO regular_expressions (name, pattern, description) VALUES ('Edition: Director''s Cut', '(?i)\bDirector''?s[ ._-]?Cut\b', 'Managed media-server custom format. Matches release-title tokens and applies the profile score assigned in each curated quality profile.');
INSERT OR REPLACE INTO regular_expression_tags (regular_expression_name, tag_name) VALUES ('Edition: Director''s Cut', 'Editions');
INSERT OR REPLACE INTO regular_expressions (name, pattern, description) VALUES ('Edition: Final Cut', '(?i)\bFinal[ ._-]?Cut\b', 'Managed media-server custom format. Matches release-title tokens and applies the profile score assigned in each curated quality profile.');
INSERT OR REPLACE INTO regular_expression_tags (regular_expression_name, tag_name) VALUES ('Edition: Final Cut', 'Editions');
INSERT OR REPLACE INTO regular_expressions (name, pattern, description) VALUES ('Edition: Extended', '(?i)\bExtended[ ._-]?(?:Cut|Edition|Version)?\b', 'Managed media-server custom format. Matches release-title tokens and applies the profile score assigned in each curated quality profile.');
INSERT OR REPLACE INTO regular_expression_tags (regular_expression_name, tag_name) VALUES ('Edition: Extended', 'Editions');
INSERT OR REPLACE INTO regular_expressions (name, pattern, description) VALUES ('Edition: Ultimate Cut', '(?i)\bUltimate[ ._-]?Cut\b', 'Managed media-server custom format. Matches release-title tokens and applies the profile score assigned in each curated quality profile.');
INSERT OR REPLACE INTO regular_expression_tags (regular_expression_name, tag_name) VALUES ('Edition: Ultimate Cut', 'Editions');
INSERT OR REPLACE INTO regular_expressions (name, pattern, description) VALUES ('Edition: Unrated', '(?i)\bUnrated\b', 'Managed media-server custom format. Matches release-title tokens and applies the profile score assigned in each curated quality profile.');
INSERT OR REPLACE INTO regular_expression_tags (regular_expression_name, tag_name) VALUES ('Edition: Unrated', 'Editions');
INSERT OR REPLACE INTO regular_expressions (name, pattern, description) VALUES ('Edition: Special Edition', '(?i)\bSpecial[ ._-]?Edition\b', 'Managed media-server custom format. Matches release-title tokens and applies the profile score assigned in each curated quality profile.');
INSERT OR REPLACE INTO regular_expression_tags (regular_expression_name, tag_name) VALUES ('Edition: Special Edition', 'Editions');
INSERT OR REPLACE INTO regular_expressions (name, pattern, description) VALUES ('Edition: Collector''s Edition', '(?i)\bCollector''?s[ ._-]?Edition\b', 'Managed media-server custom format. Matches release-title tokens and applies the profile score assigned in each curated quality profile.');
INSERT OR REPLACE INTO regular_expression_tags (regular_expression_name, tag_name) VALUES ('Edition: Collector''s Edition', 'Editions');
INSERT OR REPLACE INTO regular_expressions (name, pattern, description) VALUES ('Edition: Anniversary Edition', '(?i)\b(?:Anniversary|[0-9]{1,2}(?:th|st|nd|rd)[ ._-]?Anniversary)[ ._-]?Edition\b', 'Managed media-server custom format. Matches release-title tokens and applies the profile score assigned in each curated quality profile.');
INSERT OR REPLACE INTO regular_expression_tags (regular_expression_name, tag_name) VALUES ('Edition: Anniversary Edition', 'Editions');
INSERT OR REPLACE INTO regular_expressions (name, pattern, description) VALUES ('Edition: Fan Edit', '(?i)\bFan[ ._-]?Edit\b', 'Managed media-server custom format. Matches release-title tokens and applies the profile score assigned in each curated quality profile.');
INSERT OR REPLACE INTO regular_expression_tags (regular_expression_name, tag_name) VALUES ('Edition: Fan Edit', 'Editions');
INSERT OR REPLACE INTO regular_expressions (name, pattern, description) VALUES ('Edition: Fan Restoration', '(?i)\bFan[ ._-]?Restoration\b', 'Managed media-server custom format. Matches release-title tokens and applies the profile score assigned in each curated quality profile.');
INSERT OR REPLACE INTO regular_expression_tags (regular_expression_name, tag_name) VALUES ('Edition: Fan Restoration', 'Editions');
INSERT OR REPLACE INTO regular_expressions (name, pattern, description) VALUES ('Edition: UpScale', '(?i)\b(?:AI[ ._-]?)?Upscale(?:d)?\b', 'Managed media-server custom format. Matches release-title tokens and applies the profile score assigned in each curated quality profile.');
INSERT OR REPLACE INTO regular_expression_tags (regular_expression_name, tag_name) VALUES ('Edition: UpScale', 'Editions');
INSERT OR REPLACE INTO custom_formats (name, description, include_in_rename) VALUES ('Edition: IMAX', 'Managed media-server custom format. Matches release-title tokens and applies the profile score assigned in each curated quality profile.', 0);
INSERT OR REPLACE INTO custom_format_tags (custom_format_name, tag_name) VALUES ('Edition: IMAX', 'Editions');
INSERT OR REPLACE INTO custom_format_conditions (custom_format_name, name, type, arr_type, negate, required) VALUES ('Edition: IMAX', 'Edition: IMAX', 'release_title', 'all', 0, 1);
INSERT OR REPLACE INTO condition_patterns (custom_format_name, condition_name, regular_expression_name) VALUES ('Edition: IMAX', 'Edition: IMAX', 'Edition: IMAX');
INSERT OR REPLACE INTO custom_formats (name, description, include_in_rename) VALUES ('Edition: IMAX Enhanced', 'Managed media-server custom format. Matches release-title tokens and applies the profile score assigned in each curated quality profile.', 0);
INSERT OR REPLACE INTO custom_format_tags (custom_format_name, tag_name) VALUES ('Edition: IMAX Enhanced', 'Editions');
INSERT OR REPLACE INTO custom_format_conditions (custom_format_name, name, type, arr_type, negate, required) VALUES ('Edition: IMAX Enhanced', 'Edition: IMAX Enhanced', 'release_title', 'all', 0, 1);
INSERT OR REPLACE INTO condition_patterns (custom_format_name, condition_name, regular_expression_name) VALUES ('Edition: IMAX Enhanced', 'Edition: IMAX Enhanced', 'Edition: IMAX Enhanced');
INSERT OR REPLACE INTO custom_formats (name, description, include_in_rename) VALUES ('Edition: Open Matte', 'Managed media-server custom format. Matches release-title tokens and applies the profile score assigned in each curated quality profile.', 0);
INSERT OR REPLACE INTO custom_format_tags (custom_format_name, tag_name) VALUES ('Edition: Open Matte', 'Editions');
INSERT OR REPLACE INTO custom_format_conditions (custom_format_name, name, type, arr_type, negate, required) VALUES ('Edition: Open Matte', 'Edition: Open Matte', 'release_title', 'all', 0, 1);
INSERT OR REPLACE INTO condition_patterns (custom_format_name, condition_name, regular_expression_name) VALUES ('Edition: Open Matte', 'Edition: Open Matte', 'Edition: Open Matte');
INSERT OR REPLACE INTO custom_formats (name, description, include_in_rename) VALUES ('Edition: VAR', 'Managed media-server custom format. Matches release-title tokens and applies the profile score assigned in each curated quality profile.', 0);
INSERT OR REPLACE INTO custom_format_tags (custom_format_name, tag_name) VALUES ('Edition: VAR', 'Editions');
INSERT OR REPLACE INTO custom_format_conditions (custom_format_name, name, type, arr_type, negate, required) VALUES ('Edition: VAR', 'Edition: VAR', 'release_title', 'all', 0, 1);
INSERT OR REPLACE INTO condition_patterns (custom_format_name, condition_name, regular_expression_name) VALUES ('Edition: VAR', 'Edition: VAR', 'Edition: VAR');
INSERT OR REPLACE INTO custom_formats (name, description, include_in_rename) VALUES ('Edition: Expanded Ratio', 'Managed media-server custom format. Matches release-title tokens and applies the profile score assigned in each curated quality profile.', 0);
INSERT OR REPLACE INTO custom_format_tags (custom_format_name, tag_name) VALUES ('Edition: Expanded Ratio', 'Editions');
INSERT OR REPLACE INTO custom_format_conditions (custom_format_name, name, type, arr_type, negate, required) VALUES ('Edition: Expanded Ratio', 'Edition: Expanded Ratio', 'release_title', 'all', 0, 1);
INSERT OR REPLACE INTO condition_patterns (custom_format_name, condition_name, regular_expression_name) VALUES ('Edition: Expanded Ratio', 'Edition: Expanded Ratio', 'Edition: Expanded Ratio');
INSERT OR REPLACE INTO custom_formats (name, description, include_in_rename) VALUES ('Edition: Remastered', 'Managed media-server custom format. Matches release-title tokens and applies the profile score assigned in each curated quality profile.', 0);
INSERT OR REPLACE INTO custom_format_tags (custom_format_name, tag_name) VALUES ('Edition: Remastered', 'Editions');
INSERT OR REPLACE INTO custom_format_conditions (custom_format_name, name, type, arr_type, negate, required) VALUES ('Edition: Remastered', 'Edition: Remastered', 'release_title', 'all', 0, 1);
INSERT OR REPLACE INTO condition_patterns (custom_format_name, condition_name, regular_expression_name) VALUES ('Edition: Remastered', 'Edition: Remastered', 'Edition: Remastered');
INSERT OR REPLACE INTO custom_formats (name, description, include_in_rename) VALUES ('Edition: Restored', 'Managed media-server custom format. Matches release-title tokens and applies the profile score assigned in each curated quality profile.', 0);
INSERT OR REPLACE INTO custom_format_tags (custom_format_name, tag_name) VALUES ('Edition: Restored', 'Editions');
INSERT OR REPLACE INTO custom_format_conditions (custom_format_name, name, type, arr_type, negate, required) VALUES ('Edition: Restored', 'Edition: Restored', 'release_title', 'all', 0, 1);
INSERT OR REPLACE INTO condition_patterns (custom_format_name, condition_name, regular_expression_name) VALUES ('Edition: Restored', 'Edition: Restored', 'Edition: Restored');
INSERT OR REPLACE INTO custom_formats (name, description, include_in_rename) VALUES ('Edition: 4K Scan', 'Managed media-server custom format. Matches release-title tokens and applies the profile score assigned in each curated quality profile.', 0);
INSERT OR REPLACE INTO custom_format_tags (custom_format_name, tag_name) VALUES ('Edition: 4K Scan', 'HDR / 4K');
INSERT OR REPLACE INTO custom_format_tags (custom_format_name, tag_name) VALUES ('Edition: 4K Scan', 'Editions');
INSERT OR REPLACE INTO custom_format_conditions (custom_format_name, name, type, arr_type, negate, required) VALUES ('Edition: 4K Scan', 'Edition: 4K Scan', 'release_title', 'all', 0, 1);
INSERT OR REPLACE INTO condition_patterns (custom_format_name, condition_name, regular_expression_name) VALUES ('Edition: 4K Scan', 'Edition: 4K Scan', 'Edition: 4K Scan');
INSERT OR REPLACE INTO custom_formats (name, description, include_in_rename) VALUES ('Edition: Criterion', 'Managed media-server custom format. Matches release-title tokens and applies the profile score assigned in each curated quality profile.', 0);
INSERT OR REPLACE INTO custom_format_tags (custom_format_name, tag_name) VALUES ('Edition: Criterion', 'Editions');
INSERT OR REPLACE INTO custom_format_conditions (custom_format_name, name, type, arr_type, negate, required) VALUES ('Edition: Criterion', 'Edition: Criterion', 'release_title', 'all', 0, 1);
INSERT OR REPLACE INTO condition_patterns (custom_format_name, condition_name, regular_expression_name) VALUES ('Edition: Criterion', 'Edition: Criterion', 'Edition: Criterion');
INSERT OR REPLACE INTO custom_formats (name, description, include_in_rename) VALUES ('Edition: Arrow', 'Managed media-server custom format. Matches release-title tokens and applies the profile score assigned in each curated quality profile.', 0);
INSERT OR REPLACE INTO custom_format_tags (custom_format_name, tag_name) VALUES ('Edition: Arrow', 'Editions');
INSERT OR REPLACE INTO custom_format_conditions (custom_format_name, name, type, arr_type, negate, required) VALUES ('Edition: Arrow', 'Edition: Arrow', 'release_title', 'all', 0, 1);
INSERT OR REPLACE INTO condition_patterns (custom_format_name, condition_name, regular_expression_name) VALUES ('Edition: Arrow', 'Edition: Arrow', 'Edition: Arrow');
INSERT OR REPLACE INTO custom_formats (name, description, include_in_rename) VALUES ('Edition: Shout Factory', 'Managed media-server custom format. Matches release-title tokens and applies the profile score assigned in each curated quality profile.', 0);
INSERT OR REPLACE INTO custom_format_tags (custom_format_name, tag_name) VALUES ('Edition: Shout Factory', 'Editions');
INSERT OR REPLACE INTO custom_format_conditions (custom_format_name, name, type, arr_type, negate, required) VALUES ('Edition: Shout Factory', 'Edition: Shout Factory', 'release_title', 'all', 0, 1);
INSERT OR REPLACE INTO condition_patterns (custom_format_name, condition_name, regular_expression_name) VALUES ('Edition: Shout Factory', 'Edition: Shout Factory', 'Edition: Shout Factory');
INSERT OR REPLACE INTO custom_formats (name, description, include_in_rename) VALUES ('Edition: StudioCanal', 'Managed media-server custom format. Matches release-title tokens and applies the profile score assigned in each curated quality profile.', 0);
INSERT OR REPLACE INTO custom_format_tags (custom_format_name, tag_name) VALUES ('Edition: StudioCanal', 'Editions');
INSERT OR REPLACE INTO custom_format_conditions (custom_format_name, name, type, arr_type, negate, required) VALUES ('Edition: StudioCanal', 'Edition: StudioCanal', 'release_title', 'all', 0, 1);
INSERT OR REPLACE INTO condition_patterns (custom_format_name, condition_name, regular_expression_name) VALUES ('Edition: StudioCanal', 'Edition: StudioCanal', 'Edition: StudioCanal');
INSERT OR REPLACE INTO custom_formats (name, description, include_in_rename) VALUES ('Edition: New Transfer', 'Quality-edition bonus for New Transfer, New Master, New Scan, Newly Transferred, and Newly Scanned tags. It sits below IMAX/Remastered/Restored but above vague content-edition wording.', 0);
INSERT OR REPLACE INTO custom_format_tags (custom_format_name, tag_name) VALUES ('Edition: New Transfer', 'Editions');
INSERT OR REPLACE INTO custom_format_conditions (custom_format_name, name, type, arr_type, negate, required) VALUES ('Edition: New Transfer', 'Edition: New Transfer', 'release_title', 'all', 0, 1);
INSERT OR REPLACE INTO condition_patterns (custom_format_name, condition_name, regular_expression_name) VALUES ('Edition: New Transfer', 'Edition: New Transfer', 'Edition: New Transfer');
INSERT OR REPLACE INTO custom_formats (name, description, include_in_rename) VALUES ('Edition: Director''s Cut', 'Managed media-server custom format. Matches release-title tokens and applies the profile score assigned in each curated quality profile.', 0);
INSERT OR REPLACE INTO custom_format_tags (custom_format_name, tag_name) VALUES ('Edition: Director''s Cut', 'Editions');
INSERT OR REPLACE INTO custom_format_conditions (custom_format_name, name, type, arr_type, negate, required) VALUES ('Edition: Director''s Cut', 'Edition: Director''s Cut', 'release_title', 'all', 0, 1);
INSERT OR REPLACE INTO condition_patterns (custom_format_name, condition_name, regular_expression_name) VALUES ('Edition: Director''s Cut', 'Edition: Director''s Cut', 'Edition: Director''s Cut');
INSERT OR REPLACE INTO custom_formats (name, description, include_in_rename) VALUES ('Edition: Final Cut', 'Managed media-server custom format. Matches release-title tokens and applies the profile score assigned in each curated quality profile.', 0);
INSERT OR REPLACE INTO custom_format_tags (custom_format_name, tag_name) VALUES ('Edition: Final Cut', 'Editions');
INSERT OR REPLACE INTO custom_format_conditions (custom_format_name, name, type, arr_type, negate, required) VALUES ('Edition: Final Cut', 'Edition: Final Cut', 'release_title', 'all', 0, 1);
INSERT OR REPLACE INTO condition_patterns (custom_format_name, condition_name, regular_expression_name) VALUES ('Edition: Final Cut', 'Edition: Final Cut', 'Edition: Final Cut');
INSERT OR REPLACE INTO custom_formats (name, description, include_in_rename) VALUES ('Edition: Extended', 'Managed media-server custom format. Matches release-title tokens and applies the profile score assigned in each curated quality profile.', 0);
INSERT OR REPLACE INTO custom_format_tags (custom_format_name, tag_name) VALUES ('Edition: Extended', 'Editions');
INSERT OR REPLACE INTO custom_format_conditions (custom_format_name, name, type, arr_type, negate, required) VALUES ('Edition: Extended', 'Edition: Extended', 'release_title', 'all', 0, 1);
INSERT OR REPLACE INTO condition_patterns (custom_format_name, condition_name, regular_expression_name) VALUES ('Edition: Extended', 'Edition: Extended', 'Edition: Extended');
INSERT OR REPLACE INTO custom_formats (name, description, include_in_rename) VALUES ('Edition: Ultimate Cut', 'Managed media-server custom format. Matches release-title tokens and applies the profile score assigned in each curated quality profile.', 0);
INSERT OR REPLACE INTO custom_format_tags (custom_format_name, tag_name) VALUES ('Edition: Ultimate Cut', 'Editions');
INSERT OR REPLACE INTO custom_format_conditions (custom_format_name, name, type, arr_type, negate, required) VALUES ('Edition: Ultimate Cut', 'Edition: Ultimate Cut', 'release_title', 'all', 0, 1);
INSERT OR REPLACE INTO condition_patterns (custom_format_name, condition_name, regular_expression_name) VALUES ('Edition: Ultimate Cut', 'Edition: Ultimate Cut', 'Edition: Ultimate Cut');
INSERT OR REPLACE INTO custom_formats (name, description, include_in_rename) VALUES ('Edition: Unrated', 'Managed media-server custom format. Matches release-title tokens and applies the profile score assigned in each curated quality profile.', 0);
INSERT OR REPLACE INTO custom_format_tags (custom_format_name, tag_name) VALUES ('Edition: Unrated', 'Editions');
INSERT OR REPLACE INTO custom_format_conditions (custom_format_name, name, type, arr_type, negate, required) VALUES ('Edition: Unrated', 'Edition: Unrated', 'release_title', 'all', 0, 1);
INSERT OR REPLACE INTO condition_patterns (custom_format_name, condition_name, regular_expression_name) VALUES ('Edition: Unrated', 'Edition: Unrated', 'Edition: Unrated');
INSERT OR REPLACE INTO custom_formats (name, description, include_in_rename) VALUES ('Edition: Special Edition', 'Managed media-server custom format. Matches release-title tokens and applies the profile score assigned in each curated quality profile.', 0);
INSERT OR REPLACE INTO custom_format_tags (custom_format_name, tag_name) VALUES ('Edition: Special Edition', 'Editions');
INSERT OR REPLACE INTO custom_format_conditions (custom_format_name, name, type, arr_type, negate, required) VALUES ('Edition: Special Edition', 'Edition: Special Edition', 'release_title', 'all', 0, 1);
INSERT OR REPLACE INTO condition_patterns (custom_format_name, condition_name, regular_expression_name) VALUES ('Edition: Special Edition', 'Edition: Special Edition', 'Edition: Special Edition');
INSERT OR REPLACE INTO custom_formats (name, description, include_in_rename) VALUES ('Edition: Collector''s Edition', 'Managed media-server custom format. Matches release-title tokens and applies the profile score assigned in each curated quality profile.', 0);
INSERT OR REPLACE INTO custom_format_tags (custom_format_name, tag_name) VALUES ('Edition: Collector''s Edition', 'Editions');
INSERT OR REPLACE INTO custom_format_conditions (custom_format_name, name, type, arr_type, negate, required) VALUES ('Edition: Collector''s Edition', 'Edition: Collector''s Edition', 'release_title', 'all', 0, 1);
INSERT OR REPLACE INTO condition_patterns (custom_format_name, condition_name, regular_expression_name) VALUES ('Edition: Collector''s Edition', 'Edition: Collector''s Edition', 'Edition: Collector''s Edition');
INSERT OR REPLACE INTO custom_formats (name, description, include_in_rename) VALUES ('Edition: Anniversary Edition', 'Managed media-server custom format. Matches release-title tokens and applies the profile score assigned in each curated quality profile.', 0);
INSERT OR REPLACE INTO custom_format_tags (custom_format_name, tag_name) VALUES ('Edition: Anniversary Edition', 'Editions');
INSERT OR REPLACE INTO custom_format_conditions (custom_format_name, name, type, arr_type, negate, required) VALUES ('Edition: Anniversary Edition', 'Edition: Anniversary Edition', 'release_title', 'all', 0, 1);
INSERT OR REPLACE INTO condition_patterns (custom_format_name, condition_name, regular_expression_name) VALUES ('Edition: Anniversary Edition', 'Edition: Anniversary Edition', 'Edition: Anniversary Edition');
INSERT OR REPLACE INTO custom_formats (name, description, include_in_rename) VALUES ('Edition: Fan Edit', 'Managed media-server custom format. Matches release-title tokens and applies the profile score assigned in each curated quality profile.', 0);
INSERT OR REPLACE INTO custom_format_tags (custom_format_name, tag_name) VALUES ('Edition: Fan Edit', 'Editions');
INSERT OR REPLACE INTO custom_format_conditions (custom_format_name, name, type, arr_type, negate, required) VALUES ('Edition: Fan Edit', 'Edition: Fan Edit', 'release_title', 'all', 0, 1);
INSERT OR REPLACE INTO condition_patterns (custom_format_name, condition_name, regular_expression_name) VALUES ('Edition: Fan Edit', 'Edition: Fan Edit', 'Edition: Fan Edit');
INSERT OR REPLACE INTO custom_formats (name, description, include_in_rename) VALUES ('Edition: Fan Restoration', 'Managed media-server custom format. Matches release-title tokens and applies the profile score assigned in each curated quality profile.', 0);
INSERT OR REPLACE INTO custom_format_tags (custom_format_name, tag_name) VALUES ('Edition: Fan Restoration', 'Editions');
INSERT OR REPLACE INTO custom_format_conditions (custom_format_name, name, type, arr_type, negate, required) VALUES ('Edition: Fan Restoration', 'Edition: Fan Restoration', 'release_title', 'all', 0, 1);
INSERT OR REPLACE INTO condition_patterns (custom_format_name, condition_name, regular_expression_name) VALUES ('Edition: Fan Restoration', 'Edition: Fan Restoration', 'Edition: Fan Restoration');
INSERT OR REPLACE INTO custom_formats (name, description, include_in_rename) VALUES ('Edition: UpScale', 'Managed media-server custom format. Matches release-title tokens and applies the profile score assigned in each curated quality profile.', 0);
INSERT OR REPLACE INTO custom_format_tags (custom_format_name, tag_name) VALUES ('Edition: UpScale', 'Editions');
INSERT OR REPLACE INTO custom_format_conditions (custom_format_name, name, type, arr_type, negate, required) VALUES ('Edition: UpScale', 'Edition: UpScale', 'release_title', 'all', 0, 1);
INSERT OR REPLACE INTO condition_patterns (custom_format_name, condition_name, regular_expression_name) VALUES ('Edition: UpScale', 'Edition: UpScale', 'Edition: UpScale');
