-- Alex_C.T Smart Plex modular Profilarr v2 PCD operations.
-- 09: Sonarr series quality profiles and custom-format scoring.
-- Requires 01 through 07.

INSERT OR REPLACE INTO quality_profiles (name, description, upgrades_allowed, minimum_custom_format_score, upgrade_until_score, upgrade_score_increment) VALUES ('Alex_C.T - 1080p-2160p Plex Series', 'Primary Sonarr profile for modern series. It prefers feature-rich 1080p first, then compact 2160p as a fallback, then weaker 1080p releases. Series only gain credit for the language, subtitle, codec, HDR, audio, release-fix, and source features they actually have, so richer releases rise naturally without negative guards.', 1, 0, 16000, 125);
INSERT OR REPLACE INTO quality_profile_tags (quality_profile_name, tag_name) VALUES ('Alex_C.T - 1080p-2160p Plex Series', 'Sonarr');
INSERT OR REPLACE INTO quality_profile_tags (quality_profile_name, tag_name) VALUES ('Alex_C.T - 1080p-2160p Plex Series', 'Series');
INSERT OR REPLACE INTO quality_profile_tags (quality_profile_name, tag_name) VALUES ('Alex_C.T - 1080p-2160p Plex Series', '1080p');
INSERT OR REPLACE INTO quality_profile_qualities (quality_profile_name, quality_name, position, enabled, upgrade_until) VALUES ('Alex_C.T - 1080p-2160p Plex Series', 'Bluray-1080p', 1, 1, 1);
INSERT OR REPLACE INTO quality_profile_qualities (quality_profile_name, quality_name, position, enabled, upgrade_until) VALUES ('Alex_C.T - 1080p-2160p Plex Series', 'WEBDL-1080p', 2, 1, 0);
INSERT OR REPLACE INTO quality_profile_qualities (quality_profile_name, quality_name, position, enabled, upgrade_until) VALUES ('Alex_C.T - 1080p-2160p Plex Series', 'Bluray-2160p', 3, 1, 0);
INSERT OR REPLACE INTO quality_profile_qualities (quality_profile_name, quality_name, position, enabled, upgrade_until) VALUES ('Alex_C.T - 1080p-2160p Plex Series', 'WEBDL-2160p', 4, 1, 0);
INSERT OR REPLACE INTO quality_profile_qualities (quality_profile_name, quality_name, position, enabled, upgrade_until) VALUES ('Alex_C.T - 1080p-2160p Plex Series', 'WEBRip-1080p', 5, 1, 0);
INSERT OR REPLACE INTO quality_profile_custom_formats (quality_profile_name, custom_format_name, arr_type, score) VALUES ('Alex_C.T - 1080p-2160p Plex Series', '1080p: WEB-DL Preferred', 'all', 250);
INSERT OR REPLACE INTO quality_profile_custom_formats (quality_profile_name, custom_format_name, arr_type, score) VALUES ('Alex_C.T - 1080p-2160p Plex Series', '1080p: BluRay Preferred', 'all', 500);
INSERT OR REPLACE INTO quality_profile_custom_formats (quality_profile_name, custom_format_name, arr_type, score) VALUES ('Alex_C.T - 1080p-2160p Plex Series', '1080p: WEBRip Source', 'all', 75);
INSERT OR REPLACE INTO quality_profile_custom_formats (quality_profile_name, custom_format_name, arr_type, score) VALUES ('Alex_C.T - 1080p-2160p Plex Series', '1080p: BDRip Source', 'all', 125);
INSERT OR REPLACE INTO quality_profile_custom_formats (quality_profile_name, custom_format_name, arr_type, score) VALUES ('Alex_C.T - 1080p-2160p Plex Series', '1080p: UHD BluRay Source Bonus', 'all', 600);
INSERT OR REPLACE INTO quality_profile_custom_formats (quality_profile_name, custom_format_name, arr_type, score) VALUES ('Alex_C.T - 1080p-2160p Plex Series', '4K: UHD BluRay Preferred', 'all', 550);
INSERT OR REPLACE INTO quality_profile_custom_formats (quality_profile_name, custom_format_name, arr_type, score) VALUES ('Alex_C.T - 1080p-2160p Plex Series', '4K: WEB-DL Preferred', 'all', 350);
INSERT OR REPLACE INTO quality_profile_custom_formats (quality_profile_name, custom_format_name, arr_type, score) VALUES ('Alex_C.T - 1080p-2160p Plex Series', 'Subtitles: Spanish Bonus', 'all', 50);
INSERT OR REPLACE INTO quality_profile_custom_formats (quality_profile_name, custom_format_name, arr_type, score) VALUES ('Alex_C.T - 1080p-2160p Plex Series', 'Subtitles: English Bonus', 'all', 75);
INSERT OR REPLACE INTO quality_profile_custom_formats (quality_profile_name, custom_format_name, arr_type, score) VALUES ('Alex_C.T - 1080p-2160p Plex Series', 'Subtitles: Prefer English + Spanish', 'all', 300);
INSERT OR REPLACE INTO quality_profile_custom_formats (quality_profile_name, custom_format_name, arr_type, score) VALUES ('Alex_C.T - 1080p-2160p Plex Series', 'Language: English Marker', 'all', 50);
INSERT OR REPLACE INTO quality_profile_custom_formats (quality_profile_name, custom_format_name, arr_type, score) VALUES ('Alex_C.T - 1080p-2160p Plex Series', 'Language: English-Only Backup', 'all', 50);
INSERT OR REPLACE INTO quality_profile_custom_formats (quality_profile_name, custom_format_name, arr_type, score) VALUES ('Alex_C.T - 1080p-2160p Plex Series', 'Language: Spanish-Only Fallback', 'all', 1300);
INSERT OR REPLACE INTO quality_profile_custom_formats (quality_profile_name, custom_format_name, arr_type, score) VALUES ('Alex_C.T - 1080p-2160p Plex Series', 'Language: Prefer English + Spanish', 'all', 2500);
INSERT OR REPLACE INTO quality_profile_custom_formats (quality_profile_name, custom_format_name, arr_type, score) VALUES ('Alex_C.T - 1080p-2160p Plex Series', 'Language: Latino Spanish Fallback', 'all', 700);
INSERT OR REPLACE INTO quality_profile_custom_formats (quality_profile_name, custom_format_name, arr_type, score) VALUES ('Alex_C.T - 1080p-2160p Plex Series', 'Language: Multi-Dual Audio Bonus', 'all', 900);
INSERT OR REPLACE INTO quality_profile_custom_formats (quality_profile_name, custom_format_name, arr_type, score) VALUES ('Alex_C.T - 1080p-2160p Plex Series', 'HDR: Dolby Vision Only Fallback', 'all', 500);
INSERT OR REPLACE INTO quality_profile_custom_formats (quality_profile_name, custom_format_name, arr_type, score) VALUES ('Alex_C.T - 1080p-2160p Plex Series', 'Audio: 5.1 Surround Preferred', 'all', 550);
INSERT OR REPLACE INTO quality_profile_custom_formats (quality_profile_name, custom_format_name, arr_type, score) VALUES ('Alex_C.T - 1080p-2160p Plex Series', 'Audio: EAC3-AC3 Preferred', 'all', 400);
INSERT OR REPLACE INTO quality_profile_custom_formats (quality_profile_name, custom_format_name, arr_type, score) VALUES ('Alex_C.T - 1080p-2160p Plex Series', 'Audio: AAC Fallback Marker', 'all', 40);
INSERT OR REPLACE INTO quality_profile_custom_formats (quality_profile_name, custom_format_name, arr_type, score) VALUES ('Alex_C.T - 1080p-2160p Plex Series', 'Audio: Stereo-2.0 Fallback', 'all', 10);
INSERT OR REPLACE INTO quality_profile_custom_formats (quality_profile_name, custom_format_name, arr_type, score) VALUES ('Alex_C.T - 1080p-2160p Plex Series', 'Audio: Atmos Bonus', 'all', 600);
INSERT OR REPLACE INTO quality_profile_custom_formats (quality_profile_name, custom_format_name, arr_type, score) VALUES ('Alex_C.T - 1080p-2160p Plex Series', 'Audio: 6.1 Bonus', 'all', 175);
INSERT OR REPLACE INTO quality_profile_custom_formats (quality_profile_name, custom_format_name, arr_type, score) VALUES ('Alex_C.T - 1080p-2160p Plex Series', 'Audio: 7.1 Bonus', 'all', 125);
INSERT OR REPLACE INTO quality_profile_custom_formats (quality_profile_name, custom_format_name, arr_type, score) VALUES ('Alex_C.T - 1080p-2160p Plex Series', 'Release: Proper-Repack-Rerip', 'all', 125);
INSERT OR REPLACE INTO quality_profile_custom_formats (quality_profile_name, custom_format_name, arr_type, score) VALUES ('Alex_C.T - 1080p-2160p Plex Series', 'HDR: Dolby Vision + HDR Bonus', 'all', 800);
INSERT OR REPLACE INTO quality_profile_custom_formats (quality_profile_name, custom_format_name, arr_type, score) VALUES ('Alex_C.T - 1080p-2160p Plex Series', 'Codec: HEVC-x265 Preferred', 'all', 3500);
INSERT OR REPLACE INTO quality_profile_custom_formats (quality_profile_name, custom_format_name, arr_type, score) VALUES ('Alex_C.T - 1080p-2160p Plex Series', 'Video: 10-bit SDR / Main 10 Fallback', 'all', 650);
INSERT OR REPLACE INTO quality_profile_custom_formats (quality_profile_name, custom_format_name, arr_type, score) VALUES ('Alex_C.T - 1080p-2160p Plex Series', 'HDR: Base HDR Bonus', 'all', 750);
INSERT OR REPLACE INTO quality_profile_custom_formats (quality_profile_name, custom_format_name, arr_type, score) VALUES ('Alex_C.T - 1080p-2160p Plex Series', 'HDR: HDR10+ Bonus', 'all', 600);
INSERT OR REPLACE INTO quality_profile_custom_formats (quality_profile_name, custom_format_name, arr_type, score) VALUES ('Alex_C.T - 1080p-2160p Plex Series', 'HDR: HDR10 Bonus', 'all', 400);
INSERT OR REPLACE INTO quality_profile_custom_formats (quality_profile_name, custom_format_name, arr_type, score) VALUES ('Alex_C.T - 1080p-2160p Plex Series', 'Codec: VVC-x266 Future', 'all', 2500);
INSERT OR REPLACE INTO quality_profile_custom_formats (quality_profile_name, custom_format_name, arr_type, score) VALUES ('Alex_C.T - 1080p-2160p Plex Series', 'Codec: AV1 Preferred', 'all', 3600);

INSERT OR REPLACE INTO quality_profiles (name, description, upgrades_allowed, minimum_custom_format_score, upgrade_until_score, upgrade_score_increment) VALUES ('Alex_C.T - 4K Plex Series', 'Manual 4K Sonarr profile for shows that deserve the 2160p path. Profilarr ladder displays top-to-bottom as Bluray-2160p then WEBDL-2160p, while richer HDR/Dolby Vision, codec, language, subtitle, and audio features simply add more credit. There are no negative guards or minimum-score gates in the default profile, so the best feature set wins naturally.', 1, 0, 16000, 125);
INSERT OR REPLACE INTO quality_profile_tags (quality_profile_name, tag_name) VALUES ('Alex_C.T - 4K Plex Series', 'Sonarr');
INSERT OR REPLACE INTO quality_profile_tags (quality_profile_name, tag_name) VALUES ('Alex_C.T - 4K Plex Series', 'Series');
INSERT OR REPLACE INTO quality_profile_tags (quality_profile_name, tag_name) VALUES ('Alex_C.T - 4K Plex Series', '4K');
INSERT OR REPLACE INTO quality_profile_qualities (quality_profile_name, quality_name, position, enabled, upgrade_until) VALUES ('Alex_C.T - 4K Plex Series', 'Bluray-2160p', 1, 1, 1);
INSERT OR REPLACE INTO quality_profile_qualities (quality_profile_name, quality_name, position, enabled, upgrade_until) VALUES ('Alex_C.T - 4K Plex Series', 'WEBDL-2160p', 2, 1, 0);
INSERT OR REPLACE INTO quality_profile_custom_formats (quality_profile_name, custom_format_name, arr_type, score) VALUES ('Alex_C.T - 4K Plex Series', 'Audio: 7.1 Bonus', 'all', 125);
INSERT OR REPLACE INTO quality_profile_custom_formats (quality_profile_name, custom_format_name, arr_type, score) VALUES ('Alex_C.T - 4K Plex Series', 'Audio: 5.1 Surround Preferred', 'all', 550);
INSERT OR REPLACE INTO quality_profile_custom_formats (quality_profile_name, custom_format_name, arr_type, score) VALUES ('Alex_C.T - 4K Plex Series', 'HDR: Dolby Vision Only Fallback', 'all', 500);
INSERT OR REPLACE INTO quality_profile_custom_formats (quality_profile_name, custom_format_name, arr_type, score) VALUES ('Alex_C.T - 4K Plex Series', 'Audio: Atmos Bonus', 'all', 600);
INSERT OR REPLACE INTO quality_profile_custom_formats (quality_profile_name, custom_format_name, arr_type, score) VALUES ('Alex_C.T - 4K Plex Series', 'Audio: 6.1 Bonus', 'all', 175);
INSERT OR REPLACE INTO quality_profile_custom_formats (quality_profile_name, custom_format_name, arr_type, score) VALUES ('Alex_C.T - 4K Plex Series', 'Audio: EAC3-AC3 Preferred', 'all', 400);
INSERT OR REPLACE INTO quality_profile_custom_formats (quality_profile_name, custom_format_name, arr_type, score) VALUES ('Alex_C.T - 4K Plex Series', 'Release: Proper-Repack-Rerip', 'all', 125);
INSERT OR REPLACE INTO quality_profile_custom_formats (quality_profile_name, custom_format_name, arr_type, score) VALUES ('Alex_C.T - 4K Plex Series', '4K: WEB-DL Preferred', 'all', 425);
INSERT OR REPLACE INTO quality_profile_custom_formats (quality_profile_name, custom_format_name, arr_type, score) VALUES ('Alex_C.T - 4K Plex Series', '4K: UHD BluRay Preferred', 'all', 625);
INSERT OR REPLACE INTO quality_profile_custom_formats (quality_profile_name, custom_format_name, arr_type, score) VALUES ('Alex_C.T - 4K Plex Series', 'Subtitles: English Bonus', 'all', 75);
INSERT OR REPLACE INTO quality_profile_custom_formats (quality_profile_name, custom_format_name, arr_type, score) VALUES ('Alex_C.T - 4K Plex Series', 'Subtitles: Prefer English + Spanish', 'all', 300);
INSERT OR REPLACE INTO quality_profile_custom_formats (quality_profile_name, custom_format_name, arr_type, score) VALUES ('Alex_C.T - 4K Plex Series', 'Subtitles: Spanish Bonus', 'all', 50);
INSERT OR REPLACE INTO quality_profile_custom_formats (quality_profile_name, custom_format_name, arr_type, score) VALUES ('Alex_C.T - 4K Plex Series', 'Codec: AV1 Preferred', 'all', 3600);
INSERT OR REPLACE INTO quality_profile_custom_formats (quality_profile_name, custom_format_name, arr_type, score) VALUES ('Alex_C.T - 4K Plex Series', 'Language: English Marker', 'all', 50);
INSERT OR REPLACE INTO quality_profile_custom_formats (quality_profile_name, custom_format_name, arr_type, score) VALUES ('Alex_C.T - 4K Plex Series', 'Language: English-Only Backup', 'all', 50);
INSERT OR REPLACE INTO quality_profile_custom_formats (quality_profile_name, custom_format_name, arr_type, score) VALUES ('Alex_C.T - 4K Plex Series', 'Language: Spanish-Only Fallback', 'all', 1300);
INSERT OR REPLACE INTO quality_profile_custom_formats (quality_profile_name, custom_format_name, arr_type, score) VALUES ('Alex_C.T - 4K Plex Series', 'Language: Prefer English + Spanish', 'all', 2500);
INSERT OR REPLACE INTO quality_profile_custom_formats (quality_profile_name, custom_format_name, arr_type, score) VALUES ('Alex_C.T - 4K Plex Series', 'Language: Latino Spanish Fallback', 'all', 700);
INSERT OR REPLACE INTO quality_profile_custom_formats (quality_profile_name, custom_format_name, arr_type, score) VALUES ('Alex_C.T - 4K Plex Series', 'Language: Multi-Dual Audio Bonus', 'all', 900);
INSERT OR REPLACE INTO quality_profile_custom_formats (quality_profile_name, custom_format_name, arr_type, score) VALUES ('Alex_C.T - 4K Plex Series', 'HDR: HDR10+ Bonus', 'all', 600);
INSERT OR REPLACE INTO quality_profile_custom_formats (quality_profile_name, custom_format_name, arr_type, score) VALUES ('Alex_C.T - 4K Plex Series', 'HDR: HDR10 Bonus', 'all', 400);
INSERT OR REPLACE INTO quality_profile_custom_formats (quality_profile_name, custom_format_name, arr_type, score) VALUES ('Alex_C.T - 4K Plex Series', 'HDR: Dolby Vision + HDR Bonus', 'all', 800);
INSERT OR REPLACE INTO quality_profile_custom_formats (quality_profile_name, custom_format_name, arr_type, score) VALUES ('Alex_C.T - 4K Plex Series', 'Codec: HEVC-x265 Preferred', 'all', 3500);
INSERT OR REPLACE INTO quality_profile_custom_formats (quality_profile_name, custom_format_name, arr_type, score) VALUES ('Alex_C.T - 4K Plex Series', 'Video: 10-bit SDR / Main 10 Fallback', 'all', 650);
INSERT OR REPLACE INTO quality_profile_custom_formats (quality_profile_name, custom_format_name, arr_type, score) VALUES ('Alex_C.T - 4K Plex Series', 'Codec: VVC-x266 Future', 'all', 2500);
INSERT OR REPLACE INTO quality_profile_custom_formats (quality_profile_name, custom_format_name, arr_type, score) VALUES ('Alex_C.T - 4K Plex Series', 'HDR: Base HDR Bonus', 'all', 750);
INSERT OR REPLACE INTO quality_profile_custom_formats (quality_profile_name, custom_format_name, arr_type, score) VALUES ('Alex_C.T - 4K Plex Series', 'Audio: AAC Fallback Marker', 'all', 40);
INSERT OR REPLACE INTO quality_profile_custom_formats (quality_profile_name, custom_format_name, arr_type, score) VALUES ('Alex_C.T - 4K Plex Series', 'Audio: Stereo-2.0 Fallback', 'all', 10);

INSERT OR REPLACE INTO quality_profiles (name, description, upgrades_allowed, minimum_custom_format_score, upgrade_until_score, upgrade_score_increment) VALUES ('Alex_C.T - Catalog 480p-1080p Plex Series', 'Relaxed additive Sonarr catalog profile for older or hard-to-find series. Upgrade paths can start at 480p, DVD, or 720p and climb to compact Bluray-1080p, while language, subtitle, codec, HDR, audio, release-fix, and source features simply add more credit instead of blocking weaker copies outright.', 1, 0, 13000, 125);
INSERT OR REPLACE INTO quality_profile_tags (quality_profile_name, tag_name) VALUES ('Alex_C.T - Catalog 480p-1080p Plex Series', 'Sonarr');
INSERT OR REPLACE INTO quality_profile_tags (quality_profile_name, tag_name) VALUES ('Alex_C.T - Catalog 480p-1080p Plex Series', 'Series');
INSERT OR REPLACE INTO quality_profile_tags (quality_profile_name, tag_name) VALUES ('Alex_C.T - Catalog 480p-1080p Plex Series', '1080p');
INSERT OR REPLACE INTO quality_profile_tags (quality_profile_name, tag_name) VALUES ('Alex_C.T - Catalog 480p-1080p Plex Series', 'Catalog');
INSERT OR REPLACE INTO quality_profile_qualities (quality_profile_name, quality_name, position, enabled, upgrade_until) VALUES ('Alex_C.T - Catalog 480p-1080p Plex Series', 'Bluray-1080p', 1, 1, 1);
INSERT OR REPLACE INTO quality_groups (quality_profile_name, name) VALUES ('Alex_C.T - Catalog 480p-1080p Plex Series', 'WEB 1080p');
INSERT OR REPLACE INTO quality_group_members (quality_profile_name, quality_group_name, quality_name) VALUES ('Alex_C.T - Catalog 480p-1080p Plex Series', 'WEB 1080p', 'WEBDL-1080p');
INSERT OR REPLACE INTO quality_group_members (quality_profile_name, quality_group_name, quality_name) VALUES ('Alex_C.T - Catalog 480p-1080p Plex Series', 'WEB 1080p', 'WEBRip-1080p');
INSERT OR REPLACE INTO quality_profile_qualities (quality_profile_name, quality_group_name, position, enabled, upgrade_until) VALUES ('Alex_C.T - Catalog 480p-1080p Plex Series', 'WEB 1080p', 2, 1, 0);
INSERT OR REPLACE INTO quality_profile_qualities (quality_profile_name, quality_name, position, enabled, upgrade_until) VALUES ('Alex_C.T - Catalog 480p-1080p Plex Series', 'Bluray-720p', 3, 1, 0);
INSERT OR REPLACE INTO quality_groups (quality_profile_name, name) VALUES ('Alex_C.T - Catalog 480p-1080p Plex Series', 'WEB 720p');
INSERT OR REPLACE INTO quality_group_members (quality_profile_name, quality_group_name, quality_name) VALUES ('Alex_C.T - Catalog 480p-1080p Plex Series', 'WEB 720p', 'WEBDL-720p');
INSERT OR REPLACE INTO quality_group_members (quality_profile_name, quality_group_name, quality_name) VALUES ('Alex_C.T - Catalog 480p-1080p Plex Series', 'WEB 720p', 'WEBRip-720p');
INSERT OR REPLACE INTO quality_profile_qualities (quality_profile_name, quality_group_name, position, enabled, upgrade_until) VALUES ('Alex_C.T - Catalog 480p-1080p Plex Series', 'WEB 720p', 4, 1, 0);
INSERT OR REPLACE INTO quality_profile_qualities (quality_profile_name, quality_name, position, enabled, upgrade_until) VALUES ('Alex_C.T - Catalog 480p-1080p Plex Series', 'HDTV-720p', 5, 1, 0);
INSERT OR REPLACE INTO quality_profile_qualities (quality_profile_name, quality_name, position, enabled, upgrade_until) VALUES ('Alex_C.T - Catalog 480p-1080p Plex Series', 'Bluray-576p', 6, 1, 0);
INSERT OR REPLACE INTO quality_profile_qualities (quality_profile_name, quality_name, position, enabled, upgrade_until) VALUES ('Alex_C.T - Catalog 480p-1080p Plex Series', 'Bluray-480p', 7, 1, 0);
INSERT OR REPLACE INTO quality_profile_qualities (quality_profile_name, quality_name, position, enabled, upgrade_until) VALUES ('Alex_C.T - Catalog 480p-1080p Plex Series', 'DVD', 8, 1, 0);
INSERT OR REPLACE INTO quality_groups (quality_profile_name, name) VALUES ('Alex_C.T - Catalog 480p-1080p Plex Series', 'WEB 480p');
INSERT OR REPLACE INTO quality_group_members (quality_profile_name, quality_group_name, quality_name) VALUES ('Alex_C.T - Catalog 480p-1080p Plex Series', 'WEB 480p', 'WEBDL-480p');
INSERT OR REPLACE INTO quality_group_members (quality_profile_name, quality_group_name, quality_name) VALUES ('Alex_C.T - Catalog 480p-1080p Plex Series', 'WEB 480p', 'WEBRip-480p');
INSERT OR REPLACE INTO quality_profile_qualities (quality_profile_name, quality_group_name, position, enabled, upgrade_until) VALUES ('Alex_C.T - Catalog 480p-1080p Plex Series', 'WEB 480p', 9, 1, 0);
INSERT OR REPLACE INTO quality_profile_custom_formats (quality_profile_name, custom_format_name, arr_type, score) VALUES ('Alex_C.T - Catalog 480p-1080p Plex Series', '720p: WEBRip Source', 'all', 50);
INSERT OR REPLACE INTO quality_profile_custom_formats (quality_profile_name, custom_format_name, arr_type, score) VALUES ('Alex_C.T - Catalog 480p-1080p Plex Series', '720p: WEB-DL Preferred', 'all', 200);
INSERT OR REPLACE INTO quality_profile_custom_formats (quality_profile_name, custom_format_name, arr_type, score) VALUES ('Alex_C.T - Catalog 480p-1080p Plex Series', '720p: BluRay Preferred', 'all', 400);
INSERT OR REPLACE INTO quality_profile_custom_formats (quality_profile_name, custom_format_name, arr_type, score) VALUES ('Alex_C.T - Catalog 480p-1080p Plex Series', '720p: BDRip Source', 'all', 38);
INSERT OR REPLACE INTO quality_profile_custom_formats (quality_profile_name, custom_format_name, arr_type, score) VALUES ('Alex_C.T - Catalog 480p-1080p Plex Series', '1080p: WEB-DL Preferred', 'all', 250);
INSERT OR REPLACE INTO quality_profile_custom_formats (quality_profile_name, custom_format_name, arr_type, score) VALUES ('Alex_C.T - Catalog 480p-1080p Plex Series', '1080p: BluRay Preferred', 'all', 500);
INSERT OR REPLACE INTO quality_profile_custom_formats (quality_profile_name, custom_format_name, arr_type, score) VALUES ('Alex_C.T - Catalog 480p-1080p Plex Series', '1080p: BDRip Source', 'all', 125);
INSERT OR REPLACE INTO quality_profile_custom_formats (quality_profile_name, custom_format_name, arr_type, score) VALUES ('Alex_C.T - Catalog 480p-1080p Plex Series', '1080p: WEBRip Source', 'all', 75);
INSERT OR REPLACE INTO quality_profile_custom_formats (quality_profile_name, custom_format_name, arr_type, score) VALUES ('Alex_C.T - Catalog 480p-1080p Plex Series', '576p: BluRay Preferred', 'all', 150);
INSERT OR REPLACE INTO quality_profile_custom_formats (quality_profile_name, custom_format_name, arr_type, score) VALUES ('Alex_C.T - Catalog 480p-1080p Plex Series', '480p: BDRip Source', 'all', 25);
INSERT OR REPLACE INTO quality_profile_custom_formats (quality_profile_name, custom_format_name, arr_type, score) VALUES ('Alex_C.T - Catalog 480p-1080p Plex Series', '480p: WEBRip Source', 'all', 25);
INSERT OR REPLACE INTO quality_profile_custom_formats (quality_profile_name, custom_format_name, arr_type, score) VALUES ('Alex_C.T - Catalog 480p-1080p Plex Series', 'Release: Proper-Repack-Rerip', 'all', 125);
INSERT OR REPLACE INTO quality_profile_custom_formats (quality_profile_name, custom_format_name, arr_type, score) VALUES ('Alex_C.T - Catalog 480p-1080p Plex Series', '480p: WEB-DL Preferred', 'all', 50);
INSERT OR REPLACE INTO quality_profile_custom_formats (quality_profile_name, custom_format_name, arr_type, score) VALUES ('Alex_C.T - Catalog 480p-1080p Plex Series', '576p: BDRip Source', 'all', 25);
INSERT OR REPLACE INTO quality_profile_custom_formats (quality_profile_name, custom_format_name, arr_type, score) VALUES ('Alex_C.T - Catalog 480p-1080p Plex Series', '576p: WEBRip Source', 'all', 25);
INSERT OR REPLACE INTO quality_profile_custom_formats (quality_profile_name, custom_format_name, arr_type, score) VALUES ('Alex_C.T - Catalog 480p-1080p Plex Series', '576p: WEB-DL Preferred', 'all', 50);
INSERT OR REPLACE INTO quality_profile_custom_formats (quality_profile_name, custom_format_name, arr_type, score) VALUES ('Alex_C.T - Catalog 480p-1080p Plex Series', '480p: BluRay Preferred', 'all', 100);
INSERT OR REPLACE INTO quality_profile_custom_formats (quality_profile_name, custom_format_name, arr_type, score) VALUES ('Alex_C.T - Catalog 480p-1080p Plex Series', 'Codec: AV1 Preferred', 'all', 3600);
INSERT OR REPLACE INTO quality_profile_custom_formats (quality_profile_name, custom_format_name, arr_type, score) VALUES ('Alex_C.T - Catalog 480p-1080p Plex Series', 'Subtitles: Spanish Bonus', 'all', 50);
INSERT OR REPLACE INTO quality_profile_custom_formats (quality_profile_name, custom_format_name, arr_type, score) VALUES ('Alex_C.T - Catalog 480p-1080p Plex Series', 'Codec: HEVC-x265 Preferred', 'all', 3500);
INSERT OR REPLACE INTO quality_profile_custom_formats (quality_profile_name, custom_format_name, arr_type, score) VALUES ('Alex_C.T - Catalog 480p-1080p Plex Series', 'Video: 10-bit SDR / Main 10 Fallback', 'all', 450);
INSERT OR REPLACE INTO quality_profile_custom_formats (quality_profile_name, custom_format_name, arr_type, score) VALUES ('Alex_C.T - Catalog 480p-1080p Plex Series', 'Codec: VVC-x266 Future', 'all', 2500);
INSERT OR REPLACE INTO quality_profile_custom_formats (quality_profile_name, custom_format_name, arr_type, score) VALUES ('Alex_C.T - Catalog 480p-1080p Plex Series', 'Subtitles: English Bonus', 'all', 75);
INSERT OR REPLACE INTO quality_profile_custom_formats (quality_profile_name, custom_format_name, arr_type, score) VALUES ('Alex_C.T - Catalog 480p-1080p Plex Series', 'Language: English Marker', 'all', 50);
INSERT OR REPLACE INTO quality_profile_custom_formats (quality_profile_name, custom_format_name, arr_type, score) VALUES ('Alex_C.T - Catalog 480p-1080p Plex Series', 'Language: English-Only Backup', 'all', 50);
INSERT OR REPLACE INTO quality_profile_custom_formats (quality_profile_name, custom_format_name, arr_type, score) VALUES ('Alex_C.T - Catalog 480p-1080p Plex Series', 'Language: Latino Spanish Fallback', 'all', 700);
INSERT OR REPLACE INTO quality_profile_custom_formats (quality_profile_name, custom_format_name, arr_type, score) VALUES ('Alex_C.T - Catalog 480p-1080p Plex Series', 'Language: Spanish-Only Fallback', 'all', 1300);
INSERT OR REPLACE INTO quality_profile_custom_formats (quality_profile_name, custom_format_name, arr_type, score) VALUES ('Alex_C.T - Catalog 480p-1080p Plex Series', 'Language: Prefer English + Spanish', 'all', 2500);
INSERT OR REPLACE INTO quality_profile_custom_formats (quality_profile_name, custom_format_name, arr_type, score) VALUES ('Alex_C.T - Catalog 480p-1080p Plex Series', 'Subtitles: Prefer English + Spanish', 'all', 300);
INSERT OR REPLACE INTO quality_profile_custom_formats (quality_profile_name, custom_format_name, arr_type, score) VALUES ('Alex_C.T - Catalog 480p-1080p Plex Series', 'Language: Multi-Dual Audio Bonus', 'all', 900);
INSERT OR REPLACE INTO quality_profile_custom_formats (quality_profile_name, custom_format_name, arr_type, score) VALUES ('Alex_C.T - Catalog 480p-1080p Plex Series', 'HDR: Base HDR Bonus', 'all', 750);
INSERT OR REPLACE INTO quality_profile_custom_formats (quality_profile_name, custom_format_name, arr_type, score) VALUES ('Alex_C.T - Catalog 480p-1080p Plex Series', 'Audio: 7.1 Bonus', 'all', 125);
INSERT OR REPLACE INTO quality_profile_custom_formats (quality_profile_name, custom_format_name, arr_type, score) VALUES ('Alex_C.T - Catalog 480p-1080p Plex Series', 'Audio: 6.1 Bonus', 'all', 175);
INSERT OR REPLACE INTO quality_profile_custom_formats (quality_profile_name, custom_format_name, arr_type, score) VALUES ('Alex_C.T - Catalog 480p-1080p Plex Series', 'Audio: EAC3-AC3 Preferred', 'all', 400);
INSERT OR REPLACE INTO quality_profile_custom_formats (quality_profile_name, custom_format_name, arr_type, score) VALUES ('Alex_C.T - Catalog 480p-1080p Plex Series', '1080p: UHD BluRay Source Bonus', 'all', 600);
INSERT OR REPLACE INTO quality_profile_custom_formats (quality_profile_name, custom_format_name, arr_type, score) VALUES ('Alex_C.T - Catalog 480p-1080p Plex Series', 'Audio: Atmos Bonus', 'all', 600);
INSERT OR REPLACE INTO quality_profile_custom_formats (quality_profile_name, custom_format_name, arr_type, score) VALUES ('Alex_C.T - Catalog 480p-1080p Plex Series', 'HDR: Dolby Vision + HDR Bonus', 'all', 800);
INSERT OR REPLACE INTO quality_profile_custom_formats (quality_profile_name, custom_format_name, arr_type, score) VALUES ('Alex_C.T - Catalog 480p-1080p Plex Series', 'HDR: HDR10+ Bonus', 'all', 600);
INSERT OR REPLACE INTO quality_profile_custom_formats (quality_profile_name, custom_format_name, arr_type, score) VALUES ('Alex_C.T - Catalog 480p-1080p Plex Series', 'HDR: HDR10 Bonus', 'all', 400);
INSERT OR REPLACE INTO quality_profile_custom_formats (quality_profile_name, custom_format_name, arr_type, score) VALUES ('Alex_C.T - Catalog 480p-1080p Plex Series', 'Audio: 5.1 Surround Preferred', 'all', 550);
INSERT OR REPLACE INTO quality_profile_custom_formats (quality_profile_name, custom_format_name, arr_type, score) VALUES ('Alex_C.T - Catalog 480p-1080p Plex Series', 'HDR: Dolby Vision Only Fallback', 'all', 500);
INSERT OR REPLACE INTO quality_profile_custom_formats (quality_profile_name, custom_format_name, arr_type, score) VALUES ('Alex_C.T - Catalog 480p-1080p Plex Series', 'Audio: AAC Fallback Marker', 'all', 40);
INSERT OR REPLACE INTO quality_profile_custom_formats (quality_profile_name, custom_format_name, arr_type, score) VALUES ('Alex_C.T - Catalog 480p-1080p Plex Series', 'Audio: Stereo-2.0 Fallback', 'all', 10);
