-- Alex_C.T Smart Plex generated Profilarr v2 PCD operations.
-- Generated by Arr-Setup-Language-Formats.

INSERT OR REPLACE INTO tags (name) VALUES ('Smart Plex');
INSERT OR REPLACE INTO tags (name) VALUES ('Language');
INSERT OR REPLACE INTO tags (name) VALUES ('Subtitles');
INSERT OR REPLACE INTO tags (name) VALUES ('Codec');
INSERT OR REPLACE INTO tags (name) VALUES ('HDR / 4K');
INSERT OR REPLACE INTO tags (name) VALUES ('Audio');
INSERT OR REPLACE INTO tags (name) VALUES ('Blocking');
INSERT OR REPLACE INTO tags (name) VALUES ('Scoring');
INSERT OR REPLACE INTO tags (name) VALUES ('Movies');
INSERT OR REPLACE INTO tags (name) VALUES ('Series');
INSERT OR REPLACE INTO tags (name) VALUES ('Radarr');
INSERT OR REPLACE INTO tags (name) VALUES ('Sonarr');
INSERT OR REPLACE INTO tags (name) VALUES ('1080p');
INSERT OR REPLACE INTO tags (name) VALUES ('4K');
INSERT OR REPLACE INTO tags (name) VALUES ('Catalog');
INSERT OR REPLACE INTO tags (name) VALUES ('720p');
INSERT OR REPLACE INTO tags (name) VALUES ('Archive');
INSERT OR REPLACE INTO tags (name) VALUES ('Editions');
INSERT OR REPLACE INTO tags (name) VALUES ('Release Fixes');
INSERT OR REPLACE INTO languages (name) VALUES ('Any');
INSERT OR REPLACE INTO languages (name) VALUES ('English');
INSERT OR REPLACE INTO languages (name) VALUES ('Spanish');
INSERT OR REPLACE INTO qualities (name) VALUES ('Raw-HD');
INSERT OR REPLACE INTO qualities (name) VALUES ('BR-Disk');
INSERT OR REPLACE INTO qualities (name) VALUES ('Remux-2160p');
INSERT OR REPLACE INTO qualities (name) VALUES ('Bluray-2160p');
INSERT OR REPLACE INTO qualities (name) VALUES ('WEBDL-2160p');
INSERT OR REPLACE INTO qualities (name) VALUES ('WEBRip-2160p');
INSERT OR REPLACE INTO qualities (name) VALUES ('HDTV-2160p');
INSERT OR REPLACE INTO qualities (name) VALUES ('Remux-1080p');
INSERT OR REPLACE INTO qualities (name) VALUES ('WEBDL-1080p');
INSERT OR REPLACE INTO qualities (name) VALUES ('Bluray-1080p');
INSERT OR REPLACE INTO qualities (name) VALUES ('WEBRip-1080p');
INSERT OR REPLACE INTO qualities (name) VALUES ('HDTV-1080p');
INSERT OR REPLACE INTO qualities (name) VALUES ('Bluray-720p');
INSERT OR REPLACE INTO qualities (name) VALUES ('WEBDL-720p');
INSERT OR REPLACE INTO qualities (name) VALUES ('WEBRip-720p');
INSERT OR REPLACE INTO qualities (name) VALUES ('HDTV-720p');
INSERT OR REPLACE INTO qualities (name) VALUES ('Bluray-576p');
INSERT OR REPLACE INTO qualities (name) VALUES ('Bluray-480p');
INSERT OR REPLACE INTO qualities (name) VALUES ('WEBDL-480p');
INSERT OR REPLACE INTO qualities (name) VALUES ('WEBRip-480p');
INSERT OR REPLACE INTO qualities (name) VALUES ('DVD-R');
INSERT OR REPLACE INTO qualities (name) VALUES ('DVD');
INSERT OR REPLACE INTO qualities (name) VALUES ('DVDSCR');
INSERT OR REPLACE INTO qualities (name) VALUES ('SDTV');
INSERT OR REPLACE INTO qualities (name) VALUES ('Telecine');
INSERT OR REPLACE INTO qualities (name) VALUES ('Telesync');
INSERT OR REPLACE INTO qualities (name) VALUES ('REGIONAL');
INSERT OR REPLACE INTO qualities (name) VALUES ('WORKPRINT');
INSERT OR REPLACE INTO qualities (name) VALUES ('CAM');
INSERT OR REPLACE INTO qualities (name) VALUES ('Unknown');
INSERT OR REPLACE INTO qualities (name) VALUES ('Remux-1080p');
INSERT OR REPLACE INTO qualities (name) VALUES ('Remux-2160p');
INSERT OR REPLACE INTO regular_expressions (name, pattern, description) VALUES ('Language: Prefer English + Spanish', '(?i)^(?:(?=.*(?:\beng(?:lish)?\b|\btrueenglish\b|\bingles\b|\bingl[e\u00e9]s\b|[._ \-\[\(](?:en|eng|enus)[._ \-\]\)]))(?=.*(?:(?:\bspa(?:nish)?\b|\besp(?:anol|a\u00f1ol)?\b|\bespanol\b|\bespa\u00f1ol\b|\bcastellano\b|\bcastilian\b)|(?:\blatino\b|\blatina\b|\blatam\b|\blatin[ ._-]?america(?:n)?\b|\blatinoamerica(?:no)?\b|\blatinoam[e\u00e9]rica(?:no)?\b|\bespa[n\u00f1]ol[ ._-]?latino\b|\blat(?:ino)?[ ._-]?dub(?:bed)?\b|\baudio[ ._-]?(?:latino|latam|spanish|espa[n\u00f1]ol)\b|\bcast(?:ellano)?\b|\bmex(?:ican|ico)?\b|\bmx\b|\bes[ ._-]?(?:la|lat|419|mx|es|us)\b|\bspa[ ._-]?(?:lat|la|mx|cast|es|419)\b|\besp[ ._-]?(?:lat|la|mx|cast|es|419)\b|[._ \-\[\(](?:es|spa|esp|lat|la|mx|es419)[._ \-\]\)])))|(?=.*(?:\blatino\b|\blatina\b|\blatam\b|\blatin[ ._-]?america(?:n)?\b|\blatinoamerica(?:no)?\b|\blatinoam[e\u00e9]rica(?:no)?\b|\bespa[n\u00f1]ol[ ._-]?latino\b|\blat(?:ino)?[ ._-]?dub(?:bed)?\b|\baudio[ ._-]?(?:latino|latam|spanish|espa[n\u00f1]ol)\b|\bcast(?:ellano)?\b|\bmex(?:ican|ico)?\b|\bmx\b|\bes[ ._-]?(?:la|lat|419|mx|es|us)\b|\bspa[ ._-]?(?:lat|la|mx|cast|es|419)\b|\besp[ ._-]?(?:lat|la|mx|cast|es|419)\b|[._ \-\[\(](?:es|spa|esp|lat|la|mx|es419)[._ \-\]\)]))(?=.*(?:\bmulti(?:[ ._-]?(?:audio|lang|language|dub|sub|subs))?\b|\bmulti\d+\b|\bmultilang\b|\bmultiaudio\b|\bdual[ ._-]?(?:audio|lang(?:uage)?|dub)?\b|\btri[ ._-]?audio\b|\bdualaudio\b|\bdual\b))|(?=.*(?:\beng(?:lish)?\b|\btrueenglish\b|\bingles\b|\bingl[e\u00e9]s\b|[._ \-\[\(](?:en|eng|enus)[._ \-\]\)]))(?=.*(?:\blatino\b|\blatina\b|\blatam\b|\blatin[ ._-]?america(?:n)?\b|\blatinoamerica(?:no)?\b|\blatinoam[e\u00e9]rica(?:no)?\b|\bespa[n\u00f1]ol[ ._-]?latino\b|\blat(?:ino)?[ ._-]?dub(?:bed)?\b|\baudio[ ._-]?(?:latino|latam|spanish|espa[n\u00f1]ol)\b|\bcast(?:ellano)?\b|\bmex(?:ican|ico)?\b|\bmx\b|\bes[ ._-]?(?:la|lat|419|mx|es|us)\b|\bspa[ ._-]?(?:lat|la|mx|cast|es|419)\b|\besp[ ._-]?(?:lat|la|mx|cast|es|419)\b|[._ \-\[\(](?:es|spa|esp|lat|la|mx|es419)[._ \-\]\)]))).*$', 'Highest language preference. Rewards releases that appear to include both English and Spanish/Latino language indicators, or a strong Latino/multi-audio signal, so Plex gets the best bilingual copy first.');
INSERT OR REPLACE INTO regular_expression_tags (regular_expression_name, tag_name) VALUES ('Language: Prefer English + Spanish', 'Language');
INSERT OR REPLACE INTO regular_expressions (name, pattern, description) VALUES ('Language: English Marker', '(?i)(?:\beng(?:lish)?\b|\btrueenglish\b|\bingles\b|\bingl[e\u00e9]s\b|[._ \-\[\(](?:en|eng|enus)[._ \-\]\)])', 'Tiny English-tag confirmation bonus. English is treated as the last language fallback, so this exists mainly to confirm the tag rather than drive the decision.');
INSERT OR REPLACE INTO regular_expression_tags (regular_expression_name, tag_name) VALUES ('Language: English Marker', 'Language');
INSERT OR REPLACE INTO regular_expressions (name, pattern, description) VALUES ('Language: Spanish-Only Fallback', '(?i)^(?=.*(?:\bspa(?:nish)?\b|\besp(?:anol|a\u00f1ol)?\b|\bespanol\b|\bespa\u00f1ol\b|\bcastellano\b|\bcastilian\b))(?!.*(?:\beng(?:lish)?\b|\btrueenglish\b|\bingles\b|\bingl[e\u00e9]s\b|[._ \-\[\(](?:en|eng|enus)[._ \-\]\)]))(?!.*(?:\bmulti(?:[ ._-]?(?:audio|lang|language|dub|sub|subs))?\b|\bmulti\d+\b|\bmultilang\b|\bmultiaudio\b|\bdual[ ._-]?(?:audio|lang(?:uage)?|dub)?\b|\btri[ ._-]?audio\b|\bdualaudio\b|\bdual\b)).*$', 'Preferred single-language fallback. Rewards explicit Spanish or Castellano tags when a true bilingual English+Spanish release is not available.');
INSERT OR REPLACE INTO regular_expression_tags (regular_expression_name, tag_name) VALUES ('Language: Spanish-Only Fallback', 'Language');
INSERT OR REPLACE INTO regular_expression_tags (regular_expression_name, tag_name) VALUES ('Language: Spanish-Only Fallback', 'Scoring');
INSERT OR REPLACE INTO regular_expressions (name, pattern, description) VALUES ('Language: Latino Spanish Fallback', '(?i)^(?=.*(?:\blatino\b|\blatina\b|\blatam\b|\blatin[ ._-]?america(?:n)?\b|\blatinoamerica(?:no)?\b|\blatinoam[e\u00e9]rica(?:no)?\b|\bespa[n\u00f1]ol[ ._-]?latino\b|\blat(?:ino)?[ ._-]?dub(?:bed)?\b|\baudio[ ._-]?(?:latino|latam|spanish|espa[n\u00f1]ol)\b|\bcast(?:ellano)?\b|\bmex(?:ican|ico)?\b|\bmx\b|\bes[ ._-]?(?:la|lat|419|mx|es|us)\b|\bspa[ ._-]?(?:lat|la|mx|cast|es|419)\b|\besp[ ._-]?(?:lat|la|mx|cast|es|419)\b|[._ \-\[\(](?:es|spa|esp|lat|la|mx|es419)[._ \-\]\)]))(?!.*(?:\bspa(?:nish)?\b|\besp(?:anol|a\u00f1ol)?\b|\bespanol\b|\bespa\u00f1ol\b|\bcastellano\b|\bcastilian\b))(?!.*(?:\beng(?:lish)?\b|\btrueenglish\b|\bingles\b|\bingl[e\u00e9]s\b|[._ \-\[\(](?:en|eng|enus)[._ \-\]\)]))(?!.*(?:\bmulti(?:[ ._-]?(?:audio|lang|language|dub|sub|subs))?\b|\bmulti\d+\b|\bmultilang\b|\bmultiaudio\b|\bdual[ ._-]?(?:audio|lang(?:uage)?|dub)?\b|\btri[ ._-]?audio\b|\bdualaudio\b|\bdual\b)).*$', 'Secondary Spanish-friendly fallback for Latino, LATAM, Mexican, or ES-style tags that often imply Spanish audio even when English is not clearly labeled.');
INSERT OR REPLACE INTO regular_expression_tags (regular_expression_name, tag_name) VALUES ('Language: Latino Spanish Fallback', 'Language');
INSERT OR REPLACE INTO regular_expression_tags (regular_expression_name, tag_name) VALUES ('Language: Latino Spanish Fallback', 'Scoring');
INSERT OR REPLACE INTO regular_expressions (name, pattern, description) VALUES ('Language: English-Only Backup', '(?i)^(?=.*(?:\beng(?:lish)?\b|\btrueenglish\b|\bingles\b|\bingl[e\u00e9]s\b|[._ \-\[\(](?:en|eng|enus)[._ \-\]\)]))(?!.*(?:(?:\bspa(?:nish)?\b|\besp(?:anol|a\u00f1ol)?\b|\bespanol\b|\bespa\u00f1ol\b|\bcastellano\b|\bcastilian\b)|(?:\blatino\b|\blatina\b|\blatam\b|\blatin[ ._-]?america(?:n)?\b|\blatinoamerica(?:no)?\b|\blatinoam[e\u00e9]rica(?:no)?\b|\bespa[n\u00f1]ol[ ._-]?latino\b|\blat(?:ino)?[ ._-]?dub(?:bed)?\b|\baudio[ ._-]?(?:latino|latam|spanish|espa[n\u00f1]ol)\b|\bcast(?:ellano)?\b|\bmex(?:ican|ico)?\b|\bmx\b|\bes[ ._-]?(?:la|lat|419|mx|es|us)\b|\bspa[ ._-]?(?:lat|la|mx|cast|es|419)\b|\besp[ ._-]?(?:lat|la|mx|cast|es|419)\b|[._ \-\[\(](?:es|spa|esp|lat|la|mx|es419)[._ \-\]\)])))(?!.*(?:\bmulti(?:[ ._-]?(?:audio|lang|language|dub|sub|subs))?\b|\bmulti\d+\b|\bmultilang\b|\bmultiaudio\b|\bdual[ ._-]?(?:audio|lang(?:uage)?|dub)?\b|\btri[ ._-]?audio\b|\bdualaudio\b|\bdual\b)).*$', 'Last language fallback. English-only releases stay usable, but they should lose to EN+ES, Spanish, Multi, and Latino-tagged options.');
INSERT OR REPLACE INTO regular_expression_tags (regular_expression_name, tag_name) VALUES ('Language: English-Only Backup', 'Language');
INSERT OR REPLACE INTO regular_expressions (name, pattern, description) VALUES ('Language: Multi-Dual Audio Bonus', '(?i)(?:\bmulti(?:[ ._-]?(?:audio|lang|language|dub|sub|subs))?\b|\bmulti\d+\b|\bmultilang\b|\bmultiaudio\b|\bdual[ ._-]?(?:audio|lang(?:uage)?|dub)?\b|\btri[ ._-]?audio\b|\bdualaudio\b|\bdual\b)', 'Middle-tier multilingual bonus. Rewards Multi, Multi5, dual-audio, and dual-language tags, but keeps them below explicit EN+ES and single-language Spanish priorities.');
INSERT OR REPLACE INTO regular_expression_tags (regular_expression_name, tag_name) VALUES ('Language: Multi-Dual Audio Bonus', 'Language');
INSERT OR REPLACE INTO regular_expression_tags (regular_expression_name, tag_name) VALUES ('Language: Multi-Dual Audio Bonus', 'Audio');
INSERT OR REPLACE INTO regular_expression_tags (regular_expression_name, tag_name) VALUES ('Language: Multi-Dual Audio Bonus', 'Scoring');
INSERT OR REPLACE INTO regular_expressions (name, pattern, description) VALUES ('Language: Block Other Languages', '(?i)(?:\b(?:(?:480p|576p|720p|1080p|2160p|4k|uhd|bluray|blu[ ._-]?ray|web[ ._-]?dl|webdl|webrip|web[ ._-]?rip|hdrip|hdtv|bdrip|bd[ ._-]?rip|dvdrip|dvd[ ._-]?rip|remux|xvid|avc|x264|h264|h[ ._-]?264|x265|h265|h[ ._-]?265|hevc|av1|vvc|x266|h266|h[ ._-]?266|hdr|hdr10|hdr10plus|hdr10\+|dv|dovi|dts|ddp|eac3|ac3|aac|atmos|proper|repack|rerip))\b(?:.*[._ \-\[\(])(?:(?:truefrench|french|fre|fra|german|ger|deu|italian|ita|portuguese|por|brazilian|russian|rus|japanese|jpn|korean|kor|chinese|chi|zho|mandarin|cantonese|hindi|hin|tamil|telugu|turkish|tur|polish|pol|dutch|nld|swedish|swe|norwegian|nor|danish|dan|finnish|fin|arabic|ara))(?=[._ \-\]\)]|$)|\b(?:audio|dubbed?|dubs?|lang(?:uage)?|vo|vost(?:fr)?|sub(?:s|titles)?)[ ._:-]+(?:(?:truefrench|french|fre|fra|german|ger|deu|italian|ita|portuguese|por|brazilian|russian|rus|japanese|jpn|korean|kor|chinese|chi|zho|mandarin|cantonese|hindi|hin|tamil|telugu|turkish|tur|polish|pol|dutch|nld|swedish|swe|norwegian|nor|danish|dan|finnish|fin|arabic|ara))\b|\b(?:(?:truefrench|french|fre|fra|german|ger|deu|italian|ita|portuguese|por|brazilian|russian|rus|japanese|jpn|korean|kor|chinese|chi|zho|mandarin|cantonese|hindi|hin|tamil|telugu|turkish|tur|polish|pol|dutch|nld|swedish|swe|norwegian|nor|danish|dan|finnish|fin|arabic|ara))[ ._:-]+(?:audio|dubbed?|dubs?|lang(?:uage)?|vo|sub(?:s|titles)?)\b)', 'Heavy negative score for releases tagged as languages outside the intended English or Spanish-friendly target set, such as French, German, Hindi, Russian, Japanese, and similar tags.');
INSERT OR REPLACE INTO regular_expression_tags (regular_expression_name, tag_name) VALUES ('Language: Block Other Languages', 'Language');
INSERT OR REPLACE INTO regular_expression_tags (regular_expression_name, tag_name) VALUES ('Language: Block Other Languages', 'Blocking');
INSERT OR REPLACE INTO regular_expressions (name, pattern, description) VALUES ('Subtitles: Prefer English + Spanish', '(?i)^(?=.*(?:subs?|subtitles?|srt|vtt|subbed))(?:(?=.*(?:\beng(?:lish)?\b|\btrueenglish\b|\bingles\b|\bingl[e\u00e9]s\b|[._ \-\[\(](?:en|eng|enus)[._ \-\]\)]))(?=.*(?:(?:\bspa(?:nish)?\b|\besp(?:anol|a\u00f1ol)?\b|\bespanol\b|\bespa\u00f1ol\b|\bcastellano\b|\bcastilian\b)|(?:\blatino\b|\blatina\b|\blatam\b|\blatin[ ._-]?america(?:n)?\b|\blatinoamerica(?:no)?\b|\blatinoam[e\u00e9]rica(?:no)?\b|\bespa[n\u00f1]ol[ ._-]?latino\b|\blat(?:ino)?[ ._-]?dub(?:bed)?\b|\baudio[ ._-]?(?:latino|latam|spanish|espa[n\u00f1]ol)\b|\bcast(?:ellano)?\b|\bmex(?:ican|ico)?\b|\bmx\b|\bes[ ._-]?(?:la|lat|419|mx|es|us)\b|\bspa[ ._-]?(?:lat|la|mx|cast|es|419)\b|\besp[ ._-]?(?:lat|la|mx|cast|es|419)\b|[._ \-\[\(](?:es|spa|esp|lat|la|mx|es419)[._ \-\]\)])))|(?=.*(?:\blatino\b|\blatina\b|\blatam\b|\blatin[ ._-]?america(?:n)?\b|\blatinoamerica(?:no)?\b|\blatinoam[e\u00e9]rica(?:no)?\b|\bespa[n\u00f1]ol[ ._-]?latino\b|\blat(?:ino)?[ ._-]?dub(?:bed)?\b|\baudio[ ._-]?(?:latino|latam|spanish|espa[n\u00f1]ol)\b|\bcast(?:ellano)?\b|\bmex(?:ican|ico)?\b|\bmx\b|\bes[ ._-]?(?:la|lat|419|mx|es|us)\b|\bspa[ ._-]?(?:lat|la|mx|cast|es|419)\b|\besp[ ._-]?(?:lat|la|mx|cast|es|419)\b|[._ \-\[\(](?:es|spa|esp|lat|la|mx|es419)[._ \-\]\)]))(?=.*(?:\bmulti(?:[ ._-]?(?:audio|lang|language|dub|sub|subs))?\b|\bmulti\d+\b|\bmultilang\b|\bmultiaudio\b|\bdual[ ._-]?(?:audio|lang(?:uage)?|dub)?\b|\btri[ ._-]?audio\b|\bdualaudio\b|\bdual\b))|(?=.*(?:\beng(?:lish)?\b|\btrueenglish\b|\bingles\b|\bingl[e\u00e9]s\b|[._ \-\[\(](?:en|eng|enus)[._ \-\]\)]))(?=.*(?:\blatino\b|\blatina\b|\blatam\b|\blatin[ ._-]?america(?:n)?\b|\blatinoamerica(?:no)?\b|\blatinoam[e\u00e9]rica(?:no)?\b|\bespa[n\u00f1]ol[ ._-]?latino\b|\blat(?:ino)?[ ._-]?dub(?:bed)?\b|\baudio[ ._-]?(?:latino|latam|spanish|espa[n\u00f1]ol)\b|\bcast(?:ellano)?\b|\bmex(?:ican|ico)?\b|\bmx\b|\bes[ ._-]?(?:la|lat|419|mx|es|us)\b|\bspa[ ._-]?(?:lat|la|mx|cast|es|419)\b|\besp[ ._-]?(?:lat|la|mx|cast|es|419)\b|[._ \-\[\(](?:es|spa|esp|lat|la|mx|es419)[._ \-\]\)]))).*$', 'Rewards releases that appear to include subtitle support for both English and Spanish. This is a strong usability bonus for mixed-language Plex playback.');
INSERT OR REPLACE INTO regular_expression_tags (regular_expression_name, tag_name) VALUES ('Subtitles: Prefer English + Spanish', 'Subtitles');
INSERT OR REPLACE INTO regular_expressions (name, pattern, description) VALUES ('Subtitles: English Bonus', '(?i)^(?=.*(?:subs?|subtitles?|srt|vtt|subbed))(?=.*(?:\beng(?:lish)?\b|\btrueenglish\b|\bingles\b|\bingl[e\u00e9]s\b|[._ \-\[\(](?:en|eng|enus)[._ \-\]\)])).*$', 'Small subtitle bonus for English subtitle indicators. Useful when audio language is acceptable but subtitle support is still helpful.');
INSERT OR REPLACE INTO regular_expression_tags (regular_expression_name, tag_name) VALUES ('Subtitles: English Bonus', 'Subtitles');
INSERT OR REPLACE INTO regular_expression_tags (regular_expression_name, tag_name) VALUES ('Subtitles: English Bonus', 'Scoring');
INSERT OR REPLACE INTO regular_expressions (name, pattern, description) VALUES ('Subtitles: Spanish Bonus', '(?i)^(?=.*(?:subs?|subtitles?|srt|vtt|subbed))(?=.*(?:(?:\bspa(?:nish)?\b|\besp(?:anol|a\u00f1ol)?\b|\bespanol\b|\bespa\u00f1ol\b|\bcastellano\b|\bcastilian\b)|(?:\blatino\b|\blatina\b|\blatam\b|\blatin[ ._-]?america(?:n)?\b|\blatinoamerica(?:no)?\b|\blatinoam[e\u00e9]rica(?:no)?\b|\bespa[n\u00f1]ol[ ._-]?latino\b|\blat(?:ino)?[ ._-]?dub(?:bed)?\b|\baudio[ ._-]?(?:latino|latam|spanish|espa[n\u00f1]ol)\b|\bcast(?:ellano)?\b|\bmex(?:ican|ico)?\b|\bmx\b|\bes[ ._-]?(?:la|lat|419|mx|es|us)\b|\bspa[ ._-]?(?:lat|la|mx|cast|es|419)\b|\besp[ ._-]?(?:lat|la|mx|cast|es|419)\b|[._ \-\[\(](?:es|spa|esp|lat|la|mx|es419)[._ \-\]\)]))).*$', 'Subtitle bonus for Spanish or Latino subtitle indicators. Helps prefer releases that are easier to use for Spanish viewers.');
INSERT OR REPLACE INTO regular_expression_tags (regular_expression_name, tag_name) VALUES ('Subtitles: Spanish Bonus', 'Subtitles');
INSERT OR REPLACE INTO regular_expression_tags (regular_expression_name, tag_name) VALUES ('Subtitles: Spanish Bonus', 'Scoring');
INSERT OR REPLACE INTO regular_expressions (name, pattern, description) VALUES ('Subtitles: Block Hardcoded-Burned-In', '(?i)\b(?:hardcoded|hardsub(?:bed)?|burn(?:ed)?[ ._-]?in|burnt[ ._-]?in)\b', 'Heavy negative score for hardcoded, hardsubbed, burned-in, or burnt-in subtitle tags. Avoids releases where subtitles cannot be disabled.');
INSERT OR REPLACE INTO regular_expression_tags (regular_expression_name, tag_name) VALUES ('Subtitles: Block Hardcoded-Burned-In', 'Subtitles');
INSERT OR REPLACE INTO regular_expression_tags (regular_expression_name, tag_name) VALUES ('Subtitles: Block Hardcoded-Burned-In', 'Blocking');
INSERT OR REPLACE INTO regular_expressions (name, pattern, description) VALUES ('Codec: AV1 Preferred', '(?i)\bav1\b', 'Second-place codec preference. AV1 is efficient, but the managed ladder keeps it behind x265/HEVC for broader client compatibility.');
INSERT OR REPLACE INTO regular_expression_tags (regular_expression_name, tag_name) VALUES ('Codec: AV1 Preferred', 'Codec');
INSERT OR REPLACE INTO regular_expression_tags (regular_expression_name, tag_name) VALUES ('Codec: AV1 Preferred', 'Scoring');
INSERT OR REPLACE INTO regular_expressions (name, pattern, description) VALUES ('Codec: VVC-x266 Future', '(?i)\b(?:vvc|h[ ._-]?266|x[ ._-]?266)\b', 'Third-place codec preference. H.266, x266, and VVC are recognized, but they stay below x265 and AV1 in every managed profile.');
INSERT OR REPLACE INTO regular_expression_tags (regular_expression_name, tag_name) VALUES ('Codec: VVC-x266 Future', 'Codec');
INSERT OR REPLACE INTO regular_expressions (name, pattern, description) VALUES ('Codec: HEVC-x265 Preferred', '(?i)\b(?:hevc|h[ ._-]?265|x[ ._-]?265)\b', 'Primary codec preference across the managed profiles. x265, H.265, and HEVC are scored highest for the best balance of quality, size, and playback compatibility.');
INSERT OR REPLACE INTO regular_expression_tags (regular_expression_name, tag_name) VALUES ('Codec: HEVC-x265 Preferred', 'Codec');
INSERT OR REPLACE INTO regular_expression_tags (regular_expression_name, tag_name) VALUES ('Codec: HEVC-x265 Preferred', 'Scoring');
INSERT OR REPLACE INTO regular_expressions (name, pattern, description) VALUES ('Codec: x264-H264 Fallback or Penalty', '(?i)\b(?:avc|[xh][ ._-]?264)\b', 'Compatibility codec detector. In the smart movie profiles this is now a strong negative safety rail so x264 cannot replace an existing x265/AV1/VVC or compact 4K release. The looser catalog profile can still use it manually for hard-to-find movies.');
INSERT OR REPLACE INTO regular_expression_tags (regular_expression_name, tag_name) VALUES ('Codec: x264-H264 Fallback or Penalty', 'Codec');
INSERT OR REPLACE INTO regular_expression_tags (regular_expression_name, tag_name) VALUES ('Codec: x264-H264 Fallback or Penalty', 'Blocking');
INSERT OR REPLACE INTO regular_expression_tags (regular_expression_name, tag_name) VALUES ('Codec: x264-H264 Fallback or Penalty', 'Scoring');
INSERT OR REPLACE INTO regular_expressions (name, pattern, description) VALUES ('Source: Block Remux-Raw Disk', '(?i)\b(?:remux|bdremux|blu[ ._-]?ray[ ._-]?remux|br[ ._-]?disk|bd[ ._-]?disk|bdrip[ ._-]?remux|raw[ ._-]?hd)\b', 'Heavy negative score for remux, BD remux, BR-DISK, BD-DISK, and raw HD style releases. Keeps the library from grabbing huge source-size files.');
INSERT OR REPLACE INTO regular_expression_tags (regular_expression_name, tag_name) VALUES ('Source: Block Remux-Raw Disk', 'Blocking');
INSERT OR REPLACE INTO regular_expressions (name, pattern, description) VALUES ('HDR: Base HDR Bonus', '(?i)(?:\bhdr\b|\bhdr10\b|\bhdr10plus\b|\bhdr10\+)', 'Base HDR bonus. Keeps HDR above SDR, while still letting the more specific Dolby Vision plus HDR and HDR10+ combinations rise higher.');
INSERT OR REPLACE INTO regular_expression_tags (regular_expression_name, tag_name) VALUES ('HDR: Base HDR Bonus', 'HDR / 4K');
INSERT OR REPLACE INTO regular_expression_tags (regular_expression_name, tag_name) VALUES ('HDR: Base HDR Bonus', 'Scoring');
INSERT OR REPLACE INTO regular_expressions (name, pattern, description) VALUES ('HDR: HDR10 Bonus', '(?i)\bhdr10\b(?!\+)', 'Extra HDR score for HDR10. This sits above generic HDR but below Dolby Vision paired with HDR and below HDR10+.');
INSERT OR REPLACE INTO regular_expression_tags (regular_expression_name, tag_name) VALUES ('HDR: HDR10 Bonus', 'HDR / 4K');
INSERT OR REPLACE INTO regular_expression_tags (regular_expression_name, tag_name) VALUES ('HDR: HDR10 Bonus', 'Scoring');
INSERT OR REPLACE INTO regular_expressions (name, pattern, description) VALUES ('HDR: HDR10+ Bonus', '(?i)(?:\bhdr10plus\b|\bhdr10\+)', 'Top non-Dolby-Vision HDR bonus for HDR10+ and HDR10 Plus tags. Combined with Dolby Vision, this becomes the strongest HDR path.');
INSERT OR REPLACE INTO regular_expression_tags (regular_expression_name, tag_name) VALUES ('HDR: HDR10+ Bonus', 'HDR / 4K');
INSERT OR REPLACE INTO regular_expression_tags (regular_expression_name, tag_name) VALUES ('HDR: HDR10+ Bonus', 'Scoring');
INSERT OR REPLACE INTO regular_expressions (name, pattern, description) VALUES ('HDR: Dolby Vision + HDR Bonus', '(?i)^(?=.*\b(?:dovi|dolby[ ._-]?vision|dv)\b)(?=.*(?:\bhdr\b|\bhdr10\b|\bhdr10plus\b|\bhdr10\+)).*$', 'Rewards Dolby Vision only when HDR, HDR10, or HDR10+ is also present. This builds the preferred Dolby Vision plus HDR ladders without overvaluing DV-only releases.');
INSERT OR REPLACE INTO regular_expression_tags (regular_expression_name, tag_name) VALUES ('HDR: Dolby Vision + HDR Bonus', 'HDR / 4K');
INSERT OR REPLACE INTO regular_expression_tags (regular_expression_name, tag_name) VALUES ('HDR: Dolby Vision + HDR Bonus', 'Scoring');
INSERT OR REPLACE INTO regular_expressions (name, pattern, description) VALUES ('HDR: Penalize SDR When HDR Expected', '(?i)^(?=.*\b(?:1080p|2160p|4k|uhd)\b)(?=.*\b(?:x265|h[ ._-]?265|hevc|av1|x266|h[ ._-]?266|vvc)\b)(?!.*(?:\bhdr\b|\bhdr10\b|\bhdr10plus\b|\bhdr10\+|\bdovi\b|\bdv\b|dolby[ ._-]?vision)).*$', 'Visual-protection penalty for efficient-codec 1080p/2160p releases that do not advertise HDR, HDR10, HDR10+, DoVi, DV, or Dolby Vision. Movies use this strongly to stop SDR replacing HDR; Sonarr uses a lighter version because HDR is less common on shows.');
INSERT OR REPLACE INTO regular_expression_tags (regular_expression_name, tag_name) VALUES ('HDR: Penalize SDR When HDR Expected', 'HDR / 4K');
INSERT OR REPLACE INTO regular_expressions (name, pattern, description) VALUES ('4K Gate: Block Missing HDR', '(?i)^(?=.*\b(?:2160p|4k)\b)(?!.*(?:\bhdr\b|\bhdr10\b|\bhdr10plus\b|\bhdr10\+|\bdovi\b|\bdv\b|dolby[ ._-]?vision)).*$', 'Managed Smart Plex custom format. Matches release-title tokens and applies the profile score assigned in each curated quality profile.');
INSERT OR REPLACE INTO regular_expression_tags (regular_expression_name, tag_name) VALUES ('4K Gate: Block Missing HDR', 'HDR / 4K');
INSERT OR REPLACE INTO regular_expression_tags (regular_expression_name, tag_name) VALUES ('4K Gate: Block Missing HDR', 'Blocking');
INSERT OR REPLACE INTO regular_expressions (name, pattern, description) VALUES ('HDR: Dolby Vision Only Fallback', '(?i)^(?=.*\b(?:dovi|dolby[ ._-]?vision|dv)\b)(?!.*(?:\bhdr\b|\bhdr10\b|\bhdr10plus\b|\bhdr10\+)).*$', 'Small Dolby Vision-only fallback score. DV-only releases stay above SDR when necessary, but below every Dolby Vision plus HDR combination.');
INSERT OR REPLACE INTO regular_expression_tags (regular_expression_name, tag_name) VALUES ('HDR: Dolby Vision Only Fallback', 'HDR / 4K');
INSERT OR REPLACE INTO regular_expression_tags (regular_expression_name, tag_name) VALUES ('HDR: Dolby Vision Only Fallback', 'Scoring');
INSERT OR REPLACE INTO regular_expressions (name, pattern, description) VALUES ('Audio: 5.1 Surround Preferred', '(?i)\b(?:5[ ._-]?1|6ch|5\.1ch)\b', 'Primary surround-audio bonus for 5.1, 6-channel, and 5.1ch tags. This is the main compatibility target for a Plex setup built around a 5.1-capable soundbar.');
INSERT OR REPLACE INTO regular_expression_tags (regular_expression_name, tag_name) VALUES ('Audio: 5.1 Surround Preferred', 'Audio');
INSERT OR REPLACE INTO regular_expression_tags (regular_expression_name, tag_name) VALUES ('Audio: 5.1 Surround Preferred', 'Scoring');
INSERT OR REPLACE INTO regular_expressions (name, pattern, description) VALUES ('Audio: Atmos Bonus', '(?i)\b(?:dolby[ ._-]?atmos|ddp[ ._-]?atmos|ec3[ ._-]?joc|atmos)\b', 'Top audio bonus for Dolby Atmos, DDP Atmos, EC3 JOC, and Atmos tags. Atmos is preferred when available because it still rides on a practical Dolby Digital Plus playback path.');
INSERT OR REPLACE INTO regular_expression_tags (regular_expression_name, tag_name) VALUES ('Audio: Atmos Bonus', 'Audio');
INSERT OR REPLACE INTO regular_expression_tags (regular_expression_name, tag_name) VALUES ('Audio: Atmos Bonus', 'Scoring');
INSERT OR REPLACE INTO regular_expressions (name, pattern, description) VALUES ('Audio: EAC3-AC3 Preferred', '(?i)\b(?:eac3|e-ac-3|ddp|dd\+|ac3|ac-3|dolby[ ._-]?digital[ ._-]?plus|dolby[ ._-]?digital)\b', 'Preferred Dolby audio-format bonus for EAC3, DDP, DD+, AC3, and Dolby Digital tags. These formats are highly compatible for Plex, eARC, and streaming-style playback.');
INSERT OR REPLACE INTO regular_expression_tags (regular_expression_name, tag_name) VALUES ('Audio: EAC3-AC3 Preferred', 'Audio');
INSERT OR REPLACE INTO regular_expression_tags (regular_expression_name, tag_name) VALUES ('Audio: EAC3-AC3 Preferred', 'Scoring');
INSERT OR REPLACE INTO regular_expressions (name, pattern, description) VALUES ('Audio: 6.1 Bonus', '(?i)\b(?:6[ ._-]?1|7ch|6\.1ch)\b', 'Secondary channel-layout bonus for 6.1 audio. It stays below the main 5.1 and Dolby-format preferences, but above 7.1 and stereo in the fallback ladder.');
INSERT OR REPLACE INTO regular_expression_tags (regular_expression_name, tag_name) VALUES ('Audio: 6.1 Bonus', 'Audio');
INSERT OR REPLACE INTO regular_expression_tags (regular_expression_name, tag_name) VALUES ('Audio: 6.1 Bonus', 'Scoring');
INSERT OR REPLACE INTO regular_expressions (name, pattern, description) VALUES ('Audio: 7.1 Bonus', '(?i)\b(?:7[ ._-]?1|8ch|7\.1ch)\b', 'Smaller channel-layout bonus for 7.1 audio. It remains below the 5.1-first compatibility target and below 6.1 in the current managed fallback order.');
INSERT OR REPLACE INTO regular_expression_tags (regular_expression_name, tag_name) VALUES ('Audio: 7.1 Bonus', 'Audio');
INSERT OR REPLACE INTO regular_expression_tags (regular_expression_name, tag_name) VALUES ('Audio: 7.1 Bonus', 'Scoring');
INSERT OR REPLACE INTO regular_expressions (name, pattern, description) VALUES ('Audio: AAC Fallback Marker', '(?i)\baac\b', 'Lowest acceptable audio-codec lane. AAC remains allowed so weak fallback releases can still download, but it sits behind EAC3, AC3, DDP, and Atmos once those exist.');
INSERT OR REPLACE INTO regular_expression_tags (regular_expression_name, tag_name) VALUES ('Audio: AAC Fallback Marker', 'Audio');
INSERT OR REPLACE INTO regular_expression_tags (regular_expression_name, tag_name) VALUES ('Audio: AAC Fallback Marker', 'Scoring');
INSERT OR REPLACE INTO regular_expressions (name, pattern, description) VALUES ('Audio: Stereo-2.0 Penalty', '(?i)\b(?:1[ ._-]?0|2[ ._-]?(?:0|1)|1ch|2ch|1\.0ch|2\.0ch|2\.1ch|stereo|mono|dual[ ._-]?mono)\b', 'Bottom audio floor for stereo-style tags such as 2.0, 2.1, stereo, mono, and dual mono. These releases stay allowed at the minimum acceptable floor, while surround formats score higher.');
INSERT OR REPLACE INTO regular_expression_tags (regular_expression_name, tag_name) VALUES ('Audio: Stereo-2.0 Penalty', 'Audio');
INSERT OR REPLACE INTO regular_expression_tags (regular_expression_name, tag_name) VALUES ('Audio: Stereo-2.0 Penalty', 'Blocking');
INSERT OR REPLACE INTO regular_expressions (name, pattern, description) VALUES ('Audio: Lossless Size Penalty', '(?i)\b(?:truehd|true[ ._-]?hd|dts[ ._-]?hd|dts[ ._-]?ma|dts[ ._-]?hd[ ._-]?ma|flac|pcm|lpcm)\b', 'Small space-awareness penalty for TrueHD, DTS-HD MA, FLAC, PCM, and LPCM. It is not a hard block, but it keeps practical EAC3/AC3 5.1 releases from losing to larger lossless-audio releases only because of audio size.');
INSERT OR REPLACE INTO regular_expression_tags (regular_expression_name, tag_name) VALUES ('Audio: Lossless Size Penalty', 'Audio');
INSERT OR REPLACE INTO regular_expression_tags (regular_expression_name, tag_name) VALUES ('Audio: Lossless Size Penalty', 'Blocking');
INSERT OR REPLACE INTO regular_expressions (name, pattern, description) VALUES ('1080p: UHD BluRay Source Bonus', '(?i)^(?=.*\b1080p\b)(?=.*\b(?:uhd[ ._-]?blu[ ._-]?ray|uhd[ ._-]?bluray)\b)(?!.*\b(?:2160p|4k)\b).*$', 'Small positive score for 1080p encodes sourced from UHD BluRay. This replaces the old accidental 4K bonus on 1080p UHD-source releases, so they get credit for the cleaner source without being treated as true 4K.');
INSERT OR REPLACE INTO regular_expression_tags (regular_expression_name, tag_name) VALUES ('1080p: UHD BluRay Source Bonus', 'Scoring');
INSERT OR REPLACE INTO regular_expressions (name, pattern, description) VALUES ('1080p: HDR + Surround Preferred', '(?i)^(?=.*\b1080p\b)(?!.*\b(?:2160p|4k)\b)(?=.*\b(?:av1|vvc|h[ ._-]?266|x[ ._-]?266|hevc|h[ ._-]?265|x[ ._-]?265)\b)(?=.*(?:\bhdr\b|\bhdr10\b|\bhdr10plus\b|\bhdr10\+|\bdovi\b|\bdv\b|dolby[ ._-]?vision))(?=.*\b(?:5[ ._-]?1|6[ ._-]?1|7[ ._-]?1|6ch|7ch|8ch|5\.1ch|6\.1ch|7\.1ch|ddp|dd\+|eac3|e-ac-3|ec3|ac3|ac-3|dts(?:[ ._-]?hd)?(?:[ ._-]?ma)?|truehd|true[ ._-]?hd|atmos)\b).*$', '1080p-only preference for efficient-codec releases that advertise HDR or Dolby Vision and 5.1+ surround. This gives strong 1080p titles their own clean lane instead of borrowing 4K custom formats.');
INSERT OR REPLACE INTO regular_expression_tags (regular_expression_name, tag_name) VALUES ('1080p: HDR + Surround Preferred', 'HDR / 4K');
INSERT OR REPLACE INTO regular_expression_tags (regular_expression_name, tag_name) VALUES ('1080p: HDR + Surround Preferred', 'Scoring');
INSERT OR REPLACE INTO regular_expressions (name, pattern, description) VALUES ('1080p: Efficient Encode Bonus', '(?i)^(?=.*\b1080p\b)(?!.*\b(?:2160p|4k)\b)(?=.*\b(?:av1|vvc|h[ ._-]?266|x[ ._-]?266|hevc|h[ ._-]?265|x[ ._-]?265)\b).*$', '1080p-only bonus for efficient codecs such as HEVC/x265, AV1, or VVC/x266. It never matches true 2160p or 4K titles.');
INSERT OR REPLACE INTO regular_expression_tags (regular_expression_name, tag_name) VALUES ('1080p: Efficient Encode Bonus', 'Scoring');
INSERT OR REPLACE INTO regular_expressions (name, pattern, description) VALUES ('1080p: BluRay Preferred', '(?i)^(?=.*\b1080p\b)(?!.*\b(?:2160p|4k)\b)(?=.*\b(?:blu[ ._-]?ray|bluray)\b).*$', '1080p-only source bonus for BluRay releases. This keeps 1080p BluRay preference separate from the true 4K UHD BluRay preference.');
INSERT OR REPLACE INTO regular_expression_tags (regular_expression_name, tag_name) VALUES ('1080p: BluRay Preferred', 'Scoring');
INSERT OR REPLACE INTO regular_expressions (name, pattern, description) VALUES ('1080p: WEB-DL Preferred', '(?i)^(?=.*\b1080p\b)(?!.*\b(?:2160p|4k)\b)(?=.*\b(?:web[ ._-]?dl|webdl)\b).*$', '1080p-only source bonus for WEB-DL releases. It helps rank clean 1080p WEB-DL fallbacks without applying any 4K-specific logic.');
INSERT OR REPLACE INTO regular_expression_tags (regular_expression_name, tag_name) VALUES ('1080p: WEB-DL Preferred', 'Scoring');
INSERT OR REPLACE INTO regular_expressions (name, pattern, description) VALUES ('1080p: WEBRip Source', '(?i)^(?=.*\b1080p\b)(?!.*\b(?:2160p|4k)\b)(?=.*\b(?:web[ ._-]?rip|webrip)\b).*$', '1080p-only WEBRip source detector. Strict movie profiles can penalize or block it, while relaxed catalog and series profiles can keep it as a weaker fallback without borrowing generic or 4K source formats.');
INSERT OR REPLACE INTO regular_expression_tags (regular_expression_name, tag_name) VALUES ('1080p: WEBRip Source', 'Smart Plex');
INSERT OR REPLACE INTO regular_expressions (name, pattern, description) VALUES ('1080p: BDRip Source', '(?i)^(?=.*\b1080p\b)(?!.*\b(?:2160p|4k)\b)(?=.*\b(?:bd[ ._-]?rip|bdrip)\b).*$', '1080p-only BDRip source detector. It keeps 1080p BDRip handling separate from true BluRay and from 4K source rules.');
INSERT OR REPLACE INTO regular_expression_tags (regular_expression_name, tag_name) VALUES ('1080p: BDRip Source', 'Smart Plex');
INSERT OR REPLACE INTO regular_expressions (name, pattern, description) VALUES ('720p: HDR + Surround Preferred', '(?i)^(?=.*\b720p\b)(?!.*\b(?:1080p|2160p|4k)\b)(?=.*\b(?:av1|vvc|h[ ._-]?266|x[ ._-]?266|hevc|h[ ._-]?265|x[ ._-]?265)\b)(?=.*(?:\bhdr\b|\bhdr10\b|\bhdr10plus\b|\bhdr10\+|\bdovi\b|\bdv\b|dolby[ ._-]?vision))(?=.*\b(?:5[ ._-]?1|6[ ._-]?1|7[ ._-]?1|6ch|7ch|8ch|5\.1ch|6\.1ch|7\.1ch|ddp|dd\+|eac3|e-ac-3|ec3|ac3|ac-3|dts(?:[ ._-]?hd)?(?:[ ._-]?ma)?|truehd|true[ ._-]?hd|atmos)\b).*$', '720p-only preference for efficient-codec releases that also advertise HDR/Dolby Vision and surround audio. Used mainly by relaxed catalog-style profiles.');
INSERT OR REPLACE INTO regular_expression_tags (regular_expression_name, tag_name) VALUES ('720p: HDR + Surround Preferred', 'HDR / 4K');
INSERT OR REPLACE INTO regular_expression_tags (regular_expression_name, tag_name) VALUES ('720p: HDR + Surround Preferred', 'Scoring');
INSERT OR REPLACE INTO regular_expressions (name, pattern, description) VALUES ('720p: Efficient Encode Bonus', '(?i)^(?=.*\b720p\b)(?!.*\b(?:1080p|2160p|4k)\b)(?=.*\b(?:av1|vvc|h[ ._-]?266|x[ ._-]?266|hevc|h[ ._-]?265|x[ ._-]?265)\b).*$', '720p-only bonus for efficient codecs such as HEVC/x265, AV1, or VVC/x266. It never matches 1080p or true 4K titles.');
INSERT OR REPLACE INTO regular_expression_tags (regular_expression_name, tag_name) VALUES ('720p: Efficient Encode Bonus', 'Scoring');
INSERT OR REPLACE INTO regular_expressions (name, pattern, description) VALUES ('720p: BluRay Preferred', '(?i)^(?=.*\b720p\b)(?!.*\b(?:1080p|2160p|4k)\b)(?=.*\b(?:blu[ ._-]?ray|bluray)\b).*$', '720p-only BluRay source bonus. Keeps 720p BluRay ranking separate from 1080p and 4K BluRay rules.');
INSERT OR REPLACE INTO regular_expression_tags (regular_expression_name, tag_name) VALUES ('720p: BluRay Preferred', 'Scoring');
INSERT OR REPLACE INTO regular_expressions (name, pattern, description) VALUES ('720p: WEB-DL Preferred', '(?i)^(?=.*\b720p\b)(?!.*\b(?:1080p|2160p|4k)\b)(?=.*\b(?:web[ ._-]?dl|webdl)\b).*$', '720p-only WEB-DL source bonus for clean lower-resolution fallbacks.');
INSERT OR REPLACE INTO regular_expression_tags (regular_expression_name, tag_name) VALUES ('720p: WEB-DL Preferred', 'Scoring');
INSERT OR REPLACE INTO regular_expressions (name, pattern, description) VALUES ('720p: WEBRip Source', '(?i)^(?=.*\b720p\b)(?!.*\b(?:1080p|2160p|4k)\b)(?=.*\b(?:web[ ._-]?rip|webrip)\b).*$', '720p-only WEBRip source detector for relaxed catalog fallbacks. It does not apply to 1080p or 4K titles.');
INSERT OR REPLACE INTO regular_expression_tags (regular_expression_name, tag_name) VALUES ('720p: WEBRip Source', 'Smart Plex');
INSERT OR REPLACE INTO regular_expressions (name, pattern, description) VALUES ('720p: BDRip Source', '(?i)^(?=.*\b720p\b)(?!.*\b(?:1080p|2160p|4k)\b)(?=.*\b(?:bd[ ._-]?rip|bdrip)\b).*$', '720p-only BDRip source detector for older or hard-to-find catalog releases.');
INSERT OR REPLACE INTO regular_expression_tags (regular_expression_name, tag_name) VALUES ('720p: BDRip Source', 'Smart Plex');
INSERT OR REPLACE INTO regular_expressions (name, pattern, description) VALUES ('576p: HDR + Surround Preferred', '(?i)^(?=.*\b576p\b)(?!.*\b(?:480p|720p|1080p|2160p|4k)\b)(?=.*\b(?:av1|vvc|h[ ._-]?266|x[ ._-]?266|hevc|h[ ._-]?265|x[ ._-]?265)\b)(?=.*(?:\bhdr\b|\bhdr10\b|\bhdr10plus\b|\bhdr10\+|\bdovi\b|\bdv\b|dolby[ ._-]?vision))(?=.*\b(?:5[ ._-]?1|6[ ._-]?1|7[ ._-]?1|6ch|7ch|8ch|5\.1ch|6\.1ch|7\.1ch|ddp|dd\+|eac3|e-ac-3|ec3|ac3|ac-3|dts(?:[ ._-]?hd)?(?:[ ._-]?ma)?|truehd|true[ ._-]?hd|atmos)\b).*$', '576p-only preference for rare lower-resolution HDR/surround releases. It stays isolated from 480p, 720p, 1080p, and 4K formats.');
INSERT OR REPLACE INTO regular_expression_tags (regular_expression_name, tag_name) VALUES ('576p: HDR + Surround Preferred', 'HDR / 4K');
INSERT OR REPLACE INTO regular_expression_tags (regular_expression_name, tag_name) VALUES ('576p: HDR + Surround Preferred', 'Scoring');
INSERT OR REPLACE INTO regular_expressions (name, pattern, description) VALUES ('576p: Efficient Encode Bonus', '(?i)^(?=.*\b576p\b)(?!.*\b(?:480p|720p|1080p|2160p|4k)\b)(?=.*\b(?:av1|vvc|h[ ._-]?266|x[ ._-]?266|hevc|h[ ._-]?265|x[ ._-]?265)\b).*$', '576p-only efficient-codec bonus for archive/catalog releases.');
INSERT OR REPLACE INTO regular_expression_tags (regular_expression_name, tag_name) VALUES ('576p: Efficient Encode Bonus', 'Scoring');
INSERT OR REPLACE INTO regular_expressions (name, pattern, description) VALUES ('576p: BluRay Preferred', '(?i)^(?=.*\b576p\b)(?!.*\b(?:480p|720p|1080p|2160p|4k)\b)(?=.*\b(?:blu[ ._-]?ray|bluray)\b).*$', '576p-only BluRay source bonus for PAL/576p-style archive releases.');
INSERT OR REPLACE INTO regular_expression_tags (regular_expression_name, tag_name) VALUES ('576p: BluRay Preferred', 'Scoring');
INSERT OR REPLACE INTO regular_expressions (name, pattern, description) VALUES ('576p: WEB-DL Preferred', '(?i)^(?=.*\b576p\b)(?!.*\b(?:480p|720p|1080p|2160p|4k)\b)(?=.*\b(?:web[ ._-]?dl|webdl)\b).*$', '576p-only WEB-DL source bonus for lower-resolution catalog fallbacks.');
INSERT OR REPLACE INTO regular_expression_tags (regular_expression_name, tag_name) VALUES ('576p: WEB-DL Preferred', 'Scoring');
INSERT OR REPLACE INTO regular_expressions (name, pattern, description) VALUES ('576p: WEBRip Source', '(?i)^(?=.*\b576p\b)(?!.*\b(?:480p|720p|1080p|2160p|4k)\b)(?=.*\b(?:web[ ._-]?rip|webrip)\b).*$', '576p-only WEBRip source detector for archive/catalog scoring.');
INSERT OR REPLACE INTO regular_expression_tags (regular_expression_name, tag_name) VALUES ('576p: WEBRip Source', 'Smart Plex');
INSERT OR REPLACE INTO regular_expressions (name, pattern, description) VALUES ('576p: BDRip Source', '(?i)^(?=.*\b576p\b)(?!.*\b(?:480p|720p|1080p|2160p|4k)\b)(?=.*\b(?:bd[ ._-]?rip|bdrip)\b).*$', '576p-only BDRip source detector for archive/catalog scoring.');
INSERT OR REPLACE INTO regular_expression_tags (regular_expression_name, tag_name) VALUES ('576p: BDRip Source', 'Smart Plex');
INSERT OR REPLACE INTO regular_expressions (name, pattern, description) VALUES ('480p: HDR + Surround Preferred', '(?i)^(?=.*\b480p\b)(?!.*\b(?:576p|720p|1080p|2160p|4k)\b)(?=.*\b(?:av1|vvc|h[ ._-]?266|x[ ._-]?266|hevc|h[ ._-]?265|x[ ._-]?265)\b)(?=.*(?:\bhdr\b|\bhdr10\b|\bhdr10plus\b|\bhdr10\+|\bdovi\b|\bdv\b|dolby[ ._-]?vision))(?=.*\b(?:5[ ._-]?1|6[ ._-]?1|7[ ._-]?1|6ch|7ch|8ch|5\.1ch|6\.1ch|7\.1ch|ddp|dd\+|eac3|e-ac-3|ec3|ac3|ac-3|dts(?:[ ._-]?hd)?(?:[ ._-]?ma)?|truehd|true[ ._-]?hd|atmos)\b).*$', '480p-only preference for rare low-resolution HDR/surround releases. Mostly useful for catalog scoring and remains isolated from higher resolutions.');
INSERT OR REPLACE INTO regular_expression_tags (regular_expression_name, tag_name) VALUES ('480p: HDR + Surround Preferred', 'HDR / 4K');
INSERT OR REPLACE INTO regular_expression_tags (regular_expression_name, tag_name) VALUES ('480p: HDR + Surround Preferred', 'Scoring');
INSERT OR REPLACE INTO regular_expressions (name, pattern, description) VALUES ('480p: Efficient Encode Bonus', '(?i)^(?=.*\b480p\b)(?!.*\b(?:576p|720p|1080p|2160p|4k)\b)(?=.*\b(?:av1|vvc|h[ ._-]?266|x[ ._-]?266|hevc|h[ ._-]?265|x[ ._-]?265)\b).*$', '480p-only efficient-codec bonus for archive/catalog releases.');
INSERT OR REPLACE INTO regular_expression_tags (regular_expression_name, tag_name) VALUES ('480p: Efficient Encode Bonus', 'Scoring');
INSERT OR REPLACE INTO regular_expressions (name, pattern, description) VALUES ('480p: BluRay Preferred', '(?i)^(?=.*\b480p\b)(?!.*\b(?:576p|720p|1080p|2160p|4k)\b)(?=.*\b(?:blu[ ._-]?ray|bluray)\b).*$', '480p-only BluRay source bonus for older catalog or archive releases.');
INSERT OR REPLACE INTO regular_expression_tags (regular_expression_name, tag_name) VALUES ('480p: BluRay Preferred', 'Scoring');
INSERT OR REPLACE INTO regular_expressions (name, pattern, description) VALUES ('480p: WEB-DL Preferred', '(?i)^(?=.*\b480p\b)(?!.*\b(?:576p|720p|1080p|2160p|4k)\b)(?=.*\b(?:web[ ._-]?dl|webdl)\b).*$', '480p-only WEB-DL source bonus for low-resolution catalog fallbacks.');
INSERT OR REPLACE INTO regular_expression_tags (regular_expression_name, tag_name) VALUES ('480p: WEB-DL Preferred', 'Scoring');
INSERT OR REPLACE INTO regular_expressions (name, pattern, description) VALUES ('480p: WEBRip Source', '(?i)^(?=.*\b480p\b)(?!.*\b(?:576p|720p|1080p|2160p|4k)\b)(?=.*\b(?:web[ ._-]?rip|webrip)\b).*$', '480p-only WEBRip source detector for relaxed fallback scoring.');
INSERT OR REPLACE INTO regular_expression_tags (regular_expression_name, tag_name) VALUES ('480p: WEBRip Source', 'Smart Plex');
INSERT OR REPLACE INTO regular_expressions (name, pattern, description) VALUES ('480p: BDRip Source', '(?i)^(?=.*\b480p\b)(?!.*\b(?:576p|720p|1080p|2160p|4k)\b)(?=.*\b(?:bd[ ._-]?rip|bdrip)\b).*$', '480p-only BDRip source detector for relaxed fallback scoring.');
INSERT OR REPLACE INTO regular_expression_tags (regular_expression_name, tag_name) VALUES ('480p: BDRip Source', 'Smart Plex');
INSERT OR REPLACE INTO regular_expressions (name, pattern, description) VALUES ('4K: Block x264-H264', '(?i)^(?=.*\b(?:2160p|4k)\b)(?=.*\b(?:avc|[xh][ ._-]?264)\b).*$', 'Heavy negative score for 4K or 2160p releases encoded as x264, H.264, or AVC. 4K should use a more efficient codec like HEVC, AV1, or VVC.');
INSERT OR REPLACE INTO regular_expression_tags (regular_expression_name, tag_name) VALUES ('4K: Block x264-H264', 'HDR / 4K');
INSERT OR REPLACE INTO regular_expression_tags (regular_expression_name, tag_name) VALUES ('4K: Block x264-H264', 'Blocking');
INSERT OR REPLACE INTO regular_expressions (name, pattern, description) VALUES ('4K: HDR + Surround Preferred', '(?i)^(?=.*\b(?:2160p|4k)\b)(?=.*\b(?:av1|vvc|h[ ._-]?266|x[ ._-]?266|hevc|h[ ._-]?265|x[ ._-]?265)\b)(?=.*(?:\bhdr\b|\bhdr10\b|\bhdr10plus\b|\bhdr10\+|\bdovi\b|\bdv\b|dolby[ ._-]?vision))(?=.*\b(?:5[ ._-]?1|6[ ._-]?1|7[ ._-]?1|6ch|7ch|8ch|5\.1ch|6\.1ch|7\.1ch|ddp|dd\+|eac3|e-ac-3|ec3|ac3|ac-3|dts(?:[ ._-]?hd)?(?:[ ._-]?ma)?|truehd|true[ ._-]?hd|atmos)\b).*$', 'Positive compact-4K rule used by the 1080p-2160p profiles: rewards 4K releases only when they are efficient-codec, HDR/Dolby Vision, and have surround audio markers.');
INSERT OR REPLACE INTO regular_expression_tags (regular_expression_name, tag_name) VALUES ('4K: HDR + Surround Preferred', 'HDR / 4K');
INSERT OR REPLACE INTO regular_expression_tags (regular_expression_name, tag_name) VALUES ('4K: HDR + Surround Preferred', 'Scoring');
INSERT OR REPLACE INTO regular_expressions (name, pattern, description) VALUES ('4K: Efficient Encode Bonus', '(?i)^(?=.*\b(?:2160p|4k)\b)(?=.*\b(?:av1|vvc|h[ ._-]?266|x[ ._-]?266|hevc|h[ ._-]?265|x[ ._-]?265)\b).*$', 'Rewards 4K releases that also use an efficient codec such as HEVC, x265, AV1, H.266, x266, or VVC.');
INSERT OR REPLACE INTO regular_expression_tags (regular_expression_name, tag_name) VALUES ('4K: Efficient Encode Bonus', 'HDR / 4K');
INSERT OR REPLACE INTO regular_expression_tags (regular_expression_name, tag_name) VALUES ('4K: Efficient Encode Bonus', 'Scoring');
INSERT OR REPLACE INTO regular_expressions (name, pattern, description) VALUES ('4K: UHD BluRay Preferred', '(?i)^(?=.*\b(?:2160p|4k)\b)(?=.*\b(?:uhd[ ._-]?blu[ ._-]?ray|uhd[ ._-]?bluray|blu[ ._-]?ray|bluray)\b).*$', 'Rewards 4K UHD BluRay or 4K BluRay source tags. Used to prefer cleaner 4K disc-sourced encodes when the file still fits the space-balanced rules.');
INSERT OR REPLACE INTO regular_expression_tags (regular_expression_name, tag_name) VALUES ('4K: UHD BluRay Preferred', 'HDR / 4K');
INSERT OR REPLACE INTO regular_expression_tags (regular_expression_name, tag_name) VALUES ('4K: UHD BluRay Preferred', 'Scoring');
INSERT OR REPLACE INTO regular_expressions (name, pattern, description) VALUES ('4K: WEB-DL Preferred', '(?i)^(?=.*\b(?:2160p|4k)\b)(?=.*\b(?:web[ ._-]?dl|webdl)\b).*$', 'Rewards 4K WEB-DL source tags. Useful for compact, clean 2160p HDR releases that are often smaller than BluRay-derived encodes.');
INSERT OR REPLACE INTO regular_expression_tags (regular_expression_name, tag_name) VALUES ('4K: WEB-DL Preferred', 'HDR / 4K');
INSERT OR REPLACE INTO regular_expression_tags (regular_expression_name, tag_name) VALUES ('4K: WEB-DL Preferred', 'Scoring');
INSERT OR REPLACE INTO regular_expressions (name, pattern, description) VALUES ('Movie Source: Block WEBRip', '(?i)\b(?:web[ ._-]?rip|webrip)\b', 'Legacy generic WEBRip detector kept for cleanup/compatibility. Current curated profiles use resolution-specific WEBRip source formats instead, so 1080p/720p/576p/480p/4K handling stays separate.');
INSERT OR REPLACE INTO regular_expression_tags (regular_expression_name, tag_name) VALUES ('Movie Source: Block WEBRip', 'Blocking');
INSERT OR REPLACE INTO regular_expression_tags (regular_expression_name, tag_name) VALUES ('Movie Source: Block WEBRip', 'Movies');
INSERT OR REPLACE INTO regular_expressions (name, pattern, description) VALUES ('Movie Source: Block BDRip', '(?i)\b(?:bd[ ._-]?rip|bdrip)\b', 'Legacy generic BDRip detector kept for cleanup/compatibility. Current curated profiles use resolution-specific BDRip source formats instead, so BDRip scoring can be strict for smart profiles and relaxed for catalog profiles.');
INSERT OR REPLACE INTO regular_expression_tags (regular_expression_name, tag_name) VALUES ('Movie Source: Block BDRip', 'Blocking');
INSERT OR REPLACE INTO regular_expression_tags (regular_expression_name, tag_name) VALUES ('Movie Source: Block BDRip', 'Movies');
INSERT OR REPLACE INTO regular_expressions (name, pattern, description) VALUES ('4K Source: Block WEBRip', '(?i)^(?=.*\b(?:2160p|4k)\b)(?=.*\b(?:web[ ._-]?rip|webrip)\b).*$', 'Hard reject for 4K WEBRip releases. The curated 4K lane should only keep clean WEB-DL or UHD BluRay style sources.');
INSERT OR REPLACE INTO regular_expression_tags (regular_expression_name, tag_name) VALUES ('4K Source: Block WEBRip', 'HDR / 4K');
INSERT OR REPLACE INTO regular_expression_tags (regular_expression_name, tag_name) VALUES ('4K Source: Block WEBRip', 'Blocking');
INSERT OR REPLACE INTO regular_expressions (name, pattern, description) VALUES ('4K Source: Block BDRip', '(?i)^(?=.*\b(?:2160p|4k)\b)(?=.*\b(?:bd[ ._-]?rip|bdrip)\b).*$', 'Hard reject for 4K BDRip releases. Keeps the curated 4K lane focused on stronger WEB-DL and UHD BluRay style releases.');
INSERT OR REPLACE INTO regular_expression_tags (regular_expression_name, tag_name) VALUES ('4K Source: Block BDRip', 'HDR / 4K');
INSERT OR REPLACE INTO regular_expression_tags (regular_expression_name, tag_name) VALUES ('4K Source: Block BDRip', 'Blocking');
INSERT OR REPLACE INTO regular_expressions (name, pattern, description) VALUES ('4K Audio: Block AAC-Only', '(?i)^(?=.*\b(?:2160p|4k)\b)(?=.*\baac\b).*$', 'Hard reject for 4K releases that only advertise AAC audio. The curated 4K lane expects stronger surround-friendly audio such as EAC3, AC3, DDP, or Atmos.');
INSERT OR REPLACE INTO regular_expression_tags (regular_expression_name, tag_name) VALUES ('4K Audio: Block AAC-Only', 'HDR / 4K');
INSERT OR REPLACE INTO regular_expression_tags (regular_expression_name, tag_name) VALUES ('4K Audio: Block AAC-Only', 'Audio');
INSERT OR REPLACE INTO regular_expression_tags (regular_expression_name, tag_name) VALUES ('4K Audio: Block AAC-Only', 'Blocking');
INSERT OR REPLACE INTO regular_expressions (name, pattern, description) VALUES ('4K Gate: Block Missing 5.1+ Surround', '(?i)^(?=.*\b(?:2160p|4k)\b)(?!.*\b(?:5[ ._-]?1|6[ ._-]?1|7[ ._-]?1|6ch|7ch|8ch|5\.1ch|6\.1ch|7\.1ch|ddp|dd\+|eac3|e-ac-3|ec3|ac3|ac-3|dts(?:[ ._-]?hd)?(?:[ ._-]?ma)?|truehd|true[ ._-]?hd|atmos)\b).*$', 'Dedicated 4K profile gate: heavy negative score for 4K releases that do not show 5.1/6.1/7.1 or a known surround-capable codec marker.');
INSERT OR REPLACE INTO regular_expression_tags (regular_expression_name, tag_name) VALUES ('4K Gate: Block Missing 5.1+ Surround', 'HDR / 4K');
INSERT OR REPLACE INTO regular_expression_tags (regular_expression_name, tag_name) VALUES ('4K Gate: Block Missing 5.1+ Surround', 'Blocking');
INSERT OR REPLACE INTO regular_expressions (name, pattern, description) VALUES ('Edition: IMAX', '(?i)\bIMAX\b(?![ ._-]?Enhanced\b)', 'Managed Smart Plex custom format. Matches release-title tokens and applies the profile score assigned in each curated quality profile.');
INSERT OR REPLACE INTO regular_expression_tags (regular_expression_name, tag_name) VALUES ('Edition: IMAX', 'Editions');
INSERT OR REPLACE INTO regular_expressions (name, pattern, description) VALUES ('Edition: IMAX Enhanced', '(?i)\bIMAX[ ._-]?Enhanced\b', 'Managed Smart Plex custom format. Matches release-title tokens and applies the profile score assigned in each curated quality profile.');
INSERT OR REPLACE INTO regular_expression_tags (regular_expression_name, tag_name) VALUES ('Edition: IMAX Enhanced', 'Editions');
INSERT OR REPLACE INTO regular_expressions (name, pattern, description) VALUES ('Edition: Open Matte', '(?i)\bOpen[ ._-]?Matte\b', 'Managed Smart Plex custom format. Matches release-title tokens and applies the profile score assigned in each curated quality profile.');
INSERT OR REPLACE INTO regular_expression_tags (regular_expression_name, tag_name) VALUES ('Edition: Open Matte', 'Editions');
INSERT OR REPLACE INTO regular_expressions (name, pattern, description) VALUES ('Edition: VAR', '(?i)\b(?:VAR|Variable[ ._-]?Aspect[ ._-]?Ratio)\b', 'Managed Smart Plex custom format. Matches release-title tokens and applies the profile score assigned in each curated quality profile.');
INSERT OR REPLACE INTO regular_expression_tags (regular_expression_name, tag_name) VALUES ('Edition: VAR', 'Editions');
INSERT OR REPLACE INTO regular_expressions (name, pattern, description) VALUES ('Edition: Expanded Ratio', '(?i)\bExpanded[ ._-]?(?:Aspect[ ._-]?)?Ratio\b', 'Managed Smart Plex custom format. Matches release-title tokens and applies the profile score assigned in each curated quality profile.');
INSERT OR REPLACE INTO regular_expression_tags (regular_expression_name, tag_name) VALUES ('Edition: Expanded Ratio', 'Editions');
INSERT OR REPLACE INTO regular_expressions (name, pattern, description) VALUES ('Edition: Remastered', '(?i)\b(?:Remaster(?:ed)?|4K[ ._-]?Remaster(?:ed)?)\b', 'Managed Smart Plex custom format. Matches release-title tokens and applies the profile score assigned in each curated quality profile.');
INSERT OR REPLACE INTO regular_expression_tags (regular_expression_name, tag_name) VALUES ('Edition: Remastered', 'Editions');
INSERT OR REPLACE INTO regular_expressions (name, pattern, description) VALUES ('Edition: Restored', '(?i)\b(?:Restored|Restoration)\b', 'Managed Smart Plex custom format. Matches release-title tokens and applies the profile score assigned in each curated quality profile.');
INSERT OR REPLACE INTO regular_expression_tags (regular_expression_name, tag_name) VALUES ('Edition: Restored', 'Editions');
INSERT OR REPLACE INTO regular_expressions (name, pattern, description) VALUES ('Edition: 4K Scan', '(?i)\b(?:4K|UHD)[ ._-]?(?:Scan|Restoration|Transfer|Master)\b', 'Managed Smart Plex custom format. Matches release-title tokens and applies the profile score assigned in each curated quality profile.');
INSERT OR REPLACE INTO regular_expression_tags (regular_expression_name, tag_name) VALUES ('Edition: 4K Scan', 'HDR / 4K');
INSERT OR REPLACE INTO regular_expression_tags (regular_expression_name, tag_name) VALUES ('Edition: 4K Scan', 'Editions');
INSERT OR REPLACE INTO regular_expressions (name, pattern, description) VALUES ('Edition: Criterion', '(?i)\bCriterion\b', 'Managed Smart Plex custom format. Matches release-title tokens and applies the profile score assigned in each curated quality profile.');
INSERT OR REPLACE INTO regular_expression_tags (regular_expression_name, tag_name) VALUES ('Edition: Criterion', 'Editions');
INSERT OR REPLACE INTO regular_expressions (name, pattern, description) VALUES ('Edition: Arrow', '(?i)\bArrow[ ._-]?(?:Video|Films)?\b', 'Managed Smart Plex custom format. Matches release-title tokens and applies the profile score assigned in each curated quality profile.');
INSERT OR REPLACE INTO regular_expression_tags (regular_expression_name, tag_name) VALUES ('Edition: Arrow', 'Editions');
INSERT OR REPLACE INTO regular_expressions (name, pattern, description) VALUES ('Edition: Shout Factory', '(?i)\b(?:Shout|Scream)[ ._-]?Factory\b', 'Managed Smart Plex custom format. Matches release-title tokens and applies the profile score assigned in each curated quality profile.');
INSERT OR REPLACE INTO regular_expression_tags (regular_expression_name, tag_name) VALUES ('Edition: Shout Factory', 'Editions');
INSERT OR REPLACE INTO regular_expressions (name, pattern, description) VALUES ('Edition: StudioCanal', '(?i)\bStudio[ ._-]?Canal\b', 'Managed Smart Plex custom format. Matches release-title tokens and applies the profile score assigned in each curated quality profile.');
INSERT OR REPLACE INTO regular_expression_tags (regular_expression_name, tag_name) VALUES ('Edition: StudioCanal', 'Editions');
INSERT OR REPLACE INTO regular_expressions (name, pattern, description) VALUES ('Edition: New Transfer', '(?i)\b(?:New|Brand[ ._-]?New)[ ._-]?(?:Transfer|Master|Scan)\b|\bNewly[ ._-]?(?:Transferred|Scanned)\b', 'Quality-edition bonus for New Transfer, New Master, New Scan, Newly Transferred, and Newly Scanned tags. It sits below IMAX/Remastered/Restored but above vague content-edition wording.');
INSERT OR REPLACE INTO regular_expression_tags (regular_expression_name, tag_name) VALUES ('Edition: New Transfer', 'Editions');
INSERT OR REPLACE INTO regular_expressions (name, pattern, description) VALUES ('Edition: Director''s Cut', '(?i)\bDirector''?s[ ._-]?Cut\b', 'Managed Smart Plex custom format. Matches release-title tokens and applies the profile score assigned in each curated quality profile.');
INSERT OR REPLACE INTO regular_expression_tags (regular_expression_name, tag_name) VALUES ('Edition: Director''s Cut', 'Editions');
INSERT OR REPLACE INTO regular_expressions (name, pattern, description) VALUES ('Edition: Final Cut', '(?i)\bFinal[ ._-]?Cut\b', 'Managed Smart Plex custom format. Matches release-title tokens and applies the profile score assigned in each curated quality profile.');
INSERT OR REPLACE INTO regular_expression_tags (regular_expression_name, tag_name) VALUES ('Edition: Final Cut', 'Editions');
INSERT OR REPLACE INTO regular_expressions (name, pattern, description) VALUES ('Edition: Extended', '(?i)\bExtended[ ._-]?(?:Cut|Edition|Version)?\b', 'Managed Smart Plex custom format. Matches release-title tokens and applies the profile score assigned in each curated quality profile.');
INSERT OR REPLACE INTO regular_expression_tags (regular_expression_name, tag_name) VALUES ('Edition: Extended', 'Editions');
INSERT OR REPLACE INTO regular_expressions (name, pattern, description) VALUES ('Edition: Ultimate Cut', '(?i)\bUltimate[ ._-]?Cut\b', 'Managed Smart Plex custom format. Matches release-title tokens and applies the profile score assigned in each curated quality profile.');
INSERT OR REPLACE INTO regular_expression_tags (regular_expression_name, tag_name) VALUES ('Edition: Ultimate Cut', 'Editions');
INSERT OR REPLACE INTO regular_expressions (name, pattern, description) VALUES ('Edition: Unrated', '(?i)\bUnrated\b', 'Managed Smart Plex custom format. Matches release-title tokens and applies the profile score assigned in each curated quality profile.');
INSERT OR REPLACE INTO regular_expression_tags (regular_expression_name, tag_name) VALUES ('Edition: Unrated', 'Editions');
INSERT OR REPLACE INTO regular_expressions (name, pattern, description) VALUES ('Edition: Special Edition', '(?i)\bSpecial[ ._-]?Edition\b', 'Managed Smart Plex custom format. Matches release-title tokens and applies the profile score assigned in each curated quality profile.');
INSERT OR REPLACE INTO regular_expression_tags (regular_expression_name, tag_name) VALUES ('Edition: Special Edition', 'Editions');
INSERT OR REPLACE INTO regular_expressions (name, pattern, description) VALUES ('Edition: Collector''s Edition', '(?i)\bCollector''?s[ ._-]?Edition\b', 'Managed Smart Plex custom format. Matches release-title tokens and applies the profile score assigned in each curated quality profile.');
INSERT OR REPLACE INTO regular_expression_tags (regular_expression_name, tag_name) VALUES ('Edition: Collector''s Edition', 'Editions');
INSERT OR REPLACE INTO regular_expressions (name, pattern, description) VALUES ('Edition: Anniversary Edition', '(?i)\b(?:Anniversary|[0-9]{1,2}(?:th|st|nd|rd)[ ._-]?Anniversary)[ ._-]?Edition\b', 'Managed Smart Plex custom format. Matches release-title tokens and applies the profile score assigned in each curated quality profile.');
INSERT OR REPLACE INTO regular_expression_tags (regular_expression_name, tag_name) VALUES ('Edition: Anniversary Edition', 'Editions');
INSERT OR REPLACE INTO regular_expressions (name, pattern, description) VALUES ('Edition: Fan Edit', '(?i)\bFan[ ._-]?Edit\b', 'Managed Smart Plex custom format. Matches release-title tokens and applies the profile score assigned in each curated quality profile.');
INSERT OR REPLACE INTO regular_expression_tags (regular_expression_name, tag_name) VALUES ('Edition: Fan Edit', 'Editions');
INSERT OR REPLACE INTO regular_expressions (name, pattern, description) VALUES ('Edition: Fan Restoration', '(?i)\bFan[ ._-]?Restoration\b', 'Managed Smart Plex custom format. Matches release-title tokens and applies the profile score assigned in each curated quality profile.');
INSERT OR REPLACE INTO regular_expression_tags (regular_expression_name, tag_name) VALUES ('Edition: Fan Restoration', 'Editions');
INSERT OR REPLACE INTO regular_expressions (name, pattern, description) VALUES ('Edition: UpScale', '(?i)\b(?:AI[ ._-]?)?Upscale(?:d)?\b', 'Managed Smart Plex custom format. Matches release-title tokens and applies the profile score assigned in each curated quality profile.');
INSERT OR REPLACE INTO regular_expression_tags (regular_expression_name, tag_name) VALUES ('Edition: UpScale', 'Editions');
INSERT OR REPLACE INTO regular_expressions (name, pattern, description) VALUES ('Release: Proper-Repack-Rerip', '(?i)\b(?:PROPER|REPACK|RERIP)(?:[ ._-]?[23])?\b|\bREAL(?:[ ._-]?REAL)?[ ._-]?(?:PROPER|REPACK)\b', 'Modest release-fix bonus for PROPER, REPACK, RERIP, REAL.PROPER, and higher-version proper/repack tags. It is intentionally sized to fix same-tier releases without overpowering BluRay/source/HDR/audio scoring.');
INSERT OR REPLACE INTO regular_expression_tags (regular_expression_name, tag_name) VALUES ('Release: Proper-Repack-Rerip', 'Release Fixes');
INSERT OR REPLACE INTO custom_formats (name, description, include_in_rename) VALUES ('Language: Prefer English + Spanish', 'Highest language preference. Rewards releases that appear to include both English and Spanish/Latino language indicators, or a strong Latino/multi-audio signal, so Plex gets the best bilingual copy first.', 0);
INSERT OR REPLACE INTO custom_format_tags (custom_format_name, tag_name) VALUES ('Language: Prefer English + Spanish', 'Language');
INSERT OR REPLACE INTO custom_format_conditions (custom_format_name, name, type, arr_type, negate, required) VALUES ('Language: Prefer English + Spanish', 'Language: Prefer English + Spanish', 'release_title', 'all', 0, 1);
INSERT OR REPLACE INTO condition_patterns (custom_format_name, condition_name, regular_expression_name) VALUES ('Language: Prefer English + Spanish', 'Language: Prefer English + Spanish', 'Language: Prefer English + Spanish');
INSERT OR REPLACE INTO custom_formats (name, description, include_in_rename) VALUES ('Language: English Marker', 'Tiny English-tag confirmation bonus. English is treated as the last language fallback, so this exists mainly to confirm the tag rather than drive the decision.', 0);
INSERT OR REPLACE INTO custom_format_tags (custom_format_name, tag_name) VALUES ('Language: English Marker', 'Language');
INSERT OR REPLACE INTO custom_format_conditions (custom_format_name, name, type, arr_type, negate, required) VALUES ('Language: English Marker', 'Language: English Marker', 'release_title', 'all', 0, 1);
INSERT OR REPLACE INTO condition_patterns (custom_format_name, condition_name, regular_expression_name) VALUES ('Language: English Marker', 'Language: English Marker', 'Language: English Marker');
INSERT OR REPLACE INTO custom_formats (name, description, include_in_rename) VALUES ('Language: Spanish-Only Fallback', 'Preferred single-language fallback. Rewards explicit Spanish or Castellano tags when a true bilingual English+Spanish release is not available.', 0);
INSERT OR REPLACE INTO custom_format_tags (custom_format_name, tag_name) VALUES ('Language: Spanish-Only Fallback', 'Language');
INSERT OR REPLACE INTO custom_format_tags (custom_format_name, tag_name) VALUES ('Language: Spanish-Only Fallback', 'Scoring');
INSERT OR REPLACE INTO custom_format_conditions (custom_format_name, name, type, arr_type, negate, required) VALUES ('Language: Spanish-Only Fallback', 'Language: Spanish-Only Fallback', 'release_title', 'all', 0, 1);
INSERT OR REPLACE INTO condition_patterns (custom_format_name, condition_name, regular_expression_name) VALUES ('Language: Spanish-Only Fallback', 'Language: Spanish-Only Fallback', 'Language: Spanish-Only Fallback');
INSERT OR REPLACE INTO custom_formats (name, description, include_in_rename) VALUES ('Language: Latino Spanish Fallback', 'Secondary Spanish-friendly fallback for Latino, LATAM, Mexican, or ES-style tags that often imply Spanish audio even when English is not clearly labeled.', 0);
INSERT OR REPLACE INTO custom_format_tags (custom_format_name, tag_name) VALUES ('Language: Latino Spanish Fallback', 'Language');
INSERT OR REPLACE INTO custom_format_tags (custom_format_name, tag_name) VALUES ('Language: Latino Spanish Fallback', 'Scoring');
INSERT OR REPLACE INTO custom_format_conditions (custom_format_name, name, type, arr_type, negate, required) VALUES ('Language: Latino Spanish Fallback', 'Language: Latino Spanish Fallback', 'release_title', 'all', 0, 1);
INSERT OR REPLACE INTO condition_patterns (custom_format_name, condition_name, regular_expression_name) VALUES ('Language: Latino Spanish Fallback', 'Language: Latino Spanish Fallback', 'Language: Latino Spanish Fallback');
INSERT OR REPLACE INTO custom_formats (name, description, include_in_rename) VALUES ('Language: English-Only Backup', 'Last language fallback. English-only releases stay usable, but they should lose to EN+ES, Spanish, Multi, and Latino-tagged options.', 0);
INSERT OR REPLACE INTO custom_format_tags (custom_format_name, tag_name) VALUES ('Language: English-Only Backup', 'Language');
INSERT OR REPLACE INTO custom_format_conditions (custom_format_name, name, type, arr_type, negate, required) VALUES ('Language: English-Only Backup', 'Language: English-Only Backup', 'release_title', 'all', 0, 1);
INSERT OR REPLACE INTO condition_patterns (custom_format_name, condition_name, regular_expression_name) VALUES ('Language: English-Only Backup', 'Language: English-Only Backup', 'Language: English-Only Backup');
INSERT OR REPLACE INTO custom_formats (name, description, include_in_rename) VALUES ('Language: Multi-Dual Audio Bonus', 'Middle-tier multilingual bonus. Rewards Multi, Multi5, dual-audio, and dual-language tags, but keeps them below explicit EN+ES and single-language Spanish priorities.', 0);
INSERT OR REPLACE INTO custom_format_tags (custom_format_name, tag_name) VALUES ('Language: Multi-Dual Audio Bonus', 'Language');
INSERT OR REPLACE INTO custom_format_tags (custom_format_name, tag_name) VALUES ('Language: Multi-Dual Audio Bonus', 'Audio');
INSERT OR REPLACE INTO custom_format_tags (custom_format_name, tag_name) VALUES ('Language: Multi-Dual Audio Bonus', 'Scoring');
INSERT OR REPLACE INTO custom_format_conditions (custom_format_name, name, type, arr_type, negate, required) VALUES ('Language: Multi-Dual Audio Bonus', 'Language: Multi-Dual Audio Bonus', 'release_title', 'all', 0, 1);
INSERT OR REPLACE INTO condition_patterns (custom_format_name, condition_name, regular_expression_name) VALUES ('Language: Multi-Dual Audio Bonus', 'Language: Multi-Dual Audio Bonus', 'Language: Multi-Dual Audio Bonus');
INSERT OR REPLACE INTO custom_formats (name, description, include_in_rename) VALUES ('Language: Block Other Languages', 'Heavy negative score for releases tagged as languages outside the intended English or Spanish-friendly target set, such as French, German, Hindi, Russian, Japanese, and similar tags.', 0);
INSERT OR REPLACE INTO custom_format_tags (custom_format_name, tag_name) VALUES ('Language: Block Other Languages', 'Language');
INSERT OR REPLACE INTO custom_format_tags (custom_format_name, tag_name) VALUES ('Language: Block Other Languages', 'Blocking');
INSERT OR REPLACE INTO custom_format_conditions (custom_format_name, name, type, arr_type, negate, required) VALUES ('Language: Block Other Languages', 'Language: Block Other Languages', 'release_title', 'all', 0, 1);
INSERT OR REPLACE INTO condition_patterns (custom_format_name, condition_name, regular_expression_name) VALUES ('Language: Block Other Languages', 'Language: Block Other Languages', 'Language: Block Other Languages');
INSERT OR REPLACE INTO custom_formats (name, description, include_in_rename) VALUES ('Subtitles: Prefer English + Spanish', 'Rewards releases that appear to include subtitle support for both English and Spanish. This is a strong usability bonus for mixed-language Plex playback.', 0);
INSERT OR REPLACE INTO custom_format_tags (custom_format_name, tag_name) VALUES ('Subtitles: Prefer English + Spanish', 'Subtitles');
INSERT OR REPLACE INTO custom_format_conditions (custom_format_name, name, type, arr_type, negate, required) VALUES ('Subtitles: Prefer English + Spanish', 'Subtitles: Prefer English + Spanish', 'release_title', 'all', 0, 1);
INSERT OR REPLACE INTO condition_patterns (custom_format_name, condition_name, regular_expression_name) VALUES ('Subtitles: Prefer English + Spanish', 'Subtitles: Prefer English + Spanish', 'Subtitles: Prefer English + Spanish');
INSERT OR REPLACE INTO custom_formats (name, description, include_in_rename) VALUES ('Subtitles: English Bonus', 'Small subtitle bonus for English subtitle indicators. Useful when audio language is acceptable but subtitle support is still helpful.', 0);
INSERT OR REPLACE INTO custom_format_tags (custom_format_name, tag_name) VALUES ('Subtitles: English Bonus', 'Subtitles');
INSERT OR REPLACE INTO custom_format_tags (custom_format_name, tag_name) VALUES ('Subtitles: English Bonus', 'Scoring');
INSERT OR REPLACE INTO custom_format_conditions (custom_format_name, name, type, arr_type, negate, required) VALUES ('Subtitles: English Bonus', 'Subtitles: English Bonus', 'release_title', 'all', 0, 1);
INSERT OR REPLACE INTO condition_patterns (custom_format_name, condition_name, regular_expression_name) VALUES ('Subtitles: English Bonus', 'Subtitles: English Bonus', 'Subtitles: English Bonus');
INSERT OR REPLACE INTO custom_formats (name, description, include_in_rename) VALUES ('Subtitles: Spanish Bonus', 'Subtitle bonus for Spanish or Latino subtitle indicators. Helps prefer releases that are easier to use for Spanish viewers.', 0);
INSERT OR REPLACE INTO custom_format_tags (custom_format_name, tag_name) VALUES ('Subtitles: Spanish Bonus', 'Subtitles');
INSERT OR REPLACE INTO custom_format_tags (custom_format_name, tag_name) VALUES ('Subtitles: Spanish Bonus', 'Scoring');
INSERT OR REPLACE INTO custom_format_conditions (custom_format_name, name, type, arr_type, negate, required) VALUES ('Subtitles: Spanish Bonus', 'Subtitles: Spanish Bonus', 'release_title', 'all', 0, 1);
INSERT OR REPLACE INTO condition_patterns (custom_format_name, condition_name, regular_expression_name) VALUES ('Subtitles: Spanish Bonus', 'Subtitles: Spanish Bonus', 'Subtitles: Spanish Bonus');
INSERT OR REPLACE INTO custom_formats (name, description, include_in_rename) VALUES ('Subtitles: Block Hardcoded-Burned-In', 'Heavy negative score for hardcoded, hardsubbed, burned-in, or burnt-in subtitle tags. Avoids releases where subtitles cannot be disabled.', 0);
INSERT OR REPLACE INTO custom_format_tags (custom_format_name, tag_name) VALUES ('Subtitles: Block Hardcoded-Burned-In', 'Subtitles');
INSERT OR REPLACE INTO custom_format_tags (custom_format_name, tag_name) VALUES ('Subtitles: Block Hardcoded-Burned-In', 'Blocking');
INSERT OR REPLACE INTO custom_format_conditions (custom_format_name, name, type, arr_type, negate, required) VALUES ('Subtitles: Block Hardcoded-Burned-In', 'Subtitles: Block Hardcoded-Burned-In', 'release_title', 'all', 0, 1);
INSERT OR REPLACE INTO condition_patterns (custom_format_name, condition_name, regular_expression_name) VALUES ('Subtitles: Block Hardcoded-Burned-In', 'Subtitles: Block Hardcoded-Burned-In', 'Subtitles: Block Hardcoded-Burned-In');
INSERT OR REPLACE INTO custom_formats (name, description, include_in_rename) VALUES ('Codec: AV1 Preferred', 'Second-place codec preference. AV1 is efficient, but the managed ladder keeps it behind x265/HEVC for broader client compatibility.', 0);
INSERT OR REPLACE INTO custom_format_tags (custom_format_name, tag_name) VALUES ('Codec: AV1 Preferred', 'Codec');
INSERT OR REPLACE INTO custom_format_tags (custom_format_name, tag_name) VALUES ('Codec: AV1 Preferred', 'Scoring');
INSERT OR REPLACE INTO custom_format_conditions (custom_format_name, name, type, arr_type, negate, required) VALUES ('Codec: AV1 Preferred', 'Codec: AV1 Preferred', 'release_title', 'all', 0, 1);
INSERT OR REPLACE INTO condition_patterns (custom_format_name, condition_name, regular_expression_name) VALUES ('Codec: AV1 Preferred', 'Codec: AV1 Preferred', 'Codec: AV1 Preferred');
INSERT OR REPLACE INTO custom_formats (name, description, include_in_rename) VALUES ('Codec: VVC-x266 Future', 'Third-place codec preference. H.266, x266, and VVC are recognized, but they stay below x265 and AV1 in every managed profile.', 0);
INSERT OR REPLACE INTO custom_format_tags (custom_format_name, tag_name) VALUES ('Codec: VVC-x266 Future', 'Codec');
INSERT OR REPLACE INTO custom_format_conditions (custom_format_name, name, type, arr_type, negate, required) VALUES ('Codec: VVC-x266 Future', 'Codec: VVC-x266 Future', 'release_title', 'all', 0, 1);
INSERT OR REPLACE INTO condition_patterns (custom_format_name, condition_name, regular_expression_name) VALUES ('Codec: VVC-x266 Future', 'Codec: VVC-x266 Future', 'Codec: VVC-x266 Future');
INSERT OR REPLACE INTO custom_formats (name, description, include_in_rename) VALUES ('Codec: HEVC-x265 Preferred', 'Primary codec preference across the managed profiles. x265, H.265, and HEVC are scored highest for the best balance of quality, size, and playback compatibility.', 0);
INSERT OR REPLACE INTO custom_format_tags (custom_format_name, tag_name) VALUES ('Codec: HEVC-x265 Preferred', 'Codec');
INSERT OR REPLACE INTO custom_format_tags (custom_format_name, tag_name) VALUES ('Codec: HEVC-x265 Preferred', 'Scoring');
INSERT OR REPLACE INTO custom_format_conditions (custom_format_name, name, type, arr_type, negate, required) VALUES ('Codec: HEVC-x265 Preferred', 'Codec: HEVC-x265 Preferred', 'release_title', 'all', 0, 1);
INSERT OR REPLACE INTO condition_patterns (custom_format_name, condition_name, regular_expression_name) VALUES ('Codec: HEVC-x265 Preferred', 'Codec: HEVC-x265 Preferred', 'Codec: HEVC-x265 Preferred');
INSERT OR REPLACE INTO custom_formats (name, description, include_in_rename) VALUES ('Codec: x264-H264 Fallback or Penalty', 'Compatibility codec detector. In the smart movie profiles this is now a strong negative safety rail so x264 cannot replace an existing x265/AV1/VVC or compact 4K release. The looser catalog profile can still use it manually for hard-to-find movies.', 0);
INSERT OR REPLACE INTO custom_format_tags (custom_format_name, tag_name) VALUES ('Codec: x264-H264 Fallback or Penalty', 'Codec');
INSERT OR REPLACE INTO custom_format_tags (custom_format_name, tag_name) VALUES ('Codec: x264-H264 Fallback or Penalty', 'Blocking');
INSERT OR REPLACE INTO custom_format_tags (custom_format_name, tag_name) VALUES ('Codec: x264-H264 Fallback or Penalty', 'Scoring');
INSERT OR REPLACE INTO custom_format_conditions (custom_format_name, name, type, arr_type, negate, required) VALUES ('Codec: x264-H264 Fallback or Penalty', 'Codec: x264-H264 Fallback or Penalty', 'release_title', 'all', 0, 1);
INSERT OR REPLACE INTO condition_patterns (custom_format_name, condition_name, regular_expression_name) VALUES ('Codec: x264-H264 Fallback or Penalty', 'Codec: x264-H264 Fallback or Penalty', 'Codec: x264-H264 Fallback or Penalty');
INSERT OR REPLACE INTO custom_formats (name, description, include_in_rename) VALUES ('Source: Block Remux-Raw Disk', 'Heavy negative score for remux, BD remux, BR-DISK, BD-DISK, and raw HD style releases. Keeps the library from grabbing huge source-size files.', 0);
INSERT OR REPLACE INTO custom_format_tags (custom_format_name, tag_name) VALUES ('Source: Block Remux-Raw Disk', 'Blocking');
INSERT OR REPLACE INTO custom_format_conditions (custom_format_name, name, type, arr_type, negate, required) VALUES ('Source: Block Remux-Raw Disk', 'Source: Block Remux-Raw Disk', 'release_title', 'all', 0, 1);
INSERT OR REPLACE INTO condition_patterns (custom_format_name, condition_name, regular_expression_name) VALUES ('Source: Block Remux-Raw Disk', 'Source: Block Remux-Raw Disk', 'Source: Block Remux-Raw Disk');
INSERT OR REPLACE INTO custom_formats (name, description, include_in_rename) VALUES ('HDR: Base HDR Bonus', 'Base HDR bonus. Keeps HDR above SDR, while still letting the more specific Dolby Vision plus HDR and HDR10+ combinations rise higher.', 0);
INSERT OR REPLACE INTO custom_format_tags (custom_format_name, tag_name) VALUES ('HDR: Base HDR Bonus', 'HDR / 4K');
INSERT OR REPLACE INTO custom_format_tags (custom_format_name, tag_name) VALUES ('HDR: Base HDR Bonus', 'Scoring');
INSERT OR REPLACE INTO custom_format_conditions (custom_format_name, name, type, arr_type, negate, required) VALUES ('HDR: Base HDR Bonus', 'HDR: Base HDR Bonus', 'release_title', 'all', 0, 1);
INSERT OR REPLACE INTO condition_patterns (custom_format_name, condition_name, regular_expression_name) VALUES ('HDR: Base HDR Bonus', 'HDR: Base HDR Bonus', 'HDR: Base HDR Bonus');
INSERT OR REPLACE INTO custom_formats (name, description, include_in_rename) VALUES ('HDR: HDR10 Bonus', 'Extra HDR score for HDR10. This sits above generic HDR but below Dolby Vision paired with HDR and below HDR10+.', 0);
INSERT OR REPLACE INTO custom_format_tags (custom_format_name, tag_name) VALUES ('HDR: HDR10 Bonus', 'HDR / 4K');
INSERT OR REPLACE INTO custom_format_tags (custom_format_name, tag_name) VALUES ('HDR: HDR10 Bonus', 'Scoring');
INSERT OR REPLACE INTO custom_format_conditions (custom_format_name, name, type, arr_type, negate, required) VALUES ('HDR: HDR10 Bonus', 'HDR: HDR10 Bonus', 'release_title', 'all', 0, 1);
INSERT OR REPLACE INTO condition_patterns (custom_format_name, condition_name, regular_expression_name) VALUES ('HDR: HDR10 Bonus', 'HDR: HDR10 Bonus', 'HDR: HDR10 Bonus');
INSERT OR REPLACE INTO custom_formats (name, description, include_in_rename) VALUES ('HDR: HDR10+ Bonus', 'Top non-Dolby-Vision HDR bonus for HDR10+ and HDR10 Plus tags. Combined with Dolby Vision, this becomes the strongest HDR path.', 0);
INSERT OR REPLACE INTO custom_format_tags (custom_format_name, tag_name) VALUES ('HDR: HDR10+ Bonus', 'HDR / 4K');
INSERT OR REPLACE INTO custom_format_tags (custom_format_name, tag_name) VALUES ('HDR: HDR10+ Bonus', 'Scoring');
INSERT OR REPLACE INTO custom_format_conditions (custom_format_name, name, type, arr_type, negate, required) VALUES ('HDR: HDR10+ Bonus', 'HDR: HDR10+ Bonus', 'release_title', 'all', 0, 1);
INSERT OR REPLACE INTO condition_patterns (custom_format_name, condition_name, regular_expression_name) VALUES ('HDR: HDR10+ Bonus', 'HDR: HDR10+ Bonus', 'HDR: HDR10+ Bonus');
INSERT OR REPLACE INTO custom_formats (name, description, include_in_rename) VALUES ('HDR: Dolby Vision + HDR Bonus', 'Rewards Dolby Vision only when HDR, HDR10, or HDR10+ is also present. This builds the preferred Dolby Vision plus HDR ladders without overvaluing DV-only releases.', 0);
INSERT OR REPLACE INTO custom_format_tags (custom_format_name, tag_name) VALUES ('HDR: Dolby Vision + HDR Bonus', 'HDR / 4K');
INSERT OR REPLACE INTO custom_format_tags (custom_format_name, tag_name) VALUES ('HDR: Dolby Vision + HDR Bonus', 'Scoring');
INSERT OR REPLACE INTO custom_format_conditions (custom_format_name, name, type, arr_type, negate, required) VALUES ('HDR: Dolby Vision + HDR Bonus', 'HDR: Dolby Vision + HDR Bonus', 'release_title', 'all', 0, 1);
INSERT OR REPLACE INTO condition_patterns (custom_format_name, condition_name, regular_expression_name) VALUES ('HDR: Dolby Vision + HDR Bonus', 'HDR: Dolby Vision + HDR Bonus', 'HDR: Dolby Vision + HDR Bonus');
INSERT OR REPLACE INTO custom_formats (name, description, include_in_rename) VALUES ('HDR: Penalize SDR When HDR Expected', 'Visual-protection penalty for efficient-codec 1080p/2160p releases that do not advertise HDR, HDR10, HDR10+, DoVi, DV, or Dolby Vision. Movies use this strongly to stop SDR replacing HDR; Sonarr uses a lighter version because HDR is less common on shows.', 0);
INSERT OR REPLACE INTO custom_format_tags (custom_format_name, tag_name) VALUES ('HDR: Penalize SDR When HDR Expected', 'HDR / 4K');
INSERT OR REPLACE INTO custom_format_conditions (custom_format_name, name, type, arr_type, negate, required) VALUES ('HDR: Penalize SDR When HDR Expected', 'HDR: Penalize SDR When HDR Expected', 'release_title', 'all', 0, 1);
INSERT OR REPLACE INTO condition_patterns (custom_format_name, condition_name, regular_expression_name) VALUES ('HDR: Penalize SDR When HDR Expected', 'HDR: Penalize SDR When HDR Expected', 'HDR: Penalize SDR When HDR Expected');
INSERT OR REPLACE INTO custom_formats (name, description, include_in_rename) VALUES ('4K Gate: Block Missing HDR', 'Managed Smart Plex custom format. Matches release-title tokens and applies the profile score assigned in each curated quality profile.', 0);
INSERT OR REPLACE INTO custom_format_tags (custom_format_name, tag_name) VALUES ('4K Gate: Block Missing HDR', 'HDR / 4K');
INSERT OR REPLACE INTO custom_format_tags (custom_format_name, tag_name) VALUES ('4K Gate: Block Missing HDR', 'Blocking');
INSERT OR REPLACE INTO custom_format_conditions (custom_format_name, name, type, arr_type, negate, required) VALUES ('4K Gate: Block Missing HDR', '4K Gate: Block Missing HDR', 'release_title', 'all', 0, 1);
INSERT OR REPLACE INTO condition_patterns (custom_format_name, condition_name, regular_expression_name) VALUES ('4K Gate: Block Missing HDR', '4K Gate: Block Missing HDR', '4K Gate: Block Missing HDR');
INSERT OR REPLACE INTO custom_formats (name, description, include_in_rename) VALUES ('HDR: Dolby Vision Only Fallback', 'Small Dolby Vision-only fallback score. DV-only releases stay above SDR when necessary, but below every Dolby Vision plus HDR combination.', 0);
INSERT OR REPLACE INTO custom_format_tags (custom_format_name, tag_name) VALUES ('HDR: Dolby Vision Only Fallback', 'HDR / 4K');
INSERT OR REPLACE INTO custom_format_tags (custom_format_name, tag_name) VALUES ('HDR: Dolby Vision Only Fallback', 'Scoring');
INSERT OR REPLACE INTO custom_format_conditions (custom_format_name, name, type, arr_type, negate, required) VALUES ('HDR: Dolby Vision Only Fallback', 'HDR: Dolby Vision Only Fallback', 'release_title', 'all', 0, 1);
INSERT OR REPLACE INTO condition_patterns (custom_format_name, condition_name, regular_expression_name) VALUES ('HDR: Dolby Vision Only Fallback', 'HDR: Dolby Vision Only Fallback', 'HDR: Dolby Vision Only Fallback');
INSERT OR REPLACE INTO custom_formats (name, description, include_in_rename) VALUES ('Audio: 5.1 Surround Preferred', 'Primary surround-audio bonus for 5.1, 6-channel, and 5.1ch tags. This is the main compatibility target for a Plex setup built around a 5.1-capable soundbar.', 0);
INSERT OR REPLACE INTO custom_format_tags (custom_format_name, tag_name) VALUES ('Audio: 5.1 Surround Preferred', 'Audio');
INSERT OR REPLACE INTO custom_format_tags (custom_format_name, tag_name) VALUES ('Audio: 5.1 Surround Preferred', 'Scoring');
INSERT OR REPLACE INTO custom_format_conditions (custom_format_name, name, type, arr_type, negate, required) VALUES ('Audio: 5.1 Surround Preferred', 'Audio: 5.1 Surround Preferred', 'release_title', 'all', 0, 1);
INSERT OR REPLACE INTO condition_patterns (custom_format_name, condition_name, regular_expression_name) VALUES ('Audio: 5.1 Surround Preferred', 'Audio: 5.1 Surround Preferred', 'Audio: 5.1 Surround Preferred');
INSERT OR REPLACE INTO custom_formats (name, description, include_in_rename) VALUES ('Audio: Atmos Bonus', 'Top audio bonus for Dolby Atmos, DDP Atmos, EC3 JOC, and Atmos tags. Atmos is preferred when available because it still rides on a practical Dolby Digital Plus playback path.', 0);
INSERT OR REPLACE INTO custom_format_tags (custom_format_name, tag_name) VALUES ('Audio: Atmos Bonus', 'Audio');
INSERT OR REPLACE INTO custom_format_tags (custom_format_name, tag_name) VALUES ('Audio: Atmos Bonus', 'Scoring');
INSERT OR REPLACE INTO custom_format_conditions (custom_format_name, name, type, arr_type, negate, required) VALUES ('Audio: Atmos Bonus', 'Audio: Atmos Bonus', 'release_title', 'all', 0, 1);
INSERT OR REPLACE INTO condition_patterns (custom_format_name, condition_name, regular_expression_name) VALUES ('Audio: Atmos Bonus', 'Audio: Atmos Bonus', 'Audio: Atmos Bonus');
INSERT OR REPLACE INTO custom_formats (name, description, include_in_rename) VALUES ('Audio: EAC3-AC3 Preferred', 'Preferred Dolby audio-format bonus for EAC3, DDP, DD+, AC3, and Dolby Digital tags. These formats are highly compatible for Plex, eARC, and streaming-style playback.', 0);
INSERT OR REPLACE INTO custom_format_tags (custom_format_name, tag_name) VALUES ('Audio: EAC3-AC3 Preferred', 'Audio');
INSERT OR REPLACE INTO custom_format_tags (custom_format_name, tag_name) VALUES ('Audio: EAC3-AC3 Preferred', 'Scoring');
INSERT OR REPLACE INTO custom_format_conditions (custom_format_name, name, type, arr_type, negate, required) VALUES ('Audio: EAC3-AC3 Preferred', 'Audio: EAC3-AC3 Preferred', 'release_title', 'all', 0, 1);
INSERT OR REPLACE INTO condition_patterns (custom_format_name, condition_name, regular_expression_name) VALUES ('Audio: EAC3-AC3 Preferred', 'Audio: EAC3-AC3 Preferred', 'Audio: EAC3-AC3 Preferred');
INSERT OR REPLACE INTO custom_formats (name, description, include_in_rename) VALUES ('Audio: 6.1 Bonus', 'Secondary channel-layout bonus for 6.1 audio. It stays below the main 5.1 and Dolby-format preferences, but above 7.1 and stereo in the fallback ladder.', 0);
INSERT OR REPLACE INTO custom_format_tags (custom_format_name, tag_name) VALUES ('Audio: 6.1 Bonus', 'Audio');
INSERT OR REPLACE INTO custom_format_tags (custom_format_name, tag_name) VALUES ('Audio: 6.1 Bonus', 'Scoring');
INSERT OR REPLACE INTO custom_format_conditions (custom_format_name, name, type, arr_type, negate, required) VALUES ('Audio: 6.1 Bonus', 'Audio: 6.1 Bonus', 'release_title', 'all', 0, 1);
INSERT OR REPLACE INTO condition_patterns (custom_format_name, condition_name, regular_expression_name) VALUES ('Audio: 6.1 Bonus', 'Audio: 6.1 Bonus', 'Audio: 6.1 Bonus');
INSERT OR REPLACE INTO custom_formats (name, description, include_in_rename) VALUES ('Audio: 7.1 Bonus', 'Smaller channel-layout bonus for 7.1 audio. It remains below the 5.1-first compatibility target and below 6.1 in the current managed fallback order.', 0);
INSERT OR REPLACE INTO custom_format_tags (custom_format_name, tag_name) VALUES ('Audio: 7.1 Bonus', 'Audio');
INSERT OR REPLACE INTO custom_format_tags (custom_format_name, tag_name) VALUES ('Audio: 7.1 Bonus', 'Scoring');
INSERT OR REPLACE INTO custom_format_conditions (custom_format_name, name, type, arr_type, negate, required) VALUES ('Audio: 7.1 Bonus', 'Audio: 7.1 Bonus', 'release_title', 'all', 0, 1);
INSERT OR REPLACE INTO condition_patterns (custom_format_name, condition_name, regular_expression_name) VALUES ('Audio: 7.1 Bonus', 'Audio: 7.1 Bonus', 'Audio: 7.1 Bonus');
INSERT OR REPLACE INTO custom_formats (name, description, include_in_rename) VALUES ('Audio: AAC Fallback Marker', 'Lowest acceptable audio-codec lane. AAC remains allowed so weak fallback releases can still download, but it sits behind EAC3, AC3, DDP, and Atmos once those exist.', 0);
INSERT OR REPLACE INTO custom_format_tags (custom_format_name, tag_name) VALUES ('Audio: AAC Fallback Marker', 'Audio');
INSERT OR REPLACE INTO custom_format_tags (custom_format_name, tag_name) VALUES ('Audio: AAC Fallback Marker', 'Scoring');
INSERT OR REPLACE INTO custom_format_conditions (custom_format_name, name, type, arr_type, negate, required) VALUES ('Audio: AAC Fallback Marker', 'Audio: AAC Fallback Marker', 'release_title', 'all', 0, 1);
INSERT OR REPLACE INTO condition_patterns (custom_format_name, condition_name, regular_expression_name) VALUES ('Audio: AAC Fallback Marker', 'Audio: AAC Fallback Marker', 'Audio: AAC Fallback Marker');
INSERT OR REPLACE INTO custom_formats (name, description, include_in_rename) VALUES ('Audio: Stereo-2.0 Penalty', 'Bottom audio floor for stereo-style tags such as 2.0, 2.1, stereo, mono, and dual mono. These releases stay allowed at the minimum acceptable floor, while surround formats score higher.', 0);
INSERT OR REPLACE INTO custom_format_tags (custom_format_name, tag_name) VALUES ('Audio: Stereo-2.0 Penalty', 'Audio');
INSERT OR REPLACE INTO custom_format_tags (custom_format_name, tag_name) VALUES ('Audio: Stereo-2.0 Penalty', 'Blocking');
INSERT OR REPLACE INTO custom_format_conditions (custom_format_name, name, type, arr_type, negate, required) VALUES ('Audio: Stereo-2.0 Penalty', 'Audio: Stereo-2.0 Penalty', 'release_title', 'all', 0, 1);
INSERT OR REPLACE INTO condition_patterns (custom_format_name, condition_name, regular_expression_name) VALUES ('Audio: Stereo-2.0 Penalty', 'Audio: Stereo-2.0 Penalty', 'Audio: Stereo-2.0 Penalty');
INSERT OR REPLACE INTO custom_formats (name, description, include_in_rename) VALUES ('Audio: Lossless Size Penalty', 'Small space-awareness penalty for TrueHD, DTS-HD MA, FLAC, PCM, and LPCM. It is not a hard block, but it keeps practical EAC3/AC3 5.1 releases from losing to larger lossless-audio releases only because of audio size.', 0);
INSERT OR REPLACE INTO custom_format_tags (custom_format_name, tag_name) VALUES ('Audio: Lossless Size Penalty', 'Audio');
INSERT OR REPLACE INTO custom_format_tags (custom_format_name, tag_name) VALUES ('Audio: Lossless Size Penalty', 'Blocking');
INSERT OR REPLACE INTO custom_format_conditions (custom_format_name, name, type, arr_type, negate, required) VALUES ('Audio: Lossless Size Penalty', 'Audio: Lossless Size Penalty', 'release_title', 'all', 0, 1);
INSERT OR REPLACE INTO condition_patterns (custom_format_name, condition_name, regular_expression_name) VALUES ('Audio: Lossless Size Penalty', 'Audio: Lossless Size Penalty', 'Audio: Lossless Size Penalty');
INSERT OR REPLACE INTO custom_formats (name, description, include_in_rename) VALUES ('1080p: UHD BluRay Source Bonus', 'Small positive score for 1080p encodes sourced from UHD BluRay. This replaces the old accidental 4K bonus on 1080p UHD-source releases, so they get credit for the cleaner source without being treated as true 4K.', 0);
INSERT OR REPLACE INTO custom_format_tags (custom_format_name, tag_name) VALUES ('1080p: UHD BluRay Source Bonus', 'Scoring');
INSERT OR REPLACE INTO custom_format_conditions (custom_format_name, name, type, arr_type, negate, required) VALUES ('1080p: UHD BluRay Source Bonus', '1080p: UHD BluRay Source Bonus', 'release_title', 'all', 0, 1);
INSERT OR REPLACE INTO condition_patterns (custom_format_name, condition_name, regular_expression_name) VALUES ('1080p: UHD BluRay Source Bonus', '1080p: UHD BluRay Source Bonus', '1080p: UHD BluRay Source Bonus');
INSERT OR REPLACE INTO custom_formats (name, description, include_in_rename) VALUES ('1080p: HDR + Surround Preferred', '1080p-only preference for efficient-codec releases that advertise HDR or Dolby Vision and 5.1+ surround. This gives strong 1080p titles their own clean lane instead of borrowing 4K custom formats.', 0);
INSERT OR REPLACE INTO custom_format_tags (custom_format_name, tag_name) VALUES ('1080p: HDR + Surround Preferred', 'HDR / 4K');
INSERT OR REPLACE INTO custom_format_tags (custom_format_name, tag_name) VALUES ('1080p: HDR + Surround Preferred', 'Scoring');
INSERT OR REPLACE INTO custom_format_conditions (custom_format_name, name, type, arr_type, negate, required) VALUES ('1080p: HDR + Surround Preferred', '1080p: HDR + Surround Preferred', 'release_title', 'all', 0, 1);
INSERT OR REPLACE INTO condition_patterns (custom_format_name, condition_name, regular_expression_name) VALUES ('1080p: HDR + Surround Preferred', '1080p: HDR + Surround Preferred', '1080p: HDR + Surround Preferred');
INSERT OR REPLACE INTO custom_formats (name, description, include_in_rename) VALUES ('1080p: Efficient Encode Bonus', '1080p-only bonus for efficient codecs such as HEVC/x265, AV1, or VVC/x266. It never matches true 2160p or 4K titles.', 0);
INSERT OR REPLACE INTO custom_format_tags (custom_format_name, tag_name) VALUES ('1080p: Efficient Encode Bonus', 'Scoring');
INSERT OR REPLACE INTO custom_format_conditions (custom_format_name, name, type, arr_type, negate, required) VALUES ('1080p: Efficient Encode Bonus', '1080p: Efficient Encode Bonus', 'release_title', 'all', 0, 1);
INSERT OR REPLACE INTO condition_patterns (custom_format_name, condition_name, regular_expression_name) VALUES ('1080p: Efficient Encode Bonus', '1080p: Efficient Encode Bonus', '1080p: Efficient Encode Bonus');
INSERT OR REPLACE INTO custom_formats (name, description, include_in_rename) VALUES ('1080p: BluRay Preferred', '1080p-only source bonus for BluRay releases. This keeps 1080p BluRay preference separate from the true 4K UHD BluRay preference.', 0);
INSERT OR REPLACE INTO custom_format_tags (custom_format_name, tag_name) VALUES ('1080p: BluRay Preferred', 'Scoring');
INSERT OR REPLACE INTO custom_format_conditions (custom_format_name, name, type, arr_type, negate, required) VALUES ('1080p: BluRay Preferred', '1080p: BluRay Preferred', 'release_title', 'all', 0, 1);
INSERT OR REPLACE INTO condition_patterns (custom_format_name, condition_name, regular_expression_name) VALUES ('1080p: BluRay Preferred', '1080p: BluRay Preferred', '1080p: BluRay Preferred');
INSERT OR REPLACE INTO custom_formats (name, description, include_in_rename) VALUES ('1080p: WEB-DL Preferred', '1080p-only source bonus for WEB-DL releases. It helps rank clean 1080p WEB-DL fallbacks without applying any 4K-specific logic.', 0);
INSERT OR REPLACE INTO custom_format_tags (custom_format_name, tag_name) VALUES ('1080p: WEB-DL Preferred', 'Scoring');
INSERT OR REPLACE INTO custom_format_conditions (custom_format_name, name, type, arr_type, negate, required) VALUES ('1080p: WEB-DL Preferred', '1080p: WEB-DL Preferred', 'release_title', 'all', 0, 1);
INSERT OR REPLACE INTO condition_patterns (custom_format_name, condition_name, regular_expression_name) VALUES ('1080p: WEB-DL Preferred', '1080p: WEB-DL Preferred', '1080p: WEB-DL Preferred');
INSERT OR REPLACE INTO custom_formats (name, description, include_in_rename) VALUES ('1080p: WEBRip Source', '1080p-only WEBRip source detector. Strict movie profiles can penalize or block it, while relaxed catalog and series profiles can keep it as a weaker fallback without borrowing generic or 4K source formats.', 0);
INSERT OR REPLACE INTO custom_format_tags (custom_format_name, tag_name) VALUES ('1080p: WEBRip Source', 'Smart Plex');
INSERT OR REPLACE INTO custom_format_conditions (custom_format_name, name, type, arr_type, negate, required) VALUES ('1080p: WEBRip Source', '1080p: WEBRip Source', 'release_title', 'all', 0, 1);
INSERT OR REPLACE INTO condition_patterns (custom_format_name, condition_name, regular_expression_name) VALUES ('1080p: WEBRip Source', '1080p: WEBRip Source', '1080p: WEBRip Source');
INSERT OR REPLACE INTO custom_formats (name, description, include_in_rename) VALUES ('1080p: BDRip Source', '1080p-only BDRip source detector. It keeps 1080p BDRip handling separate from true BluRay and from 4K source rules.', 0);
INSERT OR REPLACE INTO custom_format_tags (custom_format_name, tag_name) VALUES ('1080p: BDRip Source', 'Smart Plex');
INSERT OR REPLACE INTO custom_format_conditions (custom_format_name, name, type, arr_type, negate, required) VALUES ('1080p: BDRip Source', '1080p: BDRip Source', 'release_title', 'all', 0, 1);
INSERT OR REPLACE INTO condition_patterns (custom_format_name, condition_name, regular_expression_name) VALUES ('1080p: BDRip Source', '1080p: BDRip Source', '1080p: BDRip Source');
INSERT OR REPLACE INTO custom_formats (name, description, include_in_rename) VALUES ('720p: HDR + Surround Preferred', '720p-only preference for efficient-codec releases that also advertise HDR/Dolby Vision and surround audio. Used mainly by relaxed catalog-style profiles.', 0);
INSERT OR REPLACE INTO custom_format_tags (custom_format_name, tag_name) VALUES ('720p: HDR + Surround Preferred', 'HDR / 4K');
INSERT OR REPLACE INTO custom_format_tags (custom_format_name, tag_name) VALUES ('720p: HDR + Surround Preferred', 'Scoring');
INSERT OR REPLACE INTO custom_format_conditions (custom_format_name, name, type, arr_type, negate, required) VALUES ('720p: HDR + Surround Preferred', '720p: HDR + Surround Preferred', 'release_title', 'all', 0, 1);
INSERT OR REPLACE INTO condition_patterns (custom_format_name, condition_name, regular_expression_name) VALUES ('720p: HDR + Surround Preferred', '720p: HDR + Surround Preferred', '720p: HDR + Surround Preferred');
INSERT OR REPLACE INTO custom_formats (name, description, include_in_rename) VALUES ('720p: Efficient Encode Bonus', '720p-only bonus for efficient codecs such as HEVC/x265, AV1, or VVC/x266. It never matches 1080p or true 4K titles.', 0);
INSERT OR REPLACE INTO custom_format_tags (custom_format_name, tag_name) VALUES ('720p: Efficient Encode Bonus', 'Scoring');
INSERT OR REPLACE INTO custom_format_conditions (custom_format_name, name, type, arr_type, negate, required) VALUES ('720p: Efficient Encode Bonus', '720p: Efficient Encode Bonus', 'release_title', 'all', 0, 1);
INSERT OR REPLACE INTO condition_patterns (custom_format_name, condition_name, regular_expression_name) VALUES ('720p: Efficient Encode Bonus', '720p: Efficient Encode Bonus', '720p: Efficient Encode Bonus');
INSERT OR REPLACE INTO custom_formats (name, description, include_in_rename) VALUES ('720p: BluRay Preferred', '720p-only BluRay source bonus. Keeps 720p BluRay ranking separate from 1080p and 4K BluRay rules.', 0);
INSERT OR REPLACE INTO custom_format_tags (custom_format_name, tag_name) VALUES ('720p: BluRay Preferred', 'Scoring');
INSERT OR REPLACE INTO custom_format_conditions (custom_format_name, name, type, arr_type, negate, required) VALUES ('720p: BluRay Preferred', '720p: BluRay Preferred', 'release_title', 'all', 0, 1);
INSERT OR REPLACE INTO condition_patterns (custom_format_name, condition_name, regular_expression_name) VALUES ('720p: BluRay Preferred', '720p: BluRay Preferred', '720p: BluRay Preferred');
INSERT OR REPLACE INTO custom_formats (name, description, include_in_rename) VALUES ('720p: WEB-DL Preferred', '720p-only WEB-DL source bonus for clean lower-resolution fallbacks.', 0);
INSERT OR REPLACE INTO custom_format_tags (custom_format_name, tag_name) VALUES ('720p: WEB-DL Preferred', 'Scoring');
INSERT OR REPLACE INTO custom_format_conditions (custom_format_name, name, type, arr_type, negate, required) VALUES ('720p: WEB-DL Preferred', '720p: WEB-DL Preferred', 'release_title', 'all', 0, 1);
INSERT OR REPLACE INTO condition_patterns (custom_format_name, condition_name, regular_expression_name) VALUES ('720p: WEB-DL Preferred', '720p: WEB-DL Preferred', '720p: WEB-DL Preferred');
INSERT OR REPLACE INTO custom_formats (name, description, include_in_rename) VALUES ('720p: WEBRip Source', '720p-only WEBRip source detector for relaxed catalog fallbacks. It does not apply to 1080p or 4K titles.', 0);
INSERT OR REPLACE INTO custom_format_tags (custom_format_name, tag_name) VALUES ('720p: WEBRip Source', 'Smart Plex');
INSERT OR REPLACE INTO custom_format_conditions (custom_format_name, name, type, arr_type, negate, required) VALUES ('720p: WEBRip Source', '720p: WEBRip Source', 'release_title', 'all', 0, 1);
INSERT OR REPLACE INTO condition_patterns (custom_format_name, condition_name, regular_expression_name) VALUES ('720p: WEBRip Source', '720p: WEBRip Source', '720p: WEBRip Source');
INSERT OR REPLACE INTO custom_formats (name, description, include_in_rename) VALUES ('720p: BDRip Source', '720p-only BDRip source detector for older or hard-to-find catalog releases.', 0);
INSERT OR REPLACE INTO custom_format_tags (custom_format_name, tag_name) VALUES ('720p: BDRip Source', 'Smart Plex');
INSERT OR REPLACE INTO custom_format_conditions (custom_format_name, name, type, arr_type, negate, required) VALUES ('720p: BDRip Source', '720p: BDRip Source', 'release_title', 'all', 0, 1);
INSERT OR REPLACE INTO condition_patterns (custom_format_name, condition_name, regular_expression_name) VALUES ('720p: BDRip Source', '720p: BDRip Source', '720p: BDRip Source');
INSERT OR REPLACE INTO custom_formats (name, description, include_in_rename) VALUES ('576p: HDR + Surround Preferred', '576p-only preference for rare lower-resolution HDR/surround releases. It stays isolated from 480p, 720p, 1080p, and 4K formats.', 0);
INSERT OR REPLACE INTO custom_format_tags (custom_format_name, tag_name) VALUES ('576p: HDR + Surround Preferred', 'HDR / 4K');
INSERT OR REPLACE INTO custom_format_tags (custom_format_name, tag_name) VALUES ('576p: HDR + Surround Preferred', 'Scoring');
INSERT OR REPLACE INTO custom_format_conditions (custom_format_name, name, type, arr_type, negate, required) VALUES ('576p: HDR + Surround Preferred', '576p: HDR + Surround Preferred', 'release_title', 'all', 0, 1);
INSERT OR REPLACE INTO condition_patterns (custom_format_name, condition_name, regular_expression_name) VALUES ('576p: HDR + Surround Preferred', '576p: HDR + Surround Preferred', '576p: HDR + Surround Preferred');
INSERT OR REPLACE INTO custom_formats (name, description, include_in_rename) VALUES ('576p: Efficient Encode Bonus', '576p-only efficient-codec bonus for archive/catalog releases.', 0);
INSERT OR REPLACE INTO custom_format_tags (custom_format_name, tag_name) VALUES ('576p: Efficient Encode Bonus', 'Scoring');
INSERT OR REPLACE INTO custom_format_conditions (custom_format_name, name, type, arr_type, negate, required) VALUES ('576p: Efficient Encode Bonus', '576p: Efficient Encode Bonus', 'release_title', 'all', 0, 1);
INSERT OR REPLACE INTO condition_patterns (custom_format_name, condition_name, regular_expression_name) VALUES ('576p: Efficient Encode Bonus', '576p: Efficient Encode Bonus', '576p: Efficient Encode Bonus');
INSERT OR REPLACE INTO custom_formats (name, description, include_in_rename) VALUES ('576p: BluRay Preferred', '576p-only BluRay source bonus for PAL/576p-style archive releases.', 0);
INSERT OR REPLACE INTO custom_format_tags (custom_format_name, tag_name) VALUES ('576p: BluRay Preferred', 'Scoring');
INSERT OR REPLACE INTO custom_format_conditions (custom_format_name, name, type, arr_type, negate, required) VALUES ('576p: BluRay Preferred', '576p: BluRay Preferred', 'release_title', 'all', 0, 1);
INSERT OR REPLACE INTO condition_patterns (custom_format_name, condition_name, regular_expression_name) VALUES ('576p: BluRay Preferred', '576p: BluRay Preferred', '576p: BluRay Preferred');
INSERT OR REPLACE INTO custom_formats (name, description, include_in_rename) VALUES ('576p: WEB-DL Preferred', '576p-only WEB-DL source bonus for lower-resolution catalog fallbacks.', 0);
INSERT OR REPLACE INTO custom_format_tags (custom_format_name, tag_name) VALUES ('576p: WEB-DL Preferred', 'Scoring');
INSERT OR REPLACE INTO custom_format_conditions (custom_format_name, name, type, arr_type, negate, required) VALUES ('576p: WEB-DL Preferred', '576p: WEB-DL Preferred', 'release_title', 'all', 0, 1);
INSERT OR REPLACE INTO condition_patterns (custom_format_name, condition_name, regular_expression_name) VALUES ('576p: WEB-DL Preferred', '576p: WEB-DL Preferred', '576p: WEB-DL Preferred');
INSERT OR REPLACE INTO custom_formats (name, description, include_in_rename) VALUES ('576p: WEBRip Source', '576p-only WEBRip source detector for archive/catalog scoring.', 0);
INSERT OR REPLACE INTO custom_format_tags (custom_format_name, tag_name) VALUES ('576p: WEBRip Source', 'Smart Plex');
INSERT OR REPLACE INTO custom_format_conditions (custom_format_name, name, type, arr_type, negate, required) VALUES ('576p: WEBRip Source', '576p: WEBRip Source', 'release_title', 'all', 0, 1);
INSERT OR REPLACE INTO condition_patterns (custom_format_name, condition_name, regular_expression_name) VALUES ('576p: WEBRip Source', '576p: WEBRip Source', '576p: WEBRip Source');
INSERT OR REPLACE INTO custom_formats (name, description, include_in_rename) VALUES ('576p: BDRip Source', '576p-only BDRip source detector for archive/catalog scoring.', 0);
INSERT OR REPLACE INTO custom_format_tags (custom_format_name, tag_name) VALUES ('576p: BDRip Source', 'Smart Plex');
INSERT OR REPLACE INTO custom_format_conditions (custom_format_name, name, type, arr_type, negate, required) VALUES ('576p: BDRip Source', '576p: BDRip Source', 'release_title', 'all', 0, 1);
INSERT OR REPLACE INTO condition_patterns (custom_format_name, condition_name, regular_expression_name) VALUES ('576p: BDRip Source', '576p: BDRip Source', '576p: BDRip Source');
INSERT OR REPLACE INTO custom_formats (name, description, include_in_rename) VALUES ('480p: HDR + Surround Preferred', '480p-only preference for rare low-resolution HDR/surround releases. Mostly useful for catalog scoring and remains isolated from higher resolutions.', 0);
INSERT OR REPLACE INTO custom_format_tags (custom_format_name, tag_name) VALUES ('480p: HDR + Surround Preferred', 'HDR / 4K');
INSERT OR REPLACE INTO custom_format_tags (custom_format_name, tag_name) VALUES ('480p: HDR + Surround Preferred', 'Scoring');
INSERT OR REPLACE INTO custom_format_conditions (custom_format_name, name, type, arr_type, negate, required) VALUES ('480p: HDR + Surround Preferred', '480p: HDR + Surround Preferred', 'release_title', 'all', 0, 1);
INSERT OR REPLACE INTO condition_patterns (custom_format_name, condition_name, regular_expression_name) VALUES ('480p: HDR + Surround Preferred', '480p: HDR + Surround Preferred', '480p: HDR + Surround Preferred');
INSERT OR REPLACE INTO custom_formats (name, description, include_in_rename) VALUES ('480p: Efficient Encode Bonus', '480p-only efficient-codec bonus for archive/catalog releases.', 0);
INSERT OR REPLACE INTO custom_format_tags (custom_format_name, tag_name) VALUES ('480p: Efficient Encode Bonus', 'Scoring');
INSERT OR REPLACE INTO custom_format_conditions (custom_format_name, name, type, arr_type, negate, required) VALUES ('480p: Efficient Encode Bonus', '480p: Efficient Encode Bonus', 'release_title', 'all', 0, 1);
INSERT OR REPLACE INTO condition_patterns (custom_format_name, condition_name, regular_expression_name) VALUES ('480p: Efficient Encode Bonus', '480p: Efficient Encode Bonus', '480p: Efficient Encode Bonus');
INSERT OR REPLACE INTO custom_formats (name, description, include_in_rename) VALUES ('480p: BluRay Preferred', '480p-only BluRay source bonus for older catalog or archive releases.', 0);
INSERT OR REPLACE INTO custom_format_tags (custom_format_name, tag_name) VALUES ('480p: BluRay Preferred', 'Scoring');
INSERT OR REPLACE INTO custom_format_conditions (custom_format_name, name, type, arr_type, negate, required) VALUES ('480p: BluRay Preferred', '480p: BluRay Preferred', 'release_title', 'all', 0, 1);
INSERT OR REPLACE INTO condition_patterns (custom_format_name, condition_name, regular_expression_name) VALUES ('480p: BluRay Preferred', '480p: BluRay Preferred', '480p: BluRay Preferred');
INSERT OR REPLACE INTO custom_formats (name, description, include_in_rename) VALUES ('480p: WEB-DL Preferred', '480p-only WEB-DL source bonus for low-resolution catalog fallbacks.', 0);
INSERT OR REPLACE INTO custom_format_tags (custom_format_name, tag_name) VALUES ('480p: WEB-DL Preferred', 'Scoring');
INSERT OR REPLACE INTO custom_format_conditions (custom_format_name, name, type, arr_type, negate, required) VALUES ('480p: WEB-DL Preferred', '480p: WEB-DL Preferred', 'release_title', 'all', 0, 1);
INSERT OR REPLACE INTO condition_patterns (custom_format_name, condition_name, regular_expression_name) VALUES ('480p: WEB-DL Preferred', '480p: WEB-DL Preferred', '480p: WEB-DL Preferred');
INSERT OR REPLACE INTO custom_formats (name, description, include_in_rename) VALUES ('480p: WEBRip Source', '480p-only WEBRip source detector for relaxed fallback scoring.', 0);
INSERT OR REPLACE INTO custom_format_tags (custom_format_name, tag_name) VALUES ('480p: WEBRip Source', 'Smart Plex');
INSERT OR REPLACE INTO custom_format_conditions (custom_format_name, name, type, arr_type, negate, required) VALUES ('480p: WEBRip Source', '480p: WEBRip Source', 'release_title', 'all', 0, 1);
INSERT OR REPLACE INTO condition_patterns (custom_format_name, condition_name, regular_expression_name) VALUES ('480p: WEBRip Source', '480p: WEBRip Source', '480p: WEBRip Source');
INSERT OR REPLACE INTO custom_formats (name, description, include_in_rename) VALUES ('480p: BDRip Source', '480p-only BDRip source detector for relaxed fallback scoring.', 0);
INSERT OR REPLACE INTO custom_format_tags (custom_format_name, tag_name) VALUES ('480p: BDRip Source', 'Smart Plex');
INSERT OR REPLACE INTO custom_format_conditions (custom_format_name, name, type, arr_type, negate, required) VALUES ('480p: BDRip Source', '480p: BDRip Source', 'release_title', 'all', 0, 1);
INSERT OR REPLACE INTO condition_patterns (custom_format_name, condition_name, regular_expression_name) VALUES ('480p: BDRip Source', '480p: BDRip Source', '480p: BDRip Source');
INSERT OR REPLACE INTO custom_formats (name, description, include_in_rename) VALUES ('4K: Block x264-H264', 'Heavy negative score for 4K or 2160p releases encoded as x264, H.264, or AVC. 4K should use a more efficient codec like HEVC, AV1, or VVC.', 0);
INSERT OR REPLACE INTO custom_format_tags (custom_format_name, tag_name) VALUES ('4K: Block x264-H264', 'HDR / 4K');
INSERT OR REPLACE INTO custom_format_tags (custom_format_name, tag_name) VALUES ('4K: Block x264-H264', 'Blocking');
INSERT OR REPLACE INTO custom_format_conditions (custom_format_name, name, type, arr_type, negate, required) VALUES ('4K: Block x264-H264', '4K: Block x264-H264', 'release_title', 'all', 0, 1);
INSERT OR REPLACE INTO condition_patterns (custom_format_name, condition_name, regular_expression_name) VALUES ('4K: Block x264-H264', '4K: Block x264-H264', '4K: Block x264-H264');
INSERT OR REPLACE INTO custom_formats (name, description, include_in_rename) VALUES ('4K: HDR + Surround Preferred', 'Positive compact-4K rule used by the 1080p-2160p profiles: rewards 4K releases only when they are efficient-codec, HDR/Dolby Vision, and have surround audio markers.', 0);
INSERT OR REPLACE INTO custom_format_tags (custom_format_name, tag_name) VALUES ('4K: HDR + Surround Preferred', 'HDR / 4K');
INSERT OR REPLACE INTO custom_format_tags (custom_format_name, tag_name) VALUES ('4K: HDR + Surround Preferred', 'Scoring');
INSERT OR REPLACE INTO custom_format_conditions (custom_format_name, name, type, arr_type, negate, required) VALUES ('4K: HDR + Surround Preferred', '4K: HDR + Surround Preferred', 'release_title', 'all', 0, 1);
INSERT OR REPLACE INTO condition_patterns (custom_format_name, condition_name, regular_expression_name) VALUES ('4K: HDR + Surround Preferred', '4K: HDR + Surround Preferred', '4K: HDR + Surround Preferred');
INSERT OR REPLACE INTO custom_formats (name, description, include_in_rename) VALUES ('4K: Efficient Encode Bonus', 'Rewards 4K releases that also use an efficient codec such as HEVC, x265, AV1, H.266, x266, or VVC.', 0);
INSERT OR REPLACE INTO custom_format_tags (custom_format_name, tag_name) VALUES ('4K: Efficient Encode Bonus', 'HDR / 4K');
INSERT OR REPLACE INTO custom_format_tags (custom_format_name, tag_name) VALUES ('4K: Efficient Encode Bonus', 'Scoring');
INSERT OR REPLACE INTO custom_format_conditions (custom_format_name, name, type, arr_type, negate, required) VALUES ('4K: Efficient Encode Bonus', '4K: Efficient Encode Bonus', 'release_title', 'all', 0, 1);
INSERT OR REPLACE INTO condition_patterns (custom_format_name, condition_name, regular_expression_name) VALUES ('4K: Efficient Encode Bonus', '4K: Efficient Encode Bonus', '4K: Efficient Encode Bonus');
INSERT OR REPLACE INTO custom_formats (name, description, include_in_rename) VALUES ('4K: UHD BluRay Preferred', 'Rewards 4K UHD BluRay or 4K BluRay source tags. Used to prefer cleaner 4K disc-sourced encodes when the file still fits the space-balanced rules.', 0);
INSERT OR REPLACE INTO custom_format_tags (custom_format_name, tag_name) VALUES ('4K: UHD BluRay Preferred', 'HDR / 4K');
INSERT OR REPLACE INTO custom_format_tags (custom_format_name, tag_name) VALUES ('4K: UHD BluRay Preferred', 'Scoring');
INSERT OR REPLACE INTO custom_format_conditions (custom_format_name, name, type, arr_type, negate, required) VALUES ('4K: UHD BluRay Preferred', '4K: UHD BluRay Preferred', 'release_title', 'all', 0, 1);
INSERT OR REPLACE INTO condition_patterns (custom_format_name, condition_name, regular_expression_name) VALUES ('4K: UHD BluRay Preferred', '4K: UHD BluRay Preferred', '4K: UHD BluRay Preferred');
INSERT OR REPLACE INTO custom_formats (name, description, include_in_rename) VALUES ('4K: WEB-DL Preferred', 'Rewards 4K WEB-DL source tags. Useful for compact, clean 2160p HDR releases that are often smaller than BluRay-derived encodes.', 0);
INSERT OR REPLACE INTO custom_format_tags (custom_format_name, tag_name) VALUES ('4K: WEB-DL Preferred', 'HDR / 4K');
INSERT OR REPLACE INTO custom_format_tags (custom_format_name, tag_name) VALUES ('4K: WEB-DL Preferred', 'Scoring');
INSERT OR REPLACE INTO custom_format_conditions (custom_format_name, name, type, arr_type, negate, required) VALUES ('4K: WEB-DL Preferred', '4K: WEB-DL Preferred', 'release_title', 'all', 0, 1);
INSERT OR REPLACE INTO condition_patterns (custom_format_name, condition_name, regular_expression_name) VALUES ('4K: WEB-DL Preferred', '4K: WEB-DL Preferred', '4K: WEB-DL Preferred');
INSERT OR REPLACE INTO custom_formats (name, description, include_in_rename) VALUES ('Movie Source: Block WEBRip', 'Legacy generic WEBRip detector kept for cleanup/compatibility. Current curated profiles use resolution-specific WEBRip source formats instead, so 1080p/720p/576p/480p/4K handling stays separate.', 0);
INSERT OR REPLACE INTO custom_format_tags (custom_format_name, tag_name) VALUES ('Movie Source: Block WEBRip', 'Blocking');
INSERT OR REPLACE INTO custom_format_tags (custom_format_name, tag_name) VALUES ('Movie Source: Block WEBRip', 'Movies');
INSERT OR REPLACE INTO custom_format_conditions (custom_format_name, name, type, arr_type, negate, required) VALUES ('Movie Source: Block WEBRip', 'Movie Source: Block WEBRip', 'release_title', 'all', 0, 1);
INSERT OR REPLACE INTO condition_patterns (custom_format_name, condition_name, regular_expression_name) VALUES ('Movie Source: Block WEBRip', 'Movie Source: Block WEBRip', 'Movie Source: Block WEBRip');
INSERT OR REPLACE INTO custom_formats (name, description, include_in_rename) VALUES ('Movie Source: Block BDRip', 'Legacy generic BDRip detector kept for cleanup/compatibility. Current curated profiles use resolution-specific BDRip source formats instead, so BDRip scoring can be strict for smart profiles and relaxed for catalog profiles.', 0);
INSERT OR REPLACE INTO custom_format_tags (custom_format_name, tag_name) VALUES ('Movie Source: Block BDRip', 'Blocking');
INSERT OR REPLACE INTO custom_format_tags (custom_format_name, tag_name) VALUES ('Movie Source: Block BDRip', 'Movies');
INSERT OR REPLACE INTO custom_format_conditions (custom_format_name, name, type, arr_type, negate, required) VALUES ('Movie Source: Block BDRip', 'Movie Source: Block BDRip', 'release_title', 'all', 0, 1);
INSERT OR REPLACE INTO condition_patterns (custom_format_name, condition_name, regular_expression_name) VALUES ('Movie Source: Block BDRip', 'Movie Source: Block BDRip', 'Movie Source: Block BDRip');
INSERT OR REPLACE INTO custom_formats (name, description, include_in_rename) VALUES ('4K Source: Block WEBRip', 'Hard reject for 4K WEBRip releases. The curated 4K lane should only keep clean WEB-DL or UHD BluRay style sources.', 0);
INSERT OR REPLACE INTO custom_format_tags (custom_format_name, tag_name) VALUES ('4K Source: Block WEBRip', 'HDR / 4K');
INSERT OR REPLACE INTO custom_format_tags (custom_format_name, tag_name) VALUES ('4K Source: Block WEBRip', 'Blocking');
INSERT OR REPLACE INTO custom_format_conditions (custom_format_name, name, type, arr_type, negate, required) VALUES ('4K Source: Block WEBRip', '4K Source: Block WEBRip', 'release_title', 'all', 0, 1);
INSERT OR REPLACE INTO condition_patterns (custom_format_name, condition_name, regular_expression_name) VALUES ('4K Source: Block WEBRip', '4K Source: Block WEBRip', '4K Source: Block WEBRip');
INSERT OR REPLACE INTO custom_formats (name, description, include_in_rename) VALUES ('4K Source: Block BDRip', 'Hard reject for 4K BDRip releases. Keeps the curated 4K lane focused on stronger WEB-DL and UHD BluRay style releases.', 0);
INSERT OR REPLACE INTO custom_format_tags (custom_format_name, tag_name) VALUES ('4K Source: Block BDRip', 'HDR / 4K');
INSERT OR REPLACE INTO custom_format_tags (custom_format_name, tag_name) VALUES ('4K Source: Block BDRip', 'Blocking');
INSERT OR REPLACE INTO custom_format_conditions (custom_format_name, name, type, arr_type, negate, required) VALUES ('4K Source: Block BDRip', '4K Source: Block BDRip', 'release_title', 'all', 0, 1);
INSERT OR REPLACE INTO condition_patterns (custom_format_name, condition_name, regular_expression_name) VALUES ('4K Source: Block BDRip', '4K Source: Block BDRip', '4K Source: Block BDRip');
INSERT OR REPLACE INTO custom_formats (name, description, include_in_rename) VALUES ('4K Audio: Block AAC-Only', 'Hard reject for 4K releases that only advertise AAC audio. The curated 4K lane expects stronger surround-friendly audio such as EAC3, AC3, DDP, or Atmos.', 0);
INSERT OR REPLACE INTO custom_format_tags (custom_format_name, tag_name) VALUES ('4K Audio: Block AAC-Only', 'HDR / 4K');
INSERT OR REPLACE INTO custom_format_tags (custom_format_name, tag_name) VALUES ('4K Audio: Block AAC-Only', 'Audio');
INSERT OR REPLACE INTO custom_format_tags (custom_format_name, tag_name) VALUES ('4K Audio: Block AAC-Only', 'Blocking');
INSERT OR REPLACE INTO custom_format_conditions (custom_format_name, name, type, arr_type, negate, required) VALUES ('4K Audio: Block AAC-Only', '4K Audio: Block AAC-Only', 'release_title', 'all', 0, 1);
INSERT OR REPLACE INTO condition_patterns (custom_format_name, condition_name, regular_expression_name) VALUES ('4K Audio: Block AAC-Only', '4K Audio: Block AAC-Only', '4K Audio: Block AAC-Only');
INSERT OR REPLACE INTO custom_formats (name, description, include_in_rename) VALUES ('4K Gate: Block Missing 5.1+ Surround', 'Dedicated 4K profile gate: heavy negative score for 4K releases that do not show 5.1/6.1/7.1 or a known surround-capable codec marker.', 0);
INSERT OR REPLACE INTO custom_format_tags (custom_format_name, tag_name) VALUES ('4K Gate: Block Missing 5.1+ Surround', 'HDR / 4K');
INSERT OR REPLACE INTO custom_format_tags (custom_format_name, tag_name) VALUES ('4K Gate: Block Missing 5.1+ Surround', 'Blocking');
INSERT OR REPLACE INTO custom_format_conditions (custom_format_name, name, type, arr_type, negate, required) VALUES ('4K Gate: Block Missing 5.1+ Surround', '4K Gate: Block Missing 5.1+ Surround', 'release_title', 'all', 0, 1);
INSERT OR REPLACE INTO condition_patterns (custom_format_name, condition_name, regular_expression_name) VALUES ('4K Gate: Block Missing 5.1+ Surround', '4K Gate: Block Missing 5.1+ Surround', '4K Gate: Block Missing 5.1+ Surround');
INSERT OR REPLACE INTO custom_formats (name, description, include_in_rename) VALUES ('Edition: IMAX', 'Managed Smart Plex custom format. Matches release-title tokens and applies the profile score assigned in each curated quality profile.', 0);
INSERT OR REPLACE INTO custom_format_tags (custom_format_name, tag_name) VALUES ('Edition: IMAX', 'Editions');
INSERT OR REPLACE INTO custom_format_conditions (custom_format_name, name, type, arr_type, negate, required) VALUES ('Edition: IMAX', 'Edition: IMAX', 'release_title', 'all', 0, 1);
INSERT OR REPLACE INTO condition_patterns (custom_format_name, condition_name, regular_expression_name) VALUES ('Edition: IMAX', 'Edition: IMAX', 'Edition: IMAX');
INSERT OR REPLACE INTO custom_formats (name, description, include_in_rename) VALUES ('Edition: IMAX Enhanced', 'Managed Smart Plex custom format. Matches release-title tokens and applies the profile score assigned in each curated quality profile.', 0);
INSERT OR REPLACE INTO custom_format_tags (custom_format_name, tag_name) VALUES ('Edition: IMAX Enhanced', 'Editions');
INSERT OR REPLACE INTO custom_format_conditions (custom_format_name, name, type, arr_type, negate, required) VALUES ('Edition: IMAX Enhanced', 'Edition: IMAX Enhanced', 'release_title', 'all', 0, 1);
INSERT OR REPLACE INTO condition_patterns (custom_format_name, condition_name, regular_expression_name) VALUES ('Edition: IMAX Enhanced', 'Edition: IMAX Enhanced', 'Edition: IMAX Enhanced');
INSERT OR REPLACE INTO custom_formats (name, description, include_in_rename) VALUES ('Edition: Open Matte', 'Managed Smart Plex custom format. Matches release-title tokens and applies the profile score assigned in each curated quality profile.', 0);
INSERT OR REPLACE INTO custom_format_tags (custom_format_name, tag_name) VALUES ('Edition: Open Matte', 'Editions');
INSERT OR REPLACE INTO custom_format_conditions (custom_format_name, name, type, arr_type, negate, required) VALUES ('Edition: Open Matte', 'Edition: Open Matte', 'release_title', 'all', 0, 1);
INSERT OR REPLACE INTO condition_patterns (custom_format_name, condition_name, regular_expression_name) VALUES ('Edition: Open Matte', 'Edition: Open Matte', 'Edition: Open Matte');
INSERT OR REPLACE INTO custom_formats (name, description, include_in_rename) VALUES ('Edition: VAR', 'Managed Smart Plex custom format. Matches release-title tokens and applies the profile score assigned in each curated quality profile.', 0);
INSERT OR REPLACE INTO custom_format_tags (custom_format_name, tag_name) VALUES ('Edition: VAR', 'Editions');
INSERT OR REPLACE INTO custom_format_conditions (custom_format_name, name, type, arr_type, negate, required) VALUES ('Edition: VAR', 'Edition: VAR', 'release_title', 'all', 0, 1);
INSERT OR REPLACE INTO condition_patterns (custom_format_name, condition_name, regular_expression_name) VALUES ('Edition: VAR', 'Edition: VAR', 'Edition: VAR');
INSERT OR REPLACE INTO custom_formats (name, description, include_in_rename) VALUES ('Edition: Expanded Ratio', 'Managed Smart Plex custom format. Matches release-title tokens and applies the profile score assigned in each curated quality profile.', 0);
INSERT OR REPLACE INTO custom_format_tags (custom_format_name, tag_name) VALUES ('Edition: Expanded Ratio', 'Editions');
INSERT OR REPLACE INTO custom_format_conditions (custom_format_name, name, type, arr_type, negate, required) VALUES ('Edition: Expanded Ratio', 'Edition: Expanded Ratio', 'release_title', 'all', 0, 1);
INSERT OR REPLACE INTO condition_patterns (custom_format_name, condition_name, regular_expression_name) VALUES ('Edition: Expanded Ratio', 'Edition: Expanded Ratio', 'Edition: Expanded Ratio');
INSERT OR REPLACE INTO custom_formats (name, description, include_in_rename) VALUES ('Edition: Remastered', 'Managed Smart Plex custom format. Matches release-title tokens and applies the profile score assigned in each curated quality profile.', 0);
INSERT OR REPLACE INTO custom_format_tags (custom_format_name, tag_name) VALUES ('Edition: Remastered', 'Editions');
INSERT OR REPLACE INTO custom_format_conditions (custom_format_name, name, type, arr_type, negate, required) VALUES ('Edition: Remastered', 'Edition: Remastered', 'release_title', 'all', 0, 1);
INSERT OR REPLACE INTO condition_patterns (custom_format_name, condition_name, regular_expression_name) VALUES ('Edition: Remastered', 'Edition: Remastered', 'Edition: Remastered');
INSERT OR REPLACE INTO custom_formats (name, description, include_in_rename) VALUES ('Edition: Restored', 'Managed Smart Plex custom format. Matches release-title tokens and applies the profile score assigned in each curated quality profile.', 0);
INSERT OR REPLACE INTO custom_format_tags (custom_format_name, tag_name) VALUES ('Edition: Restored', 'Editions');
INSERT OR REPLACE INTO custom_format_conditions (custom_format_name, name, type, arr_type, negate, required) VALUES ('Edition: Restored', 'Edition: Restored', 'release_title', 'all', 0, 1);
INSERT OR REPLACE INTO condition_patterns (custom_format_name, condition_name, regular_expression_name) VALUES ('Edition: Restored', 'Edition: Restored', 'Edition: Restored');
INSERT OR REPLACE INTO custom_formats (name, description, include_in_rename) VALUES ('Edition: 4K Scan', 'Managed Smart Plex custom format. Matches release-title tokens and applies the profile score assigned in each curated quality profile.', 0);
INSERT OR REPLACE INTO custom_format_tags (custom_format_name, tag_name) VALUES ('Edition: 4K Scan', 'HDR / 4K');
INSERT OR REPLACE INTO custom_format_tags (custom_format_name, tag_name) VALUES ('Edition: 4K Scan', 'Editions');
INSERT OR REPLACE INTO custom_format_conditions (custom_format_name, name, type, arr_type, negate, required) VALUES ('Edition: 4K Scan', 'Edition: 4K Scan', 'release_title', 'all', 0, 1);
INSERT OR REPLACE INTO condition_patterns (custom_format_name, condition_name, regular_expression_name) VALUES ('Edition: 4K Scan', 'Edition: 4K Scan', 'Edition: 4K Scan');
INSERT OR REPLACE INTO custom_formats (name, description, include_in_rename) VALUES ('Edition: Criterion', 'Managed Smart Plex custom format. Matches release-title tokens and applies the profile score assigned in each curated quality profile.', 0);
INSERT OR REPLACE INTO custom_format_tags (custom_format_name, tag_name) VALUES ('Edition: Criterion', 'Editions');
INSERT OR REPLACE INTO custom_format_conditions (custom_format_name, name, type, arr_type, negate, required) VALUES ('Edition: Criterion', 'Edition: Criterion', 'release_title', 'all', 0, 1);
INSERT OR REPLACE INTO condition_patterns (custom_format_name, condition_name, regular_expression_name) VALUES ('Edition: Criterion', 'Edition: Criterion', 'Edition: Criterion');
INSERT OR REPLACE INTO custom_formats (name, description, include_in_rename) VALUES ('Edition: Arrow', 'Managed Smart Plex custom format. Matches release-title tokens and applies the profile score assigned in each curated quality profile.', 0);
INSERT OR REPLACE INTO custom_format_tags (custom_format_name, tag_name) VALUES ('Edition: Arrow', 'Editions');
INSERT OR REPLACE INTO custom_format_conditions (custom_format_name, name, type, arr_type, negate, required) VALUES ('Edition: Arrow', 'Edition: Arrow', 'release_title', 'all', 0, 1);
INSERT OR REPLACE INTO condition_patterns (custom_format_name, condition_name, regular_expression_name) VALUES ('Edition: Arrow', 'Edition: Arrow', 'Edition: Arrow');
INSERT OR REPLACE INTO custom_formats (name, description, include_in_rename) VALUES ('Edition: Shout Factory', 'Managed Smart Plex custom format. Matches release-title tokens and applies the profile score assigned in each curated quality profile.', 0);
INSERT OR REPLACE INTO custom_format_tags (custom_format_name, tag_name) VALUES ('Edition: Shout Factory', 'Editions');
INSERT OR REPLACE INTO custom_format_conditions (custom_format_name, name, type, arr_type, negate, required) VALUES ('Edition: Shout Factory', 'Edition: Shout Factory', 'release_title', 'all', 0, 1);
INSERT OR REPLACE INTO condition_patterns (custom_format_name, condition_name, regular_expression_name) VALUES ('Edition: Shout Factory', 'Edition: Shout Factory', 'Edition: Shout Factory');
INSERT OR REPLACE INTO custom_formats (name, description, include_in_rename) VALUES ('Edition: StudioCanal', 'Managed Smart Plex custom format. Matches release-title tokens and applies the profile score assigned in each curated quality profile.', 0);
INSERT OR REPLACE INTO custom_format_tags (custom_format_name, tag_name) VALUES ('Edition: StudioCanal', 'Editions');
INSERT OR REPLACE INTO custom_format_conditions (custom_format_name, name, type, arr_type, negate, required) VALUES ('Edition: StudioCanal', 'Edition: StudioCanal', 'release_title', 'all', 0, 1);
INSERT OR REPLACE INTO condition_patterns (custom_format_name, condition_name, regular_expression_name) VALUES ('Edition: StudioCanal', 'Edition: StudioCanal', 'Edition: StudioCanal');
INSERT OR REPLACE INTO custom_formats (name, description, include_in_rename) VALUES ('Edition: New Transfer', 'Quality-edition bonus for New Transfer, New Master, New Scan, Newly Transferred, and Newly Scanned tags. It sits below IMAX/Remastered/Restored but above vague content-edition wording.', 0);
INSERT OR REPLACE INTO custom_format_tags (custom_format_name, tag_name) VALUES ('Edition: New Transfer', 'Editions');
INSERT OR REPLACE INTO custom_format_conditions (custom_format_name, name, type, arr_type, negate, required) VALUES ('Edition: New Transfer', 'Edition: New Transfer', 'release_title', 'all', 0, 1);
INSERT OR REPLACE INTO condition_patterns (custom_format_name, condition_name, regular_expression_name) VALUES ('Edition: New Transfer', 'Edition: New Transfer', 'Edition: New Transfer');
INSERT OR REPLACE INTO custom_formats (name, description, include_in_rename) VALUES ('Edition: Director''s Cut', 'Managed Smart Plex custom format. Matches release-title tokens and applies the profile score assigned in each curated quality profile.', 0);
INSERT OR REPLACE INTO custom_format_tags (custom_format_name, tag_name) VALUES ('Edition: Director''s Cut', 'Editions');
INSERT OR REPLACE INTO custom_format_conditions (custom_format_name, name, type, arr_type, negate, required) VALUES ('Edition: Director''s Cut', 'Edition: Director''s Cut', 'release_title', 'all', 0, 1);
INSERT OR REPLACE INTO condition_patterns (custom_format_name, condition_name, regular_expression_name) VALUES ('Edition: Director''s Cut', 'Edition: Director''s Cut', 'Edition: Director''s Cut');
INSERT OR REPLACE INTO custom_formats (name, description, include_in_rename) VALUES ('Edition: Final Cut', 'Managed Smart Plex custom format. Matches release-title tokens and applies the profile score assigned in each curated quality profile.', 0);
INSERT OR REPLACE INTO custom_format_tags (custom_format_name, tag_name) VALUES ('Edition: Final Cut', 'Editions');
INSERT OR REPLACE INTO custom_format_conditions (custom_format_name, name, type, arr_type, negate, required) VALUES ('Edition: Final Cut', 'Edition: Final Cut', 'release_title', 'all', 0, 1);
INSERT OR REPLACE INTO condition_patterns (custom_format_name, condition_name, regular_expression_name) VALUES ('Edition: Final Cut', 'Edition: Final Cut', 'Edition: Final Cut');
INSERT OR REPLACE INTO custom_formats (name, description, include_in_rename) VALUES ('Edition: Extended', 'Managed Smart Plex custom format. Matches release-title tokens and applies the profile score assigned in each curated quality profile.', 0);
INSERT OR REPLACE INTO custom_format_tags (custom_format_name, tag_name) VALUES ('Edition: Extended', 'Editions');
INSERT OR REPLACE INTO custom_format_conditions (custom_format_name, name, type, arr_type, negate, required) VALUES ('Edition: Extended', 'Edition: Extended', 'release_title', 'all', 0, 1);
INSERT OR REPLACE INTO condition_patterns (custom_format_name, condition_name, regular_expression_name) VALUES ('Edition: Extended', 'Edition: Extended', 'Edition: Extended');
INSERT OR REPLACE INTO custom_formats (name, description, include_in_rename) VALUES ('Edition: Ultimate Cut', 'Managed Smart Plex custom format. Matches release-title tokens and applies the profile score assigned in each curated quality profile.', 0);
INSERT OR REPLACE INTO custom_format_tags (custom_format_name, tag_name) VALUES ('Edition: Ultimate Cut', 'Editions');
INSERT OR REPLACE INTO custom_format_conditions (custom_format_name, name, type, arr_type, negate, required) VALUES ('Edition: Ultimate Cut', 'Edition: Ultimate Cut', 'release_title', 'all', 0, 1);
INSERT OR REPLACE INTO condition_patterns (custom_format_name, condition_name, regular_expression_name) VALUES ('Edition: Ultimate Cut', 'Edition: Ultimate Cut', 'Edition: Ultimate Cut');
INSERT OR REPLACE INTO custom_formats (name, description, include_in_rename) VALUES ('Edition: Unrated', 'Managed Smart Plex custom format. Matches release-title tokens and applies the profile score assigned in each curated quality profile.', 0);
INSERT OR REPLACE INTO custom_format_tags (custom_format_name, tag_name) VALUES ('Edition: Unrated', 'Editions');
INSERT OR REPLACE INTO custom_format_conditions (custom_format_name, name, type, arr_type, negate, required) VALUES ('Edition: Unrated', 'Edition: Unrated', 'release_title', 'all', 0, 1);
INSERT OR REPLACE INTO condition_patterns (custom_format_name, condition_name, regular_expression_name) VALUES ('Edition: Unrated', 'Edition: Unrated', 'Edition: Unrated');
INSERT OR REPLACE INTO custom_formats (name, description, include_in_rename) VALUES ('Edition: Special Edition', 'Managed Smart Plex custom format. Matches release-title tokens and applies the profile score assigned in each curated quality profile.', 0);
INSERT OR REPLACE INTO custom_format_tags (custom_format_name, tag_name) VALUES ('Edition: Special Edition', 'Editions');
INSERT OR REPLACE INTO custom_format_conditions (custom_format_name, name, type, arr_type, negate, required) VALUES ('Edition: Special Edition', 'Edition: Special Edition', 'release_title', 'all', 0, 1);
INSERT OR REPLACE INTO condition_patterns (custom_format_name, condition_name, regular_expression_name) VALUES ('Edition: Special Edition', 'Edition: Special Edition', 'Edition: Special Edition');
INSERT OR REPLACE INTO custom_formats (name, description, include_in_rename) VALUES ('Edition: Collector''s Edition', 'Managed Smart Plex custom format. Matches release-title tokens and applies the profile score assigned in each curated quality profile.', 0);
INSERT OR REPLACE INTO custom_format_tags (custom_format_name, tag_name) VALUES ('Edition: Collector''s Edition', 'Editions');
INSERT OR REPLACE INTO custom_format_conditions (custom_format_name, name, type, arr_type, negate, required) VALUES ('Edition: Collector''s Edition', 'Edition: Collector''s Edition', 'release_title', 'all', 0, 1);
INSERT OR REPLACE INTO condition_patterns (custom_format_name, condition_name, regular_expression_name) VALUES ('Edition: Collector''s Edition', 'Edition: Collector''s Edition', 'Edition: Collector''s Edition');
INSERT OR REPLACE INTO custom_formats (name, description, include_in_rename) VALUES ('Edition: Anniversary Edition', 'Managed Smart Plex custom format. Matches release-title tokens and applies the profile score assigned in each curated quality profile.', 0);
INSERT OR REPLACE INTO custom_format_tags (custom_format_name, tag_name) VALUES ('Edition: Anniversary Edition', 'Editions');
INSERT OR REPLACE INTO custom_format_conditions (custom_format_name, name, type, arr_type, negate, required) VALUES ('Edition: Anniversary Edition', 'Edition: Anniversary Edition', 'release_title', 'all', 0, 1);
INSERT OR REPLACE INTO condition_patterns (custom_format_name, condition_name, regular_expression_name) VALUES ('Edition: Anniversary Edition', 'Edition: Anniversary Edition', 'Edition: Anniversary Edition');
INSERT OR REPLACE INTO custom_formats (name, description, include_in_rename) VALUES ('Edition: Fan Edit', 'Managed Smart Plex custom format. Matches release-title tokens and applies the profile score assigned in each curated quality profile.', 0);
INSERT OR REPLACE INTO custom_format_tags (custom_format_name, tag_name) VALUES ('Edition: Fan Edit', 'Editions');
INSERT OR REPLACE INTO custom_format_conditions (custom_format_name, name, type, arr_type, negate, required) VALUES ('Edition: Fan Edit', 'Edition: Fan Edit', 'release_title', 'all', 0, 1);
INSERT OR REPLACE INTO condition_patterns (custom_format_name, condition_name, regular_expression_name) VALUES ('Edition: Fan Edit', 'Edition: Fan Edit', 'Edition: Fan Edit');
INSERT OR REPLACE INTO custom_formats (name, description, include_in_rename) VALUES ('Edition: Fan Restoration', 'Managed Smart Plex custom format. Matches release-title tokens and applies the profile score assigned in each curated quality profile.', 0);
INSERT OR REPLACE INTO custom_format_tags (custom_format_name, tag_name) VALUES ('Edition: Fan Restoration', 'Editions');
INSERT OR REPLACE INTO custom_format_conditions (custom_format_name, name, type, arr_type, negate, required) VALUES ('Edition: Fan Restoration', 'Edition: Fan Restoration', 'release_title', 'all', 0, 1);
INSERT OR REPLACE INTO condition_patterns (custom_format_name, condition_name, regular_expression_name) VALUES ('Edition: Fan Restoration', 'Edition: Fan Restoration', 'Edition: Fan Restoration');
INSERT OR REPLACE INTO custom_formats (name, description, include_in_rename) VALUES ('Edition: UpScale', 'Managed Smart Plex custom format. Matches release-title tokens and applies the profile score assigned in each curated quality profile.', 0);
INSERT OR REPLACE INTO custom_format_tags (custom_format_name, tag_name) VALUES ('Edition: UpScale', 'Editions');
INSERT OR REPLACE INTO custom_format_conditions (custom_format_name, name, type, arr_type, negate, required) VALUES ('Edition: UpScale', 'Edition: UpScale', 'release_title', 'all', 0, 1);
INSERT OR REPLACE INTO condition_patterns (custom_format_name, condition_name, regular_expression_name) VALUES ('Edition: UpScale', 'Edition: UpScale', 'Edition: UpScale');
INSERT OR REPLACE INTO custom_formats (name, description, include_in_rename) VALUES ('Release: Proper-Repack-Rerip', 'Modest release-fix bonus for PROPER, REPACK, RERIP, REAL.PROPER, and higher-version proper/repack tags. It is intentionally sized to fix same-tier releases without overpowering BluRay/source/HDR/audio scoring.', 0);
INSERT OR REPLACE INTO custom_format_tags (custom_format_name, tag_name) VALUES ('Release: Proper-Repack-Rerip', 'Release Fixes');
INSERT OR REPLACE INTO custom_format_conditions (custom_format_name, name, type, arr_type, negate, required) VALUES ('Release: Proper-Repack-Rerip', 'Release: Proper-Repack-Rerip', 'release_title', 'all', 0, 1);
INSERT OR REPLACE INTO condition_patterns (custom_format_name, condition_name, regular_expression_name) VALUES ('Release: Proper-Repack-Rerip', 'Release: Proper-Repack-Rerip', 'Release: Proper-Repack-Rerip');
INSERT OR REPLACE INTO quality_profiles (name, description, upgrades_allowed, minimum_custom_format_score, upgrade_until_score, upgrade_score_increment) VALUES ('Alex_C.T - 1080p-2160p Plex Movies', 'Primary movie profile for space-conscious Plex libraries. It prioritizes feature-rich 1080p HDR/DoVi with 5.1+ audio first, then compact 2160p HDR/DoVi with 5.1+ audio, then less feature-rich fallbacks. Spanish-friendly, Latino, MULTI, and EN+ES releases are strongly favored. Target rip quality: 8.5/10.', 1, 0, 13000, 125);
INSERT OR REPLACE INTO quality_profile_tags (quality_profile_name, tag_name) VALUES ('Alex_C.T - 1080p-2160p Plex Movies', 'Radarr');
INSERT OR REPLACE INTO quality_profile_tags (quality_profile_name, tag_name) VALUES ('Alex_C.T - 1080p-2160p Plex Movies', 'Movies');
INSERT OR REPLACE INTO quality_profile_tags (quality_profile_name, tag_name) VALUES ('Alex_C.T - 1080p-2160p Plex Movies', '1080p');
INSERT OR REPLACE INTO quality_profile_qualities (quality_profile_name, quality_name, position, enabled, upgrade_until) VALUES ('Alex_C.T - 1080p-2160p Plex Movies', 'Bluray-1080p', 1, 1, 1);
INSERT OR REPLACE INTO quality_profile_qualities (quality_profile_name, quality_name, position, enabled, upgrade_until) VALUES ('Alex_C.T - 1080p-2160p Plex Movies', 'WEBDL-1080p', 2, 1, 0);
INSERT OR REPLACE INTO quality_profile_qualities (quality_profile_name, quality_name, position, enabled, upgrade_until) VALUES ('Alex_C.T - 1080p-2160p Plex Movies', 'Bluray-2160p', 3, 1, 0);
INSERT OR REPLACE INTO quality_profile_qualities (quality_profile_name, quality_name, position, enabled, upgrade_until) VALUES ('Alex_C.T - 1080p-2160p Plex Movies', 'WEBDL-2160p', 4, 1, 0);
INSERT OR REPLACE INTO quality_profile_custom_formats (quality_profile_name, custom_format_name, arr_type, score) VALUES ('Alex_C.T - 1080p-2160p Plex Movies', 'Edition: Open Matte', 'all', 250);
INSERT OR REPLACE INTO quality_profile_custom_formats (quality_profile_name, custom_format_name, arr_type, score) VALUES ('Alex_C.T - 1080p-2160p Plex Movies', 'Edition: VAR', 'all', 250);
INSERT OR REPLACE INTO quality_profile_custom_formats (quality_profile_name, custom_format_name, arr_type, score) VALUES ('Alex_C.T - 1080p-2160p Plex Movies', 'Edition: IMAX', 'all', 450);
INSERT OR REPLACE INTO quality_profile_custom_formats (quality_profile_name, custom_format_name, arr_type, score) VALUES ('Alex_C.T - 1080p-2160p Plex Movies', 'Edition: IMAX Enhanced', 'all', 400);
INSERT OR REPLACE INTO quality_profile_custom_formats (quality_profile_name, custom_format_name, arr_type, score) VALUES ('Alex_C.T - 1080p-2160p Plex Movies', 'Edition: Restored', 'all', 300);
INSERT OR REPLACE INTO quality_profile_custom_formats (quality_profile_name, custom_format_name, arr_type, score) VALUES ('Alex_C.T - 1080p-2160p Plex Movies', 'Edition: 4K Scan', 'all', 300);
INSERT OR REPLACE INTO quality_profile_custom_formats (quality_profile_name, custom_format_name, arr_type, score) VALUES ('Alex_C.T - 1080p-2160p Plex Movies', 'Edition: Expanded Ratio', 'all', 225);
INSERT OR REPLACE INTO quality_profile_custom_formats (quality_profile_name, custom_format_name, arr_type, score) VALUES ('Alex_C.T - 1080p-2160p Plex Movies', 'Edition: Remastered', 'all', 325);
INSERT OR REPLACE INTO quality_profile_custom_formats (quality_profile_name, custom_format_name, arr_type, score) VALUES ('Alex_C.T - 1080p-2160p Plex Movies', '4K: Efficient Encode Bonus', 'all', 850);
INSERT OR REPLACE INTO quality_profile_custom_formats (quality_profile_name, custom_format_name, arr_type, score) VALUES ('Alex_C.T - 1080p-2160p Plex Movies', '4K: UHD BluRay Preferred', 'all', 550);
INSERT OR REPLACE INTO quality_profile_custom_formats (quality_profile_name, custom_format_name, arr_type, score) VALUES ('Alex_C.T - 1080p-2160p Plex Movies', '4K: Block x264-H264', 'all', -50000);
INSERT OR REPLACE INTO quality_profile_custom_formats (quality_profile_name, custom_format_name, arr_type, score) VALUES ('Alex_C.T - 1080p-2160p Plex Movies', '4K: HDR + Surround Preferred', 'all', 2500);
INSERT OR REPLACE INTO quality_profile_custom_formats (quality_profile_name, custom_format_name, arr_type, score) VALUES ('Alex_C.T - 1080p-2160p Plex Movies', '4K Source: Block BDRip', 'all', -50000);
INSERT OR REPLACE INTO quality_profile_custom_formats (quality_profile_name, custom_format_name, arr_type, score) VALUES ('Alex_C.T - 1080p-2160p Plex Movies', '4K Audio: Block AAC-Only', 'all', -50000);
INSERT OR REPLACE INTO quality_profile_custom_formats (quality_profile_name, custom_format_name, arr_type, score) VALUES ('Alex_C.T - 1080p-2160p Plex Movies', '4K: WEB-DL Preferred', 'all', 350);
INSERT OR REPLACE INTO quality_profile_custom_formats (quality_profile_name, custom_format_name, arr_type, score) VALUES ('Alex_C.T - 1080p-2160p Plex Movies', '4K Source: Block WEBRip', 'all', -50000);
INSERT OR REPLACE INTO quality_profile_custom_formats (quality_profile_name, custom_format_name, arr_type, score) VALUES ('Alex_C.T - 1080p-2160p Plex Movies', 'Edition: Criterion', 'all', 250);
INSERT OR REPLACE INTO quality_profile_custom_formats (quality_profile_name, custom_format_name, arr_type, score) VALUES ('Alex_C.T - 1080p-2160p Plex Movies', 'Edition: Collector''s Edition', 'all', 63);
INSERT OR REPLACE INTO quality_profile_custom_formats (quality_profile_name, custom_format_name, arr_type, score) VALUES ('Alex_C.T - 1080p-2160p Plex Movies', 'Edition: Anniversary Edition', 'all', 63);
INSERT OR REPLACE INTO quality_profile_custom_formats (quality_profile_name, custom_format_name, arr_type, score) VALUES ('Alex_C.T - 1080p-2160p Plex Movies', 'Edition: Unrated', 'all', 113);
INSERT OR REPLACE INTO quality_profile_custom_formats (quality_profile_name, custom_format_name, arr_type, score) VALUES ('Alex_C.T - 1080p-2160p Plex Movies', 'Edition: Special Edition', 'all', 88);
INSERT OR REPLACE INTO quality_profile_custom_formats (quality_profile_name, custom_format_name, arr_type, score) VALUES ('Alex_C.T - 1080p-2160p Plex Movies', 'Edition: UpScale', 'all', -750);
INSERT OR REPLACE INTO quality_profile_custom_formats (quality_profile_name, custom_format_name, arr_type, score) VALUES ('Alex_C.T - 1080p-2160p Plex Movies', 'Release: Proper-Repack-Rerip', 'all', 125);
INSERT OR REPLACE INTO quality_profile_custom_formats (quality_profile_name, custom_format_name, arr_type, score) VALUES ('Alex_C.T - 1080p-2160p Plex Movies', 'Edition: Fan Edit', 'all', -10000);
INSERT OR REPLACE INTO quality_profile_custom_formats (quality_profile_name, custom_format_name, arr_type, score) VALUES ('Alex_C.T - 1080p-2160p Plex Movies', 'Edition: Fan Restoration', 'all', -8000);
INSERT OR REPLACE INTO quality_profile_custom_formats (quality_profile_name, custom_format_name, arr_type, score) VALUES ('Alex_C.T - 1080p-2160p Plex Movies', 'Edition: StudioCanal', 'all', 75);
INSERT OR REPLACE INTO quality_profile_custom_formats (quality_profile_name, custom_format_name, arr_type, score) VALUES ('Alex_C.T - 1080p-2160p Plex Movies', 'Edition: New Transfer', 'all', 250);
INSERT OR REPLACE INTO quality_profile_custom_formats (quality_profile_name, custom_format_name, arr_type, score) VALUES ('Alex_C.T - 1080p-2160p Plex Movies', 'Edition: Arrow', 'all', 100);
INSERT OR REPLACE INTO quality_profile_custom_formats (quality_profile_name, custom_format_name, arr_type, score) VALUES ('Alex_C.T - 1080p-2160p Plex Movies', 'Edition: Shout Factory', 'all', 88);
INSERT OR REPLACE INTO quality_profile_custom_formats (quality_profile_name, custom_format_name, arr_type, score) VALUES ('Alex_C.T - 1080p-2160p Plex Movies', 'Edition: Extended', 'all', 138);
INSERT OR REPLACE INTO quality_profile_custom_formats (quality_profile_name, custom_format_name, arr_type, score) VALUES ('Alex_C.T - 1080p-2160p Plex Movies', 'Edition: Ultimate Cut', 'all', 138);
INSERT OR REPLACE INTO quality_profile_custom_formats (quality_profile_name, custom_format_name, arr_type, score) VALUES ('Alex_C.T - 1080p-2160p Plex Movies', 'Edition: Director''s Cut', 'all', 150);
INSERT OR REPLACE INTO quality_profile_custom_formats (quality_profile_name, custom_format_name, arr_type, score) VALUES ('Alex_C.T - 1080p-2160p Plex Movies', 'Edition: Final Cut', 'all', 150);
INSERT OR REPLACE INTO quality_profile_custom_formats (quality_profile_name, custom_format_name, arr_type, score) VALUES ('Alex_C.T - 1080p-2160p Plex Movies', 'Codec: VVC-x266 Future', 'all', 2500);
INSERT OR REPLACE INTO quality_profile_custom_formats (quality_profile_name, custom_format_name, arr_type, score) VALUES ('Alex_C.T - 1080p-2160p Plex Movies', 'Codec: HEVC-x265 Preferred', 'all', 3500);
INSERT OR REPLACE INTO quality_profile_custom_formats (quality_profile_name, custom_format_name, arr_type, score) VALUES ('Alex_C.T - 1080p-2160p Plex Movies', 'Subtitles: Block Hardcoded-Burned-In', 'all', -50000);
INSERT OR REPLACE INTO quality_profile_custom_formats (quality_profile_name, custom_format_name, arr_type, score) VALUES ('Alex_C.T - 1080p-2160p Plex Movies', 'Codec: AV1 Preferred', 'all', 3000);
INSERT OR REPLACE INTO quality_profile_custom_formats (quality_profile_name, custom_format_name, arr_type, score) VALUES ('Alex_C.T - 1080p-2160p Plex Movies', 'HDR: Base HDR Bonus', 'all', 750);
INSERT OR REPLACE INTO quality_profile_custom_formats (quality_profile_name, custom_format_name, arr_type, score) VALUES ('Alex_C.T - 1080p-2160p Plex Movies', 'HDR: HDR10 Bonus', 'all', 400);
INSERT OR REPLACE INTO quality_profile_custom_formats (quality_profile_name, custom_format_name, arr_type, score) VALUES ('Alex_C.T - 1080p-2160p Plex Movies', 'Codec: x264-H264 Fallback or Penalty', 'all', -10000);
INSERT OR REPLACE INTO quality_profile_custom_formats (quality_profile_name, custom_format_name, arr_type, score) VALUES ('Alex_C.T - 1080p-2160p Plex Movies', 'Source: Block Remux-Raw Disk', 'all', -50000);
INSERT OR REPLACE INTO quality_profile_custom_formats (quality_profile_name, custom_format_name, arr_type, score) VALUES ('Alex_C.T - 1080p-2160p Plex Movies', 'Language: Latino Spanish Fallback', 'all', 700);
INSERT OR REPLACE INTO quality_profile_custom_formats (quality_profile_name, custom_format_name, arr_type, score) VALUES ('Alex_C.T - 1080p-2160p Plex Movies', 'Language: Multi-Dual Audio Bonus', 'all', 900);
INSERT OR REPLACE INTO quality_profile_custom_formats (quality_profile_name, custom_format_name, arr_type, score) VALUES ('Alex_C.T - 1080p-2160p Plex Movies', 'Language: Prefer English + Spanish', 'all', 2500);
INSERT OR REPLACE INTO quality_profile_custom_formats (quality_profile_name, custom_format_name, arr_type, score) VALUES ('Alex_C.T - 1080p-2160p Plex Movies', 'Language: Spanish-Only Fallback', 'all', 1300);
INSERT OR REPLACE INTO quality_profile_custom_formats (quality_profile_name, custom_format_name, arr_type, score) VALUES ('Alex_C.T - 1080p-2160p Plex Movies', 'Subtitles: English Bonus', 'all', 75);
INSERT OR REPLACE INTO quality_profile_custom_formats (quality_profile_name, custom_format_name, arr_type, score) VALUES ('Alex_C.T - 1080p-2160p Plex Movies', 'Subtitles: Spanish Bonus', 'all', 50);
INSERT OR REPLACE INTO quality_profile_custom_formats (quality_profile_name, custom_format_name, arr_type, score) VALUES ('Alex_C.T - 1080p-2160p Plex Movies', 'Language: Block Other Languages', 'all', -50000);
INSERT OR REPLACE INTO quality_profile_custom_formats (quality_profile_name, custom_format_name, arr_type, score) VALUES ('Alex_C.T - 1080p-2160p Plex Movies', 'Subtitles: Prefer English + Spanish', 'all', 300);
INSERT OR REPLACE INTO quality_profile_custom_formats (quality_profile_name, custom_format_name, arr_type, score) VALUES ('Alex_C.T - 1080p-2160p Plex Movies', 'HDR: HDR10+ Bonus', 'all', 600);
INSERT OR REPLACE INTO quality_profile_custom_formats (quality_profile_name, custom_format_name, arr_type, score) VALUES ('Alex_C.T - 1080p-2160p Plex Movies', '1080p: HDR + Surround Preferred', 'all', 2250);
INSERT OR REPLACE INTO quality_profile_custom_formats (quality_profile_name, custom_format_name, arr_type, score) VALUES ('Alex_C.T - 1080p-2160p Plex Movies', '1080p: Efficient Encode Bonus', 'all', 600);
INSERT OR REPLACE INTO quality_profile_custom_formats (quality_profile_name, custom_format_name, arr_type, score) VALUES ('Alex_C.T - 1080p-2160p Plex Movies', 'Audio: Lossless Size Penalty', 'all', -250);
INSERT OR REPLACE INTO quality_profile_custom_formats (quality_profile_name, custom_format_name, arr_type, score) VALUES ('Alex_C.T - 1080p-2160p Plex Movies', '1080p: UHD BluRay Source Bonus', 'all', 600);
INSERT OR REPLACE INTO quality_profile_custom_formats (quality_profile_name, custom_format_name, arr_type, score) VALUES ('Alex_C.T - 1080p-2160p Plex Movies', '1080p: WEBRip Source', 'all', -50000);
INSERT OR REPLACE INTO quality_profile_custom_formats (quality_profile_name, custom_format_name, arr_type, score) VALUES ('Alex_C.T - 1080p-2160p Plex Movies', '1080p: BDRip Source', 'all', -50000);
INSERT OR REPLACE INTO quality_profile_custom_formats (quality_profile_name, custom_format_name, arr_type, score) VALUES ('Alex_C.T - 1080p-2160p Plex Movies', '1080p: BluRay Preferred', 'all', 500);
INSERT OR REPLACE INTO quality_profile_custom_formats (quality_profile_name, custom_format_name, arr_type, score) VALUES ('Alex_C.T - 1080p-2160p Plex Movies', '1080p: WEB-DL Preferred', 'all', 250);
INSERT OR REPLACE INTO quality_profile_custom_formats (quality_profile_name, custom_format_name, arr_type, score) VALUES ('Alex_C.T - 1080p-2160p Plex Movies', 'HDR: Dolby Vision Only Fallback', 'all', 500);
INSERT OR REPLACE INTO quality_profile_custom_formats (quality_profile_name, custom_format_name, arr_type, score) VALUES ('Alex_C.T - 1080p-2160p Plex Movies', 'Audio: 5.1 Surround Preferred', 'all', 550);
INSERT OR REPLACE INTO quality_profile_custom_formats (quality_profile_name, custom_format_name, arr_type, score) VALUES ('Alex_C.T - 1080p-2160p Plex Movies', 'HDR: Dolby Vision + HDR Bonus', 'all', 800);
INSERT OR REPLACE INTO quality_profile_custom_formats (quality_profile_name, custom_format_name, arr_type, score) VALUES ('Alex_C.T - 1080p-2160p Plex Movies', 'HDR: Penalize SDR When HDR Expected', 'all', -4000);
INSERT OR REPLACE INTO quality_profile_custom_formats (quality_profile_name, custom_format_name, arr_type, score) VALUES ('Alex_C.T - 1080p-2160p Plex Movies', 'Audio: 6.1 Bonus', 'all', 175);
INSERT OR REPLACE INTO quality_profile_custom_formats (quality_profile_name, custom_format_name, arr_type, score) VALUES ('Alex_C.T - 1080p-2160p Plex Movies', 'Audio: 7.1 Bonus', 'all', 125);
INSERT OR REPLACE INTO quality_profile_custom_formats (quality_profile_name, custom_format_name, arr_type, score) VALUES ('Alex_C.T - 1080p-2160p Plex Movies', 'Audio: Atmos Bonus', 'all', 600);
INSERT OR REPLACE INTO quality_profile_custom_formats (quality_profile_name, custom_format_name, arr_type, score) VALUES ('Alex_C.T - 1080p-2160p Plex Movies', 'Audio: EAC3-AC3 Preferred', 'all', 400);
INSERT OR REPLACE INTO quality_profiles (name, description, upgrades_allowed, minimum_custom_format_score, upgrade_until_score, upgrade_score_increment) VALUES ('Alex_C.T - 1080p-2160p Plex Series', 'Primary Sonarr profile for modern series. It prefers feature-rich 1080p first, then compact 2160p HDR/5.1 as a fallback, then weaker 1080p releases. HDR/Dolby Vision is preferred but more relaxed than movies because HDR TV is less common. Spanish-friendly and multilingual releases remain strongly favored. Target rip quality: 8.5/10.', 1, 0, 16000, 125);
INSERT OR REPLACE INTO quality_profile_tags (quality_profile_name, tag_name) VALUES ('Alex_C.T - 1080p-2160p Plex Series', 'Sonarr');
INSERT OR REPLACE INTO quality_profile_tags (quality_profile_name, tag_name) VALUES ('Alex_C.T - 1080p-2160p Plex Series', 'Series');
INSERT OR REPLACE INTO quality_profile_tags (quality_profile_name, tag_name) VALUES ('Alex_C.T - 1080p-2160p Plex Series', '1080p');
INSERT OR REPLACE INTO quality_profile_qualities (quality_profile_name, quality_name, position, enabled, upgrade_until) VALUES ('Alex_C.T - 1080p-2160p Plex Series', 'Bluray-1080p', 1, 1, 1);
INSERT OR REPLACE INTO quality_profile_qualities (quality_profile_name, quality_name, position, enabled, upgrade_until) VALUES ('Alex_C.T - 1080p-2160p Plex Series', 'WEBDL-1080p', 2, 1, 0);
INSERT OR REPLACE INTO quality_profile_qualities (quality_profile_name, quality_name, position, enabled, upgrade_until) VALUES ('Alex_C.T - 1080p-2160p Plex Series', 'Bluray-2160p', 3, 1, 0);
INSERT OR REPLACE INTO quality_profile_qualities (quality_profile_name, quality_name, position, enabled, upgrade_until) VALUES ('Alex_C.T - 1080p-2160p Plex Series', 'WEBDL-2160p', 4, 1, 0);
INSERT OR REPLACE INTO quality_profile_qualities (quality_profile_name, quality_name, position, enabled, upgrade_until) VALUES ('Alex_C.T - 1080p-2160p Plex Series', 'WEBRip-1080p', 5, 1, 0);
INSERT OR REPLACE INTO quality_profile_custom_formats (quality_profile_name, custom_format_name, arr_type, score) VALUES ('Alex_C.T - 1080p-2160p Plex Series', '1080p: WEB-DL Preferred', 'all', 250);
INSERT OR REPLACE INTO quality_profile_custom_formats (quality_profile_name, custom_format_name, arr_type, score) VALUES ('Alex_C.T - 1080p-2160p Plex Series', '1080p: BluRay Preferred', 'all', 500);
INSERT OR REPLACE INTO quality_profile_custom_formats (quality_profile_name, custom_format_name, arr_type, score) VALUES ('Alex_C.T - 1080p-2160p Plex Series', '1080p: WEBRip Source', 'all', 75);
INSERT OR REPLACE INTO quality_profile_custom_formats (quality_profile_name, custom_format_name, arr_type, score) VALUES ('Alex_C.T - 1080p-2160p Plex Series', '4K: Block x264-H264', 'all', -50000);
INSERT OR REPLACE INTO quality_profile_custom_formats (quality_profile_name, custom_format_name, arr_type, score) VALUES ('Alex_C.T - 1080p-2160p Plex Series', '1080p: BDRip Source', 'all', 125);
INSERT OR REPLACE INTO quality_profile_custom_formats (quality_profile_name, custom_format_name, arr_type, score) VALUES ('Alex_C.T - 1080p-2160p Plex Series', '1080p: Efficient Encode Bonus', 'all', 600);
INSERT OR REPLACE INTO quality_profile_custom_formats (quality_profile_name, custom_format_name, arr_type, score) VALUES ('Alex_C.T - 1080p-2160p Plex Series', 'Audio: 7.1 Bonus', 'all', 125);
INSERT OR REPLACE INTO quality_profile_custom_formats (quality_profile_name, custom_format_name, arr_type, score) VALUES ('Alex_C.T - 1080p-2160p Plex Series', 'Audio: 6.1 Bonus', 'all', 175);
INSERT OR REPLACE INTO quality_profile_custom_formats (quality_profile_name, custom_format_name, arr_type, score) VALUES ('Alex_C.T - 1080p-2160p Plex Series', 'Audio: Lossless Size Penalty', 'all', -250);
INSERT OR REPLACE INTO quality_profile_custom_formats (quality_profile_name, custom_format_name, arr_type, score) VALUES ('Alex_C.T - 1080p-2160p Plex Series', '1080p: HDR + Surround Preferred', 'all', 1600);
INSERT OR REPLACE INTO quality_profile_custom_formats (quality_profile_name, custom_format_name, arr_type, score) VALUES ('Alex_C.T - 1080p-2160p Plex Series', '1080p: UHD BluRay Source Bonus', 'all', 600);
INSERT OR REPLACE INTO quality_profile_custom_formats (quality_profile_name, custom_format_name, arr_type, score) VALUES ('Alex_C.T - 1080p-2160p Plex Series', 'Edition: Fan Edit', 'all', -10000);
INSERT OR REPLACE INTO quality_profile_custom_formats (quality_profile_name, custom_format_name, arr_type, score) VALUES ('Alex_C.T - 1080p-2160p Plex Series', '4K Audio: Block AAC-Only', 'all', -50000);
INSERT OR REPLACE INTO quality_profile_custom_formats (quality_profile_name, custom_format_name, arr_type, score) VALUES ('Alex_C.T - 1080p-2160p Plex Series', 'Edition: Fan Restoration', 'all', -8000);
INSERT OR REPLACE INTO quality_profile_custom_formats (quality_profile_name, custom_format_name, arr_type, score) VALUES ('Alex_C.T - 1080p-2160p Plex Series', 'Release: Proper-Repack-Rerip', 'all', 125);
INSERT OR REPLACE INTO quality_profile_custom_formats (quality_profile_name, custom_format_name, arr_type, score) VALUES ('Alex_C.T - 1080p-2160p Plex Series', 'Edition: UpScale', 'all', -750);
INSERT OR REPLACE INTO quality_profile_custom_formats (quality_profile_name, custom_format_name, arr_type, score) VALUES ('Alex_C.T - 1080p-2160p Plex Series', '4K Source: Block BDRip', 'all', -50000);
INSERT OR REPLACE INTO quality_profile_custom_formats (quality_profile_name, custom_format_name, arr_type, score) VALUES ('Alex_C.T - 1080p-2160p Plex Series', '4K: Efficient Encode Bonus', 'all', 850);
INSERT OR REPLACE INTO quality_profile_custom_formats (quality_profile_name, custom_format_name, arr_type, score) VALUES ('Alex_C.T - 1080p-2160p Plex Series', '4K: HDR + Surround Preferred', 'all', 2100);
INSERT OR REPLACE INTO quality_profile_custom_formats (quality_profile_name, custom_format_name, arr_type, score) VALUES ('Alex_C.T - 1080p-2160p Plex Series', '4K: UHD BluRay Preferred', 'all', 550);
INSERT OR REPLACE INTO quality_profile_custom_formats (quality_profile_name, custom_format_name, arr_type, score) VALUES ('Alex_C.T - 1080p-2160p Plex Series', '4K Source: Block WEBRip', 'all', -50000);
INSERT OR REPLACE INTO quality_profile_custom_formats (quality_profile_name, custom_format_name, arr_type, score) VALUES ('Alex_C.T - 1080p-2160p Plex Series', '4K: WEB-DL Preferred', 'all', 350);
INSERT OR REPLACE INTO quality_profile_custom_formats (quality_profile_name, custom_format_name, arr_type, score) VALUES ('Alex_C.T - 1080p-2160p Plex Series', 'Subtitles: Spanish Bonus', 'all', 50);
INSERT OR REPLACE INTO quality_profile_custom_formats (quality_profile_name, custom_format_name, arr_type, score) VALUES ('Alex_C.T - 1080p-2160p Plex Series', 'Subtitles: English Bonus', 'all', 75);
INSERT OR REPLACE INTO quality_profile_custom_formats (quality_profile_name, custom_format_name, arr_type, score) VALUES ('Alex_C.T - 1080p-2160p Plex Series', 'Subtitles: Block Hardcoded-Burned-In', 'all', -50000);
INSERT OR REPLACE INTO quality_profile_custom_formats (quality_profile_name, custom_format_name, arr_type, score) VALUES ('Alex_C.T - 1080p-2160p Plex Series', 'Codec: VVC-x266 Future', 'all', 2500);
INSERT OR REPLACE INTO quality_profile_custom_formats (quality_profile_name, custom_format_name, arr_type, score) VALUES ('Alex_C.T - 1080p-2160p Plex Series', 'Codec: AV1 Preferred', 'all', 3000);
INSERT OR REPLACE INTO quality_profile_custom_formats (quality_profile_name, custom_format_name, arr_type, score) VALUES ('Alex_C.T - 1080p-2160p Plex Series', 'Subtitles: Prefer English + Spanish', 'all', 300);
INSERT OR REPLACE INTO quality_profile_custom_formats (quality_profile_name, custom_format_name, arr_type, score) VALUES ('Alex_C.T - 1080p-2160p Plex Series', 'Language: Spanish-Only Fallback', 'all', 1300);
INSERT OR REPLACE INTO quality_profile_custom_formats (quality_profile_name, custom_format_name, arr_type, score) VALUES ('Alex_C.T - 1080p-2160p Plex Series', 'Language: Prefer English + Spanish', 'all', 2500);
INSERT OR REPLACE INTO quality_profile_custom_formats (quality_profile_name, custom_format_name, arr_type, score) VALUES ('Alex_C.T - 1080p-2160p Plex Series', 'Language: Latino Spanish Fallback', 'all', 700);
INSERT OR REPLACE INTO quality_profile_custom_formats (quality_profile_name, custom_format_name, arr_type, score) VALUES ('Alex_C.T - 1080p-2160p Plex Series', 'Language: Block Other Languages', 'all', -50000);
INSERT OR REPLACE INTO quality_profile_custom_formats (quality_profile_name, custom_format_name, arr_type, score) VALUES ('Alex_C.T - 1080p-2160p Plex Series', 'Language: Multi-Dual Audio Bonus', 'all', 900);
INSERT OR REPLACE INTO quality_profile_custom_formats (quality_profile_name, custom_format_name, arr_type, score) VALUES ('Alex_C.T - 1080p-2160p Plex Series', 'HDR: Dolby Vision Only Fallback', 'all', 500);
INSERT OR REPLACE INTO quality_profile_custom_formats (quality_profile_name, custom_format_name, arr_type, score) VALUES ('Alex_C.T - 1080p-2160p Plex Series', 'HDR: Penalize SDR When HDR Expected', 'all', -1100);
INSERT OR REPLACE INTO quality_profile_custom_formats (quality_profile_name, custom_format_name, arr_type, score) VALUES ('Alex_C.T - 1080p-2160p Plex Series', 'Audio: 5.1 Surround Preferred', 'all', 550);
INSERT OR REPLACE INTO quality_profile_custom_formats (quality_profile_name, custom_format_name, arr_type, score) VALUES ('Alex_C.T - 1080p-2160p Plex Series', 'Audio: EAC3-AC3 Preferred', 'all', 400);
INSERT OR REPLACE INTO quality_profile_custom_formats (quality_profile_name, custom_format_name, arr_type, score) VALUES ('Alex_C.T - 1080p-2160p Plex Series', 'Audio: Atmos Bonus', 'all', 600);
INSERT OR REPLACE INTO quality_profile_custom_formats (quality_profile_name, custom_format_name, arr_type, score) VALUES ('Alex_C.T - 1080p-2160p Plex Series', 'HDR: Dolby Vision + HDR Bonus', 'all', 800);
INSERT OR REPLACE INTO quality_profile_custom_formats (quality_profile_name, custom_format_name, arr_type, score) VALUES ('Alex_C.T - 1080p-2160p Plex Series', 'Source: Block Remux-Raw Disk', 'all', -50000);
INSERT OR REPLACE INTO quality_profile_custom_formats (quality_profile_name, custom_format_name, arr_type, score) VALUES ('Alex_C.T - 1080p-2160p Plex Series', 'Codec: HEVC-x265 Preferred', 'all', 3500);
INSERT OR REPLACE INTO quality_profile_custom_formats (quality_profile_name, custom_format_name, arr_type, score) VALUES ('Alex_C.T - 1080p-2160p Plex Series', 'HDR: Base HDR Bonus', 'all', 750);
INSERT OR REPLACE INTO quality_profile_custom_formats (quality_profile_name, custom_format_name, arr_type, score) VALUES ('Alex_C.T - 1080p-2160p Plex Series', 'HDR: HDR10+ Bonus', 'all', 600);
INSERT OR REPLACE INTO quality_profile_custom_formats (quality_profile_name, custom_format_name, arr_type, score) VALUES ('Alex_C.T - 1080p-2160p Plex Series', 'HDR: HDR10 Bonus', 'all', 400);
INSERT OR REPLACE INTO quality_profiles (name, description, upgrades_allowed, minimum_custom_format_score, upgrade_until_score, upgrade_score_increment) VALUES ('Alex_C.T - 4K Plex Movies', 'Manual 4K movie profile for users who explicitly want the most curated 2160p version. Profilarr ladder displays top-to-bottom as Bluray-2160p then WEBDL-2160p, while scoring prefers efficient HDR/Dolby Vision encodes, strong audio, language, and clean 4K sources. Remux, weak 4K rips, SDR 4K, 4K x264, 4K AAC-only, and 4K without 5.1+ surround are blocked or heavily penalized. Target rip quality: 10/10.', 1, 1100, 13000, 125);
INSERT OR REPLACE INTO quality_profile_tags (quality_profile_name, tag_name) VALUES ('Alex_C.T - 4K Plex Movies', 'Radarr');
INSERT OR REPLACE INTO quality_profile_tags (quality_profile_name, tag_name) VALUES ('Alex_C.T - 4K Plex Movies', 'Movies');
INSERT OR REPLACE INTO quality_profile_tags (quality_profile_name, tag_name) VALUES ('Alex_C.T - 4K Plex Movies', '4K');
INSERT OR REPLACE INTO quality_profile_qualities (quality_profile_name, quality_name, position, enabled, upgrade_until) VALUES ('Alex_C.T - 4K Plex Movies', 'Bluray-2160p', 1, 1, 1);
INSERT OR REPLACE INTO quality_profile_qualities (quality_profile_name, quality_name, position, enabled, upgrade_until) VALUES ('Alex_C.T - 4K Plex Movies', 'WEBDL-2160p', 2, 1, 0);
INSERT OR REPLACE INTO quality_profile_custom_formats (quality_profile_name, custom_format_name, arr_type, score) VALUES ('Alex_C.T - 4K Plex Movies', 'Edition: Remastered', 'all', 325);
INSERT OR REPLACE INTO quality_profile_custom_formats (quality_profile_name, custom_format_name, arr_type, score) VALUES ('Alex_C.T - 4K Plex Movies', 'Edition: Expanded Ratio', 'all', 225);
INSERT OR REPLACE INTO quality_profile_custom_formats (quality_profile_name, custom_format_name, arr_type, score) VALUES ('Alex_C.T - 4K Plex Movies', 'Edition: VAR', 'all', 250);
INSERT OR REPLACE INTO quality_profile_custom_formats (quality_profile_name, custom_format_name, arr_type, score) VALUES ('Alex_C.T - 4K Plex Movies', 'Edition: Restored', 'all', 300);
INSERT OR REPLACE INTO quality_profile_custom_formats (quality_profile_name, custom_format_name, arr_type, score) VALUES ('Alex_C.T - 4K Plex Movies', 'Edition: Arrow', 'all', 100);
INSERT OR REPLACE INTO quality_profile_custom_formats (quality_profile_name, custom_format_name, arr_type, score) VALUES ('Alex_C.T - 4K Plex Movies', 'Edition: Criterion', 'all', 250);
INSERT OR REPLACE INTO quality_profile_custom_formats (quality_profile_name, custom_format_name, arr_type, score) VALUES ('Alex_C.T - 4K Plex Movies', 'Edition: 4K Scan', 'all', 300);
INSERT OR REPLACE INTO quality_profile_custom_formats (quality_profile_name, custom_format_name, arr_type, score) VALUES ('Alex_C.T - 4K Plex Movies', 'Edition: Open Matte', 'all', 250);
INSERT OR REPLACE INTO quality_profile_custom_formats (quality_profile_name, custom_format_name, arr_type, score) VALUES ('Alex_C.T - 4K Plex Movies', '4K Source: Block BDRip', 'all', -50000);
INSERT OR REPLACE INTO quality_profile_custom_formats (quality_profile_name, custom_format_name, arr_type, score) VALUES ('Alex_C.T - 4K Plex Movies', '4K Source: Block WEBRip', 'all', -50000);
INSERT OR REPLACE INTO quality_profile_custom_formats (quality_profile_name, custom_format_name, arr_type, score) VALUES ('Alex_C.T - 4K Plex Movies', '4K: WEB-DL Preferred', 'all', 450);
INSERT OR REPLACE INTO quality_profile_custom_formats (quality_profile_name, custom_format_name, arr_type, score) VALUES ('Alex_C.T - 4K Plex Movies', '4K Audio: Block AAC-Only', 'all', -50000);
INSERT OR REPLACE INTO quality_profile_custom_formats (quality_profile_name, custom_format_name, arr_type, score) VALUES ('Alex_C.T - 4K Plex Movies', 'Edition: IMAX Enhanced', 'all', 400);
INSERT OR REPLACE INTO quality_profile_custom_formats (quality_profile_name, custom_format_name, arr_type, score) VALUES ('Alex_C.T - 4K Plex Movies', 'Edition: IMAX', 'all', 450);
INSERT OR REPLACE INTO quality_profile_custom_formats (quality_profile_name, custom_format_name, arr_type, score) VALUES ('Alex_C.T - 4K Plex Movies', '4K Gate: Block Missing 5.1+ Surround', 'all', -50000);
INSERT OR REPLACE INTO quality_profile_custom_formats (quality_profile_name, custom_format_name, arr_type, score) VALUES ('Alex_C.T - 4K Plex Movies', 'Edition: Anniversary Edition', 'all', 63);
INSERT OR REPLACE INTO quality_profile_custom_formats (quality_profile_name, custom_format_name, arr_type, score) VALUES ('Alex_C.T - 4K Plex Movies', 'Edition: Collector''s Edition', 'all', 63);
INSERT OR REPLACE INTO quality_profile_custom_formats (quality_profile_name, custom_format_name, arr_type, score) VALUES ('Alex_C.T - 4K Plex Movies', 'Edition: Special Edition', 'all', 88);
INSERT OR REPLACE INTO quality_profile_custom_formats (quality_profile_name, custom_format_name, arr_type, score) VALUES ('Alex_C.T - 4K Plex Movies', 'Edition: Fan Edit', 'all', -10000);
INSERT OR REPLACE INTO quality_profile_custom_formats (quality_profile_name, custom_format_name, arr_type, score) VALUES ('Alex_C.T - 4K Plex Movies', 'Release: Proper-Repack-Rerip', 'all', 125);
INSERT OR REPLACE INTO quality_profile_custom_formats (quality_profile_name, custom_format_name, arr_type, score) VALUES ('Alex_C.T - 4K Plex Movies', 'Edition: UpScale', 'all', -750);
INSERT OR REPLACE INTO quality_profile_custom_formats (quality_profile_name, custom_format_name, arr_type, score) VALUES ('Alex_C.T - 4K Plex Movies', 'Edition: Fan Restoration', 'all', -8000);
INSERT OR REPLACE INTO quality_profile_custom_formats (quality_profile_name, custom_format_name, arr_type, score) VALUES ('Alex_C.T - 4K Plex Movies', 'Edition: Unrated', 'all', 113);
INSERT OR REPLACE INTO quality_profile_custom_formats (quality_profile_name, custom_format_name, arr_type, score) VALUES ('Alex_C.T - 4K Plex Movies', 'Edition: New Transfer', 'all', 250);
INSERT OR REPLACE INTO quality_profile_custom_formats (quality_profile_name, custom_format_name, arr_type, score) VALUES ('Alex_C.T - 4K Plex Movies', 'Edition: StudioCanal', 'all', 75);
INSERT OR REPLACE INTO quality_profile_custom_formats (quality_profile_name, custom_format_name, arr_type, score) VALUES ('Alex_C.T - 4K Plex Movies', 'Edition: Shout Factory', 'all', 88);
INSERT OR REPLACE INTO quality_profile_custom_formats (quality_profile_name, custom_format_name, arr_type, score) VALUES ('Alex_C.T - 4K Plex Movies', 'Edition: Director''s Cut', 'all', 150);
INSERT OR REPLACE INTO quality_profile_custom_formats (quality_profile_name, custom_format_name, arr_type, score) VALUES ('Alex_C.T - 4K Plex Movies', 'Edition: Ultimate Cut', 'all', 138);
INSERT OR REPLACE INTO quality_profile_custom_formats (quality_profile_name, custom_format_name, arr_type, score) VALUES ('Alex_C.T - 4K Plex Movies', 'Edition: Extended', 'all', 138);
INSERT OR REPLACE INTO quality_profile_custom_formats (quality_profile_name, custom_format_name, arr_type, score) VALUES ('Alex_C.T - 4K Plex Movies', 'Edition: Final Cut', 'all', 150);
INSERT OR REPLACE INTO quality_profile_custom_formats (quality_profile_name, custom_format_name, arr_type, score) VALUES ('Alex_C.T - 4K Plex Movies', '4K: UHD BluRay Preferred', 'all', 675);
INSERT OR REPLACE INTO quality_profile_custom_formats (quality_profile_name, custom_format_name, arr_type, score) VALUES ('Alex_C.T - 4K Plex Movies', 'Codec: VVC-x266 Future', 'all', 2500);
INSERT OR REPLACE INTO quality_profile_custom_formats (quality_profile_name, custom_format_name, arr_type, score) VALUES ('Alex_C.T - 4K Plex Movies', 'Codec: AV1 Preferred', 'all', 3000);
INSERT OR REPLACE INTO quality_profile_custom_formats (quality_profile_name, custom_format_name, arr_type, score) VALUES ('Alex_C.T - 4K Plex Movies', 'Subtitles: Block Hardcoded-Burned-In', 'all', -50000);
INSERT OR REPLACE INTO quality_profile_custom_formats (quality_profile_name, custom_format_name, arr_type, score) VALUES ('Alex_C.T - 4K Plex Movies', 'Codec: HEVC-x265 Preferred', 'all', 3500);
INSERT OR REPLACE INTO quality_profile_custom_formats (quality_profile_name, custom_format_name, arr_type, score) VALUES ('Alex_C.T - 4K Plex Movies', 'HDR: Base HDR Bonus', 'all', 900);
INSERT OR REPLACE INTO quality_profile_custom_formats (quality_profile_name, custom_format_name, arr_type, score) VALUES ('Alex_C.T - 4K Plex Movies', 'Source: Block Remux-Raw Disk', 'all', -50000);
INSERT OR REPLACE INTO quality_profile_custom_formats (quality_profile_name, custom_format_name, arr_type, score) VALUES ('Alex_C.T - 4K Plex Movies', 'Codec: x264-H264 Fallback or Penalty', 'all', -10000);
INSERT OR REPLACE INTO quality_profile_custom_formats (quality_profile_name, custom_format_name, arr_type, score) VALUES ('Alex_C.T - 4K Plex Movies', 'Subtitles: Spanish Bonus', 'all', 50);
INSERT OR REPLACE INTO quality_profile_custom_formats (quality_profile_name, custom_format_name, arr_type, score) VALUES ('Alex_C.T - 4K Plex Movies', 'Language: Latino Spanish Fallback', 'all', 700);
INSERT OR REPLACE INTO quality_profile_custom_formats (quality_profile_name, custom_format_name, arr_type, score) VALUES ('Alex_C.T - 4K Plex Movies', 'Language: Spanish-Only Fallback', 'all', 1300);
INSERT OR REPLACE INTO quality_profile_custom_formats (quality_profile_name, custom_format_name, arr_type, score) VALUES ('Alex_C.T - 4K Plex Movies', 'Language: Prefer English + Spanish', 'all', 2500);
INSERT OR REPLACE INTO quality_profile_custom_formats (quality_profile_name, custom_format_name, arr_type, score) VALUES ('Alex_C.T - 4K Plex Movies', 'Language: Multi-Dual Audio Bonus', 'all', 900);
INSERT OR REPLACE INTO quality_profile_custom_formats (quality_profile_name, custom_format_name, arr_type, score) VALUES ('Alex_C.T - 4K Plex Movies', 'Subtitles: English Bonus', 'all', 75);
INSERT OR REPLACE INTO quality_profile_custom_formats (quality_profile_name, custom_format_name, arr_type, score) VALUES ('Alex_C.T - 4K Plex Movies', 'Subtitles: Prefer English + Spanish', 'all', 300);
INSERT OR REPLACE INTO quality_profile_custom_formats (quality_profile_name, custom_format_name, arr_type, score) VALUES ('Alex_C.T - 4K Plex Movies', 'Language: Block Other Languages', 'all', -50000);
INSERT OR REPLACE INTO quality_profile_custom_formats (quality_profile_name, custom_format_name, arr_type, score) VALUES ('Alex_C.T - 4K Plex Movies', 'Audio: 7.1 Bonus', 'all', 125);
INSERT OR REPLACE INTO quality_profile_custom_formats (quality_profile_name, custom_format_name, arr_type, score) VALUES ('Alex_C.T - 4K Plex Movies', 'Audio: 6.1 Bonus', 'all', 175);
INSERT OR REPLACE INTO quality_profile_custom_formats (quality_profile_name, custom_format_name, arr_type, score) VALUES ('Alex_C.T - 4K Plex Movies', 'Audio: EAC3-AC3 Preferred', 'all', 450);
INSERT OR REPLACE INTO quality_profile_custom_formats (quality_profile_name, custom_format_name, arr_type, score) VALUES ('Alex_C.T - 4K Plex Movies', 'Audio: Lossless Size Penalty', 'all', -250);
INSERT OR REPLACE INTO quality_profile_custom_formats (quality_profile_name, custom_format_name, arr_type, score) VALUES ('Alex_C.T - 4K Plex Movies', '4K: Efficient Encode Bonus', 'all', 1050);
INSERT OR REPLACE INTO quality_profile_custom_formats (quality_profile_name, custom_format_name, arr_type, score) VALUES ('Alex_C.T - 4K Plex Movies', '4K: HDR + Surround Preferred', 'all', 2600);
INSERT OR REPLACE INTO quality_profile_custom_formats (quality_profile_name, custom_format_name, arr_type, score) VALUES ('Alex_C.T - 4K Plex Movies', '4K: Block x264-H264', 'all', -50000);
INSERT OR REPLACE INTO quality_profile_custom_formats (quality_profile_name, custom_format_name, arr_type, score) VALUES ('Alex_C.T - 4K Plex Movies', 'Audio: Atmos Bonus', 'all', 700);
INSERT OR REPLACE INTO quality_profile_custom_formats (quality_profile_name, custom_format_name, arr_type, score) VALUES ('Alex_C.T - 4K Plex Movies', 'HDR: Dolby Vision + HDR Bonus', 'all', 900);
INSERT OR REPLACE INTO quality_profile_custom_formats (quality_profile_name, custom_format_name, arr_type, score) VALUES ('Alex_C.T - 4K Plex Movies', 'HDR: HDR10+ Bonus', 'all', 700);
INSERT OR REPLACE INTO quality_profile_custom_formats (quality_profile_name, custom_format_name, arr_type, score) VALUES ('Alex_C.T - 4K Plex Movies', 'HDR: HDR10 Bonus', 'all', 450);
INSERT OR REPLACE INTO quality_profile_custom_formats (quality_profile_name, custom_format_name, arr_type, score) VALUES ('Alex_C.T - 4K Plex Movies', 'HDR: Penalize SDR When HDR Expected', 'all', -4000);
INSERT OR REPLACE INTO quality_profile_custom_formats (quality_profile_name, custom_format_name, arr_type, score) VALUES ('Alex_C.T - 4K Plex Movies', 'Audio: 5.1 Surround Preferred', 'all', 600);
INSERT OR REPLACE INTO quality_profile_custom_formats (quality_profile_name, custom_format_name, arr_type, score) VALUES ('Alex_C.T - 4K Plex Movies', 'HDR: Dolby Vision Only Fallback', 'all', 550);
INSERT OR REPLACE INTO quality_profile_custom_formats (quality_profile_name, custom_format_name, arr_type, score) VALUES ('Alex_C.T - 4K Plex Movies', '4K Gate: Block Missing HDR', 'all', -50000);
INSERT OR REPLACE INTO quality_profiles (name, description, upgrades_allowed, minimum_custom_format_score, upgrade_until_score, upgrade_score_increment) VALUES ('Alex_C.T - Catalog 480p-1080p Plex Movies', 'Manual older-catalog movie profile for hard-to-find titles. Upgrade path climbs from 480p and DVD options through 720p to the 1080p target, while still scoring cleaner sources, efficient codecs, and better audio higher. Target rip quality: 7/10.', 1, 0, 11000, 125);
INSERT OR REPLACE INTO quality_profile_tags (quality_profile_name, tag_name) VALUES ('Alex_C.T - Catalog 480p-1080p Plex Movies', 'Radarr');
INSERT OR REPLACE INTO quality_profile_tags (quality_profile_name, tag_name) VALUES ('Alex_C.T - Catalog 480p-1080p Plex Movies', 'Movies');
INSERT OR REPLACE INTO quality_profile_tags (quality_profile_name, tag_name) VALUES ('Alex_C.T - Catalog 480p-1080p Plex Movies', '1080p');
INSERT OR REPLACE INTO quality_profile_tags (quality_profile_name, tag_name) VALUES ('Alex_C.T - Catalog 480p-1080p Plex Movies', 'Catalog');
INSERT OR REPLACE INTO quality_profile_qualities (quality_profile_name, quality_name, position, enabled, upgrade_until) VALUES ('Alex_C.T - Catalog 480p-1080p Plex Movies', 'Bluray-1080p', 1, 1, 1);
INSERT OR REPLACE INTO quality_groups (quality_profile_name, name) VALUES ('Alex_C.T - Catalog 480p-1080p Plex Movies', 'WEB 1080p');
INSERT OR REPLACE INTO quality_group_members (quality_profile_name, quality_group_name, quality_name) VALUES ('Alex_C.T - Catalog 480p-1080p Plex Movies', 'WEB 1080p', 'WEBDL-1080p');
INSERT OR REPLACE INTO quality_group_members (quality_profile_name, quality_group_name, quality_name) VALUES ('Alex_C.T - Catalog 480p-1080p Plex Movies', 'WEB 1080p', 'WEBRip-1080p');
INSERT OR REPLACE INTO quality_profile_qualities (quality_profile_name, quality_group_name, position, enabled, upgrade_until) VALUES ('Alex_C.T - Catalog 480p-1080p Plex Movies', 'WEB 1080p', 2, 1, 0);
INSERT OR REPLACE INTO quality_profile_qualities (quality_profile_name, quality_name, position, enabled, upgrade_until) VALUES ('Alex_C.T - Catalog 480p-1080p Plex Movies', 'Bluray-720p', 3, 1, 0);
INSERT OR REPLACE INTO quality_groups (quality_profile_name, name) VALUES ('Alex_C.T - Catalog 480p-1080p Plex Movies', 'WEB 720p');
INSERT OR REPLACE INTO quality_group_members (quality_profile_name, quality_group_name, quality_name) VALUES ('Alex_C.T - Catalog 480p-1080p Plex Movies', 'WEB 720p', 'WEBDL-720p');
INSERT OR REPLACE INTO quality_group_members (quality_profile_name, quality_group_name, quality_name) VALUES ('Alex_C.T - Catalog 480p-1080p Plex Movies', 'WEB 720p', 'WEBRip-720p');
INSERT OR REPLACE INTO quality_profile_qualities (quality_profile_name, quality_group_name, position, enabled, upgrade_until) VALUES ('Alex_C.T - Catalog 480p-1080p Plex Movies', 'WEB 720p', 4, 1, 0);
INSERT OR REPLACE INTO quality_profile_qualities (quality_profile_name, quality_name, position, enabled, upgrade_until) VALUES ('Alex_C.T - Catalog 480p-1080p Plex Movies', 'Bluray-576p', 5, 1, 0);
INSERT OR REPLACE INTO quality_profile_qualities (quality_profile_name, quality_name, position, enabled, upgrade_until) VALUES ('Alex_C.T - Catalog 480p-1080p Plex Movies', 'Bluray-480p', 6, 1, 0);
INSERT OR REPLACE INTO quality_groups (quality_profile_name, name) VALUES ('Alex_C.T - Catalog 480p-1080p Plex Movies', 'WEB 480p');
INSERT OR REPLACE INTO quality_group_members (quality_profile_name, quality_group_name, quality_name) VALUES ('Alex_C.T - Catalog 480p-1080p Plex Movies', 'WEB 480p', 'WEBDL-480p');
INSERT OR REPLACE INTO quality_group_members (quality_profile_name, quality_group_name, quality_name) VALUES ('Alex_C.T - Catalog 480p-1080p Plex Movies', 'WEB 480p', 'WEBRip-480p');
INSERT OR REPLACE INTO quality_profile_qualities (quality_profile_name, quality_group_name, position, enabled, upgrade_until) VALUES ('Alex_C.T - Catalog 480p-1080p Plex Movies', 'WEB 480p', 7, 1, 0);
INSERT OR REPLACE INTO quality_profile_qualities (quality_profile_name, quality_name, position, enabled, upgrade_until) VALUES ('Alex_C.T - Catalog 480p-1080p Plex Movies', 'DVD', 8, 1, 0);
INSERT OR REPLACE INTO quality_profile_custom_formats (quality_profile_name, custom_format_name, arr_type, score) VALUES ('Alex_C.T - Catalog 480p-1080p Plex Movies', '480p: BDRip Source', 'all', 25);
INSERT OR REPLACE INTO quality_profile_custom_formats (quality_profile_name, custom_format_name, arr_type, score) VALUES ('Alex_C.T - Catalog 480p-1080p Plex Movies', 'Edition: IMAX', 'all', 450);
INSERT OR REPLACE INTO quality_profile_custom_formats (quality_profile_name, custom_format_name, arr_type, score) VALUES ('Alex_C.T - Catalog 480p-1080p Plex Movies', '480p: WEB-DL Preferred', 'all', 50);
INSERT OR REPLACE INTO quality_profile_custom_formats (quality_profile_name, custom_format_name, arr_type, score) VALUES ('Alex_C.T - Catalog 480p-1080p Plex Movies', '480p: WEBRip Source', 'all', 13);
INSERT OR REPLACE INTO quality_profile_custom_formats (quality_profile_name, custom_format_name, arr_type, score) VALUES ('Alex_C.T - Catalog 480p-1080p Plex Movies', 'Edition: IMAX Enhanced', 'all', 400);
INSERT OR REPLACE INTO quality_profile_custom_formats (quality_profile_name, custom_format_name, arr_type, score) VALUES ('Alex_C.T - Catalog 480p-1080p Plex Movies', 'Edition: Expanded Ratio', 'all', 225);
INSERT OR REPLACE INTO quality_profile_custom_formats (quality_profile_name, custom_format_name, arr_type, score) VALUES ('Alex_C.T - Catalog 480p-1080p Plex Movies', 'Edition: Remastered', 'all', 325);
INSERT OR REPLACE INTO quality_profile_custom_formats (quality_profile_name, custom_format_name, arr_type, score) VALUES ('Alex_C.T - Catalog 480p-1080p Plex Movies', 'Edition: Open Matte', 'all', 250);
INSERT OR REPLACE INTO quality_profile_custom_formats (quality_profile_name, custom_format_name, arr_type, score) VALUES ('Alex_C.T - Catalog 480p-1080p Plex Movies', 'Edition: VAR', 'all', 250);
INSERT OR REPLACE INTO quality_profile_custom_formats (quality_profile_name, custom_format_name, arr_type, score) VALUES ('Alex_C.T - Catalog 480p-1080p Plex Movies', '576p: BluRay Preferred', 'all', 125);
INSERT OR REPLACE INTO quality_profile_custom_formats (quality_profile_name, custom_format_name, arr_type, score) VALUES ('Alex_C.T - Catalog 480p-1080p Plex Movies', '576p: WEB-DL Preferred', 'all', 50);
INSERT OR REPLACE INTO quality_profile_custom_formats (quality_profile_name, custom_format_name, arr_type, score) VALUES ('Alex_C.T - Catalog 480p-1080p Plex Movies', '576p: HDR + Surround Preferred', 'all', 125);
INSERT OR REPLACE INTO quality_profile_custom_formats (quality_profile_name, custom_format_name, arr_type, score) VALUES ('Alex_C.T - Catalog 480p-1080p Plex Movies', '576p: Efficient Encode Bonus', 'all', 88);
INSERT OR REPLACE INTO quality_profile_custom_formats (quality_profile_name, custom_format_name, arr_type, score) VALUES ('Alex_C.T - Catalog 480p-1080p Plex Movies', '576p: WEBRip Source', 'all', 13);
INSERT OR REPLACE INTO quality_profile_custom_formats (quality_profile_name, custom_format_name, arr_type, score) VALUES ('Alex_C.T - Catalog 480p-1080p Plex Movies', '480p: Efficient Encode Bonus', 'all', 63);
INSERT OR REPLACE INTO quality_profile_custom_formats (quality_profile_name, custom_format_name, arr_type, score) VALUES ('Alex_C.T - Catalog 480p-1080p Plex Movies', '480p: BluRay Preferred', 'all', 100);
INSERT OR REPLACE INTO quality_profile_custom_formats (quality_profile_name, custom_format_name, arr_type, score) VALUES ('Alex_C.T - Catalog 480p-1080p Plex Movies', '576p: BDRip Source', 'all', 25);
INSERT OR REPLACE INTO quality_profile_custom_formats (quality_profile_name, custom_format_name, arr_type, score) VALUES ('Alex_C.T - Catalog 480p-1080p Plex Movies', '480p: HDR + Surround Preferred', 'all', 100);
INSERT OR REPLACE INTO quality_profile_custom_formats (quality_profile_name, custom_format_name, arr_type, score) VALUES ('Alex_C.T - Catalog 480p-1080p Plex Movies', 'Edition: Restored', 'all', 300);
INSERT OR REPLACE INTO quality_profile_custom_formats (quality_profile_name, custom_format_name, arr_type, score) VALUES ('Alex_C.T - Catalog 480p-1080p Plex Movies', 'Edition: Special Edition', 'all', 88);
INSERT OR REPLACE INTO quality_profile_custom_formats (quality_profile_name, custom_format_name, arr_type, score) VALUES ('Alex_C.T - Catalog 480p-1080p Plex Movies', 'Edition: Collector''s Edition', 'all', 63);
INSERT OR REPLACE INTO quality_profile_custom_formats (quality_profile_name, custom_format_name, arr_type, score) VALUES ('Alex_C.T - Catalog 480p-1080p Plex Movies', 'Edition: Ultimate Cut', 'all', 138);
INSERT OR REPLACE INTO quality_profile_custom_formats (quality_profile_name, custom_format_name, arr_type, score) VALUES ('Alex_C.T - Catalog 480p-1080p Plex Movies', 'Edition: Unrated', 'all', 113);
INSERT OR REPLACE INTO quality_profile_custom_formats (quality_profile_name, custom_format_name, arr_type, score) VALUES ('Alex_C.T - Catalog 480p-1080p Plex Movies', 'Edition: Anniversary Edition', 'all', 63);
INSERT OR REPLACE INTO quality_profile_custom_formats (quality_profile_name, custom_format_name, arr_type, score) VALUES ('Alex_C.T - Catalog 480p-1080p Plex Movies', 'Edition: UpScale', 'all', -750);
INSERT OR REPLACE INTO quality_profile_custom_formats (quality_profile_name, custom_format_name, arr_type, score) VALUES ('Alex_C.T - Catalog 480p-1080p Plex Movies', 'Release: Proper-Repack-Rerip', 'all', 125);
INSERT OR REPLACE INTO quality_profile_custom_formats (quality_profile_name, custom_format_name, arr_type, score) VALUES ('Alex_C.T - Catalog 480p-1080p Plex Movies', 'Edition: Fan Edit', 'all', -10000);
INSERT OR REPLACE INTO quality_profile_custom_formats (quality_profile_name, custom_format_name, arr_type, score) VALUES ('Alex_C.T - Catalog 480p-1080p Plex Movies', 'Edition: Fan Restoration', 'all', -8000);
INSERT OR REPLACE INTO quality_profile_custom_formats (quality_profile_name, custom_format_name, arr_type, score) VALUES ('Alex_C.T - Catalog 480p-1080p Plex Movies', 'Edition: Arrow', 'all', 100);
INSERT OR REPLACE INTO quality_profile_custom_formats (quality_profile_name, custom_format_name, arr_type, score) VALUES ('Alex_C.T - Catalog 480p-1080p Plex Movies', 'Edition: Shout Factory', 'all', 88);
INSERT OR REPLACE INTO quality_profile_custom_formats (quality_profile_name, custom_format_name, arr_type, score) VALUES ('Alex_C.T - Catalog 480p-1080p Plex Movies', 'Edition: 4K Scan', 'all', 300);
INSERT OR REPLACE INTO quality_profile_custom_formats (quality_profile_name, custom_format_name, arr_type, score) VALUES ('Alex_C.T - Catalog 480p-1080p Plex Movies', 'Edition: Criterion', 'all', 250);
INSERT OR REPLACE INTO quality_profile_custom_formats (quality_profile_name, custom_format_name, arr_type, score) VALUES ('Alex_C.T - Catalog 480p-1080p Plex Movies', 'Edition: StudioCanal', 'all', 75);
INSERT OR REPLACE INTO quality_profile_custom_formats (quality_profile_name, custom_format_name, arr_type, score) VALUES ('Alex_C.T - Catalog 480p-1080p Plex Movies', 'Edition: Final Cut', 'all', 150);
INSERT OR REPLACE INTO quality_profile_custom_formats (quality_profile_name, custom_format_name, arr_type, score) VALUES ('Alex_C.T - Catalog 480p-1080p Plex Movies', 'Edition: Extended', 'all', 138);
INSERT OR REPLACE INTO quality_profile_custom_formats (quality_profile_name, custom_format_name, arr_type, score) VALUES ('Alex_C.T - Catalog 480p-1080p Plex Movies', 'Edition: New Transfer', 'all', 250);
INSERT OR REPLACE INTO quality_profile_custom_formats (quality_profile_name, custom_format_name, arr_type, score) VALUES ('Alex_C.T - Catalog 480p-1080p Plex Movies', 'Edition: Director''s Cut', 'all', 150);
INSERT OR REPLACE INTO quality_profile_custom_formats (quality_profile_name, custom_format_name, arr_type, score) VALUES ('Alex_C.T - Catalog 480p-1080p Plex Movies', 'Codec: HEVC-x265 Preferred', 'all', 3500);
INSERT OR REPLACE INTO quality_profile_custom_formats (quality_profile_name, custom_format_name, arr_type, score) VALUES ('Alex_C.T - Catalog 480p-1080p Plex Movies', 'Source: Block Remux-Raw Disk', 'all', -50000);
INSERT OR REPLACE INTO quality_profile_custom_formats (quality_profile_name, custom_format_name, arr_type, score) VALUES ('Alex_C.T - Catalog 480p-1080p Plex Movies', 'Codec: AV1 Preferred', 'all', 3000);
INSERT OR REPLACE INTO quality_profile_custom_formats (quality_profile_name, custom_format_name, arr_type, score) VALUES ('Alex_C.T - Catalog 480p-1080p Plex Movies', 'Codec: VVC-x266 Future', 'all', 2500);
INSERT OR REPLACE INTO quality_profile_custom_formats (quality_profile_name, custom_format_name, arr_type, score) VALUES ('Alex_C.T - Catalog 480p-1080p Plex Movies', 'HDR: Base HDR Bonus', 'all', 750);
INSERT OR REPLACE INTO quality_profile_custom_formats (quality_profile_name, custom_format_name, arr_type, score) VALUES ('Alex_C.T - Catalog 480p-1080p Plex Movies', 'HDR: Dolby Vision + HDR Bonus', 'all', 800);
INSERT OR REPLACE INTO quality_profile_custom_formats (quality_profile_name, custom_format_name, arr_type, score) VALUES ('Alex_C.T - Catalog 480p-1080p Plex Movies', 'HDR: Dolby Vision Only Fallback', 'all', 500);
INSERT OR REPLACE INTO quality_profile_custom_formats (quality_profile_name, custom_format_name, arr_type, score) VALUES ('Alex_C.T - Catalog 480p-1080p Plex Movies', 'HDR: HDR10 Bonus', 'all', 400);
INSERT OR REPLACE INTO quality_profile_custom_formats (quality_profile_name, custom_format_name, arr_type, score) VALUES ('Alex_C.T - Catalog 480p-1080p Plex Movies', 'HDR: HDR10+ Bonus', 'all', 600);
INSERT OR REPLACE INTO quality_profile_custom_formats (quality_profile_name, custom_format_name, arr_type, score) VALUES ('Alex_C.T - Catalog 480p-1080p Plex Movies', 'Language: Latino Spanish Fallback', 'all', 700);
INSERT OR REPLACE INTO quality_profile_custom_formats (quality_profile_name, custom_format_name, arr_type, score) VALUES ('Alex_C.T - Catalog 480p-1080p Plex Movies', 'Language: Multi-Dual Audio Bonus', 'all', 900);
INSERT OR REPLACE INTO quality_profile_custom_formats (quality_profile_name, custom_format_name, arr_type, score) VALUES ('Alex_C.T - Catalog 480p-1080p Plex Movies', 'Language: Prefer English + Spanish', 'all', 2500);
INSERT OR REPLACE INTO quality_profile_custom_formats (quality_profile_name, custom_format_name, arr_type, score) VALUES ('Alex_C.T - Catalog 480p-1080p Plex Movies', 'Language: Spanish-Only Fallback', 'all', 1300);
INSERT OR REPLACE INTO quality_profile_custom_formats (quality_profile_name, custom_format_name, arr_type, score) VALUES ('Alex_C.T - Catalog 480p-1080p Plex Movies', 'Language: Block Other Languages', 'all', -50000);
INSERT OR REPLACE INTO quality_profile_custom_formats (quality_profile_name, custom_format_name, arr_type, score) VALUES ('Alex_C.T - Catalog 480p-1080p Plex Movies', 'Subtitles: Spanish Bonus', 'all', 50);
INSERT OR REPLACE INTO quality_profile_custom_formats (quality_profile_name, custom_format_name, arr_type, score) VALUES ('Alex_C.T - Catalog 480p-1080p Plex Movies', 'Subtitles: Block Hardcoded-Burned-In', 'all', -50000);
INSERT OR REPLACE INTO quality_profile_custom_formats (quality_profile_name, custom_format_name, arr_type, score) VALUES ('Alex_C.T - Catalog 480p-1080p Plex Movies', 'Subtitles: Prefer English + Spanish', 'all', 300);
INSERT OR REPLACE INTO quality_profile_custom_formats (quality_profile_name, custom_format_name, arr_type, score) VALUES ('Alex_C.T - Catalog 480p-1080p Plex Movies', 'Subtitles: English Bonus', 'all', 75);
INSERT OR REPLACE INTO quality_profile_custom_formats (quality_profile_name, custom_format_name, arr_type, score) VALUES ('Alex_C.T - Catalog 480p-1080p Plex Movies', 'Audio: 5.1 Surround Preferred', 'all', 550);
INSERT OR REPLACE INTO quality_profile_custom_formats (quality_profile_name, custom_format_name, arr_type, score) VALUES ('Alex_C.T - Catalog 480p-1080p Plex Movies', '1080p: BDRip Source', 'all', 125);
INSERT OR REPLACE INTO quality_profile_custom_formats (quality_profile_name, custom_format_name, arr_type, score) VALUES ('Alex_C.T - Catalog 480p-1080p Plex Movies', '720p: HDR + Surround Preferred', 'all', 175);
INSERT OR REPLACE INTO quality_profile_custom_formats (quality_profile_name, custom_format_name, arr_type, score) VALUES ('Alex_C.T - Catalog 480p-1080p Plex Movies', '1080p: WEB-DL Preferred', 'all', 100);
INSERT OR REPLACE INTO quality_profile_custom_formats (quality_profile_name, custom_format_name, arr_type, score) VALUES ('Alex_C.T - Catalog 480p-1080p Plex Movies', '1080p: WEBRip Source', 'all', 50);
INSERT OR REPLACE INTO quality_profile_custom_formats (quality_profile_name, custom_format_name, arr_type, score) VALUES ('Alex_C.T - Catalog 480p-1080p Plex Movies', '720p: Efficient Encode Bonus', 'all', 125);
INSERT OR REPLACE INTO quality_profile_custom_formats (quality_profile_name, custom_format_name, arr_type, score) VALUES ('Alex_C.T - Catalog 480p-1080p Plex Movies', '720p: WEBRip Source', 'all', 25);
INSERT OR REPLACE INTO quality_profile_custom_formats (quality_profile_name, custom_format_name, arr_type, score) VALUES ('Alex_C.T - Catalog 480p-1080p Plex Movies', '720p: BDRip Source', 'all', 25);
INSERT OR REPLACE INTO quality_profile_custom_formats (quality_profile_name, custom_format_name, arr_type, score) VALUES ('Alex_C.T - Catalog 480p-1080p Plex Movies', '720p: BluRay Preferred', 'all', 150);
INSERT OR REPLACE INTO quality_profile_custom_formats (quality_profile_name, custom_format_name, arr_type, score) VALUES ('Alex_C.T - Catalog 480p-1080p Plex Movies', '720p: WEB-DL Preferred', 'all', 75);
INSERT OR REPLACE INTO quality_profile_custom_formats (quality_profile_name, custom_format_name, arr_type, score) VALUES ('Alex_C.T - Catalog 480p-1080p Plex Movies', 'Audio: 6.1 Bonus', 'all', 175);
INSERT OR REPLACE INTO quality_profile_custom_formats (quality_profile_name, custom_format_name, arr_type, score) VALUES ('Alex_C.T - Catalog 480p-1080p Plex Movies', 'Audio: 7.1 Bonus', 'all', 125);
INSERT OR REPLACE INTO quality_profile_custom_formats (quality_profile_name, custom_format_name, arr_type, score) VALUES ('Alex_C.T - Catalog 480p-1080p Plex Movies', 'Audio: Atmos Bonus', 'all', 600);
INSERT OR REPLACE INTO quality_profile_custom_formats (quality_profile_name, custom_format_name, arr_type, score) VALUES ('Alex_C.T - Catalog 480p-1080p Plex Movies', 'Audio: EAC3-AC3 Preferred', 'all', 400);
INSERT OR REPLACE INTO quality_profile_custom_formats (quality_profile_name, custom_format_name, arr_type, score) VALUES ('Alex_C.T - Catalog 480p-1080p Plex Movies', 'Audio: Lossless Size Penalty', 'all', -250);
INSERT OR REPLACE INTO quality_profile_custom_formats (quality_profile_name, custom_format_name, arr_type, score) VALUES ('Alex_C.T - Catalog 480p-1080p Plex Movies', '1080p: Efficient Encode Bonus', 'all', 150);
INSERT OR REPLACE INTO quality_profile_custom_formats (quality_profile_name, custom_format_name, arr_type, score) VALUES ('Alex_C.T - Catalog 480p-1080p Plex Movies', '1080p: BluRay Preferred', 'all', 200);
INSERT OR REPLACE INTO quality_profile_custom_formats (quality_profile_name, custom_format_name, arr_type, score) VALUES ('Alex_C.T - Catalog 480p-1080p Plex Movies', '1080p: UHD BluRay Source Bonus', 'all', 600);
INSERT OR REPLACE INTO quality_profile_custom_formats (quality_profile_name, custom_format_name, arr_type, score) VALUES ('Alex_C.T - Catalog 480p-1080p Plex Movies', '1080p: HDR + Surround Preferred', 'all', 250);
INSERT OR REPLACE INTO quality_profiles (name, description, upgrades_allowed, minimum_custom_format_score, upgrade_until_score, upgrade_score_increment) VALUES ('Alex_C.T - 4K Plex Series', 'Manual 4K Sonarr profile for shows that deserve the 2160p path. Profilarr ladder displays top-to-bottom as Bluray-2160p then WEBDL-2160p, with curated scoring for efficient HDR/Dolby Vision encodes, strong EN+ES/MULTI language handling, 5.1+ audio, and clean 4K sources. SDR 4K, 4K x264, weak 4K rips, AAC-only style 4K, Remux, and 4K without 5.1+ surround are blocked or heavily penalized. Target rip quality: 10/10.', 1, 1100, 16000, 125);
INSERT OR REPLACE INTO quality_profile_tags (quality_profile_name, tag_name) VALUES ('Alex_C.T - 4K Plex Series', 'Sonarr');
INSERT OR REPLACE INTO quality_profile_tags (quality_profile_name, tag_name) VALUES ('Alex_C.T - 4K Plex Series', 'Series');
INSERT OR REPLACE INTO quality_profile_tags (quality_profile_name, tag_name) VALUES ('Alex_C.T - 4K Plex Series', '4K');
INSERT OR REPLACE INTO quality_profile_qualities (quality_profile_name, quality_name, position, enabled, upgrade_until) VALUES ('Alex_C.T - 4K Plex Series', 'Bluray-2160p', 1, 1, 1);
INSERT OR REPLACE INTO quality_profile_qualities (quality_profile_name, quality_name, position, enabled, upgrade_until) VALUES ('Alex_C.T - 4K Plex Series', 'WEBDL-2160p', 2, 1, 0);
INSERT OR REPLACE INTO quality_profile_custom_formats (quality_profile_name, custom_format_name, arr_type, score) VALUES ('Alex_C.T - 4K Plex Series', 'Audio: Lossless Size Penalty', 'all', -250);
INSERT OR REPLACE INTO quality_profile_custom_formats (quality_profile_name, custom_format_name, arr_type, score) VALUES ('Alex_C.T - 4K Plex Series', 'Audio: 7.1 Bonus', 'all', 125);
INSERT OR REPLACE INTO quality_profile_custom_formats (quality_profile_name, custom_format_name, arr_type, score) VALUES ('Alex_C.T - 4K Plex Series', '4K: Block x264-H264', 'all', -50000);
INSERT OR REPLACE INTO quality_profile_custom_formats (quality_profile_name, custom_format_name, arr_type, score) VALUES ('Alex_C.T - 4K Plex Series', '4K: Efficient Encode Bonus', 'all', 1050);
INSERT OR REPLACE INTO quality_profile_custom_formats (quality_profile_name, custom_format_name, arr_type, score) VALUES ('Alex_C.T - 4K Plex Series', '4K: HDR + Surround Preferred', 'all', 2500);
INSERT OR REPLACE INTO quality_profile_custom_formats (quality_profile_name, custom_format_name, arr_type, score) VALUES ('Alex_C.T - 4K Plex Series', 'Audio: 5.1 Surround Preferred', 'all', 550);
INSERT OR REPLACE INTO quality_profile_custom_formats (quality_profile_name, custom_format_name, arr_type, score) VALUES ('Alex_C.T - 4K Plex Series', 'HDR: Dolby Vision Only Fallback', 'all', 500);
INSERT OR REPLACE INTO quality_profile_custom_formats (quality_profile_name, custom_format_name, arr_type, score) VALUES ('Alex_C.T - 4K Plex Series', 'Audio: Atmos Bonus', 'all', 600);
INSERT OR REPLACE INTO quality_profile_custom_formats (quality_profile_name, custom_format_name, arr_type, score) VALUES ('Alex_C.T - 4K Plex Series', 'Audio: 6.1 Bonus', 'all', 175);
INSERT OR REPLACE INTO quality_profile_custom_formats (quality_profile_name, custom_format_name, arr_type, score) VALUES ('Alex_C.T - 4K Plex Series', 'Audio: EAC3-AC3 Preferred', 'all', 400);
INSERT OR REPLACE INTO quality_profile_custom_formats (quality_profile_name, custom_format_name, arr_type, score) VALUES ('Alex_C.T - 4K Plex Series', 'Edition: Fan Edit', 'all', -10000);
INSERT OR REPLACE INTO quality_profile_custom_formats (quality_profile_name, custom_format_name, arr_type, score) VALUES ('Alex_C.T - 4K Plex Series', '4K Gate: Block Missing 5.1+ Surround', 'all', -50000);
INSERT OR REPLACE INTO quality_profile_custom_formats (quality_profile_name, custom_format_name, arr_type, score) VALUES ('Alex_C.T - 4K Plex Series', 'Edition: Fan Restoration', 'all', -8000);
INSERT OR REPLACE INTO quality_profile_custom_formats (quality_profile_name, custom_format_name, arr_type, score) VALUES ('Alex_C.T - 4K Plex Series', 'Release: Proper-Repack-Rerip', 'all', 125);
INSERT OR REPLACE INTO quality_profile_custom_formats (quality_profile_name, custom_format_name, arr_type, score) VALUES ('Alex_C.T - 4K Plex Series', 'Edition: UpScale', 'all', -750);
INSERT OR REPLACE INTO quality_profile_custom_formats (quality_profile_name, custom_format_name, arr_type, score) VALUES ('Alex_C.T - 4K Plex Series', '4K: WEB-DL Preferred', 'all', 425);
INSERT OR REPLACE INTO quality_profile_custom_formats (quality_profile_name, custom_format_name, arr_type, score) VALUES ('Alex_C.T - 4K Plex Series', '4K: UHD BluRay Preferred', 'all', 625);
INSERT OR REPLACE INTO quality_profile_custom_formats (quality_profile_name, custom_format_name, arr_type, score) VALUES ('Alex_C.T - 4K Plex Series', '4K Source: Block WEBRip', 'all', -50000);
INSERT OR REPLACE INTO quality_profile_custom_formats (quality_profile_name, custom_format_name, arr_type, score) VALUES ('Alex_C.T - 4K Plex Series', '4K Audio: Block AAC-Only', 'all', -50000);
INSERT OR REPLACE INTO quality_profile_custom_formats (quality_profile_name, custom_format_name, arr_type, score) VALUES ('Alex_C.T - 4K Plex Series', '4K Source: Block BDRip', 'all', -50000);
INSERT OR REPLACE INTO quality_profile_custom_formats (quality_profile_name, custom_format_name, arr_type, score) VALUES ('Alex_C.T - 4K Plex Series', 'Subtitles: English Bonus', 'all', 75);
INSERT OR REPLACE INTO quality_profile_custom_formats (quality_profile_name, custom_format_name, arr_type, score) VALUES ('Alex_C.T - 4K Plex Series', 'Subtitles: Prefer English + Spanish', 'all', 300);
INSERT OR REPLACE INTO quality_profile_custom_formats (quality_profile_name, custom_format_name, arr_type, score) VALUES ('Alex_C.T - 4K Plex Series', 'Subtitles: Spanish Bonus', 'all', 50);
INSERT OR REPLACE INTO quality_profile_custom_formats (quality_profile_name, custom_format_name, arr_type, score) VALUES ('Alex_C.T - 4K Plex Series', 'Codec: AV1 Preferred', 'all', 3000);
INSERT OR REPLACE INTO quality_profile_custom_formats (quality_profile_name, custom_format_name, arr_type, score) VALUES ('Alex_C.T - 4K Plex Series', 'Subtitles: Block Hardcoded-Burned-In', 'all', -50000);
INSERT OR REPLACE INTO quality_profile_custom_formats (quality_profile_name, custom_format_name, arr_type, score) VALUES ('Alex_C.T - 4K Plex Series', 'Language: Spanish-Only Fallback', 'all', 1300);
INSERT OR REPLACE INTO quality_profile_custom_formats (quality_profile_name, custom_format_name, arr_type, score) VALUES ('Alex_C.T - 4K Plex Series', 'Language: Prefer English + Spanish', 'all', 2500);
INSERT OR REPLACE INTO quality_profile_custom_formats (quality_profile_name, custom_format_name, arr_type, score) VALUES ('Alex_C.T - 4K Plex Series', 'Language: Latino Spanish Fallback', 'all', 700);
INSERT OR REPLACE INTO quality_profile_custom_formats (quality_profile_name, custom_format_name, arr_type, score) VALUES ('Alex_C.T - 4K Plex Series', 'Language: Block Other Languages', 'all', -50000);
INSERT OR REPLACE INTO quality_profile_custom_formats (quality_profile_name, custom_format_name, arr_type, score) VALUES ('Alex_C.T - 4K Plex Series', 'Language: Multi-Dual Audio Bonus', 'all', 900);
INSERT OR REPLACE INTO quality_profile_custom_formats (quality_profile_name, custom_format_name, arr_type, score) VALUES ('Alex_C.T - 4K Plex Series', 'HDR: HDR10+ Bonus', 'all', 600);
INSERT OR REPLACE INTO quality_profile_custom_formats (quality_profile_name, custom_format_name, arr_type, score) VALUES ('Alex_C.T - 4K Plex Series', 'HDR: HDR10 Bonus', 'all', 400);
INSERT OR REPLACE INTO quality_profile_custom_formats (quality_profile_name, custom_format_name, arr_type, score) VALUES ('Alex_C.T - 4K Plex Series', 'HDR: Dolby Vision + HDR Bonus', 'all', 800);
INSERT OR REPLACE INTO quality_profile_custom_formats (quality_profile_name, custom_format_name, arr_type, score) VALUES ('Alex_C.T - 4K Plex Series', '4K Gate: Block Missing HDR', 'all', -50000);
INSERT OR REPLACE INTO quality_profile_custom_formats (quality_profile_name, custom_format_name, arr_type, score) VALUES ('Alex_C.T - 4K Plex Series', 'HDR: Penalize SDR When HDR Expected', 'all', -50000);
INSERT OR REPLACE INTO quality_profile_custom_formats (quality_profile_name, custom_format_name, arr_type, score) VALUES ('Alex_C.T - 4K Plex Series', 'Codec: HEVC-x265 Preferred', 'all', 3500);
INSERT OR REPLACE INTO quality_profile_custom_formats (quality_profile_name, custom_format_name, arr_type, score) VALUES ('Alex_C.T - 4K Plex Series', 'Codec: VVC-x266 Future', 'all', 2500);
INSERT OR REPLACE INTO quality_profile_custom_formats (quality_profile_name, custom_format_name, arr_type, score) VALUES ('Alex_C.T - 4K Plex Series', 'Codec: x264-H264 Fallback or Penalty', 'all', -10000);
INSERT OR REPLACE INTO quality_profile_custom_formats (quality_profile_name, custom_format_name, arr_type, score) VALUES ('Alex_C.T - 4K Plex Series', 'HDR: Base HDR Bonus', 'all', 750);
INSERT OR REPLACE INTO quality_profile_custom_formats (quality_profile_name, custom_format_name, arr_type, score) VALUES ('Alex_C.T - 4K Plex Series', 'Source: Block Remux-Raw Disk', 'all', -50000);
INSERT OR REPLACE INTO quality_profiles (name, description, upgrades_allowed, minimum_custom_format_score, upgrade_until_score, upgrade_score_increment) VALUES ('Alex_C.T - Catalog 480p-1080p Plex Series', 'Manual relaxed Sonarr catalog profile for older or hard-to-find series. Upgrade path can start at 480p/DVD/720p and climb to compressed Bluray-1080p, while still applying softer Spanish-friendly, codec, HDR, and audio bias. Target rip quality: 7/10.', 1, 0, 13000, 125);
INSERT OR REPLACE INTO quality_profile_tags (quality_profile_name, tag_name) VALUES ('Alex_C.T - Catalog 480p-1080p Plex Series', 'Sonarr');
INSERT OR REPLACE INTO quality_profile_tags (quality_profile_name, tag_name) VALUES ('Alex_C.T - Catalog 480p-1080p Plex Series', 'Series');
INSERT OR REPLACE INTO quality_profile_tags (quality_profile_name, tag_name) VALUES ('Alex_C.T - Catalog 480p-1080p Plex Series', '1080p');
INSERT OR REPLACE INTO quality_profile_tags (quality_profile_name, tag_name) VALUES ('Alex_C.T - Catalog 480p-1080p Plex Series', 'Catalog');
INSERT OR REPLACE INTO quality_profile_qualities (quality_profile_name, quality_name, position, enabled, upgrade_until) VALUES ('Alex_C.T - Catalog 480p-1080p Plex Series', 'Bluray-1080p', 1, 1, 1);
INSERT OR REPLACE INTO quality_groups (quality_profile_name, name) VALUES ('Alex_C.T - Catalog 480p-1080p Plex Series', 'WEB 1080p');
INSERT OR REPLACE INTO quality_group_members (quality_profile_name, quality_group_name, quality_name) VALUES ('Alex_C.T - Catalog 480p-1080p Plex Series', 'WEB 1080p', 'WEBDL-1080p');
INSERT OR REPLACE INTO quality_group_members (quality_profile_name, quality_group_name, quality_name) VALUES ('Alex_C.T - Catalog 480p-1080p Plex Series', 'WEB 1080p', 'WEBRip-1080p');
INSERT OR REPLACE INTO quality_profile_qualities (quality_profile_name, quality_group_name, position, enabled, upgrade_until) VALUES ('Alex_C.T - Catalog 480p-1080p Plex Series', 'WEB 1080p', 2, 1, 0);
INSERT OR REPLACE INTO quality_profile_qualities (quality_profile_name, quality_name, position, enabled, upgrade_until) VALUES ('Alex_C.T - Catalog 480p-1080p Plex Series', 'Bluray-720p', 3, 1, 0);
INSERT OR REPLACE INTO quality_groups (quality_profile_name, name) VALUES ('Alex_C.T - Catalog 480p-1080p Plex Series', 'WEB 720p');
INSERT OR REPLACE INTO quality_group_members (quality_profile_name, quality_group_name, quality_name) VALUES ('Alex_C.T - Catalog 480p-1080p Plex Series', 'WEB 720p', 'WEBDL-720p');
INSERT OR REPLACE INTO quality_group_members (quality_profile_name, quality_group_name, quality_name) VALUES ('Alex_C.T - Catalog 480p-1080p Plex Series', 'WEB 720p', 'WEBRip-720p');
INSERT OR REPLACE INTO quality_profile_qualities (quality_profile_name, quality_group_name, position, enabled, upgrade_until) VALUES ('Alex_C.T - Catalog 480p-1080p Plex Series', 'WEB 720p', 4, 1, 0);
INSERT OR REPLACE INTO quality_profile_qualities (quality_profile_name, quality_name, position, enabled, upgrade_until) VALUES ('Alex_C.T - Catalog 480p-1080p Plex Series', 'HDTV-720p', 5, 1, 0);
INSERT OR REPLACE INTO quality_profile_qualities (quality_profile_name, quality_name, position, enabled, upgrade_until) VALUES ('Alex_C.T - Catalog 480p-1080p Plex Series', 'Bluray-576p', 6, 1, 0);
INSERT OR REPLACE INTO quality_profile_qualities (quality_profile_name, quality_name, position, enabled, upgrade_until) VALUES ('Alex_C.T - Catalog 480p-1080p Plex Series', 'Bluray-480p', 7, 1, 0);
INSERT OR REPLACE INTO quality_profile_qualities (quality_profile_name, quality_name, position, enabled, upgrade_until) VALUES ('Alex_C.T - Catalog 480p-1080p Plex Series', 'DVD', 8, 1, 0);
INSERT OR REPLACE INTO quality_groups (quality_profile_name, name) VALUES ('Alex_C.T - Catalog 480p-1080p Plex Series', 'WEB 480p');
INSERT OR REPLACE INTO quality_group_members (quality_profile_name, quality_group_name, quality_name) VALUES ('Alex_C.T - Catalog 480p-1080p Plex Series', 'WEB 480p', 'WEBDL-480p');
INSERT OR REPLACE INTO quality_group_members (quality_profile_name, quality_group_name, quality_name) VALUES ('Alex_C.T - Catalog 480p-1080p Plex Series', 'WEB 480p', 'WEBRip-480p');
INSERT OR REPLACE INTO quality_profile_qualities (quality_profile_name, quality_group_name, position, enabled, upgrade_until) VALUES ('Alex_C.T - Catalog 480p-1080p Plex Series', 'WEB 480p', 9, 1, 0);
INSERT OR REPLACE INTO quality_profile_custom_formats (quality_profile_name, custom_format_name, arr_type, score) VALUES ('Alex_C.T - Catalog 480p-1080p Plex Series', '720p: WEBRip Source', 'all', 50);
INSERT OR REPLACE INTO quality_profile_custom_formats (quality_profile_name, custom_format_name, arr_type, score) VALUES ('Alex_C.T - Catalog 480p-1080p Plex Series', '720p: WEB-DL Preferred', 'all', 200);
INSERT OR REPLACE INTO quality_profile_custom_formats (quality_profile_name, custom_format_name, arr_type, score) VALUES ('Alex_C.T - Catalog 480p-1080p Plex Series', '720p: BluRay Preferred', 'all', 400);
INSERT OR REPLACE INTO quality_profile_custom_formats (quality_profile_name, custom_format_name, arr_type, score) VALUES ('Alex_C.T - Catalog 480p-1080p Plex Series', '576p: Efficient Encode Bonus', 'all', 100);
INSERT OR REPLACE INTO quality_profile_custom_formats (quality_profile_name, custom_format_name, arr_type, score) VALUES ('Alex_C.T - Catalog 480p-1080p Plex Series', '576p: HDR + Surround Preferred', 'all', 175);
INSERT OR REPLACE INTO quality_profile_custom_formats (quality_profile_name, custom_format_name, arr_type, score) VALUES ('Alex_C.T - Catalog 480p-1080p Plex Series', '720p: BDRip Source', 'all', 38);
INSERT OR REPLACE INTO quality_profile_custom_formats (quality_profile_name, custom_format_name, arr_type, score) VALUES ('Alex_C.T - Catalog 480p-1080p Plex Series', '720p: Efficient Encode Bonus', 'all', 300);
INSERT OR REPLACE INTO quality_profile_custom_formats (quality_profile_name, custom_format_name, arr_type, score) VALUES ('Alex_C.T - Catalog 480p-1080p Plex Series', '1080p: WEB-DL Preferred', 'all', 250);
INSERT OR REPLACE INTO quality_profile_custom_formats (quality_profile_name, custom_format_name, arr_type, score) VALUES ('Alex_C.T - Catalog 480p-1080p Plex Series', '1080p: BluRay Preferred', 'all', 500);
INSERT OR REPLACE INTO quality_profile_custom_formats (quality_profile_name, custom_format_name, arr_type, score) VALUES ('Alex_C.T - Catalog 480p-1080p Plex Series', '1080p: Efficient Encode Bonus', 'all', 600);
INSERT OR REPLACE INTO quality_profile_custom_formats (quality_profile_name, custom_format_name, arr_type, score) VALUES ('Alex_C.T - Catalog 480p-1080p Plex Series', '720p: HDR + Surround Preferred', 'all', 900);
INSERT OR REPLACE INTO quality_profile_custom_formats (quality_profile_name, custom_format_name, arr_type, score) VALUES ('Alex_C.T - Catalog 480p-1080p Plex Series', '1080p: BDRip Source', 'all', 125);
INSERT OR REPLACE INTO quality_profile_custom_formats (quality_profile_name, custom_format_name, arr_type, score) VALUES ('Alex_C.T - Catalog 480p-1080p Plex Series', '1080p: WEBRip Source', 'all', 75);
INSERT OR REPLACE INTO quality_profile_custom_formats (quality_profile_name, custom_format_name, arr_type, score) VALUES ('Alex_C.T - Catalog 480p-1080p Plex Series', '576p: BluRay Preferred', 'all', 150);
INSERT OR REPLACE INTO quality_profile_custom_formats (quality_profile_name, custom_format_name, arr_type, score) VALUES ('Alex_C.T - Catalog 480p-1080p Plex Series', 'Edition: Fan Edit', 'all', -10000);
INSERT OR REPLACE INTO quality_profile_custom_formats (quality_profile_name, custom_format_name, arr_type, score) VALUES ('Alex_C.T - Catalog 480p-1080p Plex Series', '480p: BDRip Source', 'all', 25);
INSERT OR REPLACE INTO quality_profile_custom_formats (quality_profile_name, custom_format_name, arr_type, score) VALUES ('Alex_C.T - Catalog 480p-1080p Plex Series', '480p: WEBRip Source', 'all', 25);
INSERT OR REPLACE INTO quality_profile_custom_formats (quality_profile_name, custom_format_name, arr_type, score) VALUES ('Alex_C.T - Catalog 480p-1080p Plex Series', 'Release: Proper-Repack-Rerip', 'all', 125);
INSERT OR REPLACE INTO quality_profile_custom_formats (quality_profile_name, custom_format_name, arr_type, score) VALUES ('Alex_C.T - Catalog 480p-1080p Plex Series', 'Edition: UpScale', 'all', -750);
INSERT OR REPLACE INTO quality_profile_custom_formats (quality_profile_name, custom_format_name, arr_type, score) VALUES ('Alex_C.T - Catalog 480p-1080p Plex Series', 'Edition: Fan Restoration', 'all', -8000);
INSERT OR REPLACE INTO quality_profile_custom_formats (quality_profile_name, custom_format_name, arr_type, score) VALUES ('Alex_C.T - Catalog 480p-1080p Plex Series', '480p: WEB-DL Preferred', 'all', 50);
INSERT OR REPLACE INTO quality_profile_custom_formats (quality_profile_name, custom_format_name, arr_type, score) VALUES ('Alex_C.T - Catalog 480p-1080p Plex Series', '576p: BDRip Source', 'all', 25);
INSERT OR REPLACE INTO quality_profile_custom_formats (quality_profile_name, custom_format_name, arr_type, score) VALUES ('Alex_C.T - Catalog 480p-1080p Plex Series', '576p: WEBRip Source', 'all', 25);
INSERT OR REPLACE INTO quality_profile_custom_formats (quality_profile_name, custom_format_name, arr_type, score) VALUES ('Alex_C.T - Catalog 480p-1080p Plex Series', '576p: WEB-DL Preferred', 'all', 50);
INSERT OR REPLACE INTO quality_profile_custom_formats (quality_profile_name, custom_format_name, arr_type, score) VALUES ('Alex_C.T - Catalog 480p-1080p Plex Series', '480p: BluRay Preferred', 'all', 100);
INSERT OR REPLACE INTO quality_profile_custom_formats (quality_profile_name, custom_format_name, arr_type, score) VALUES ('Alex_C.T - Catalog 480p-1080p Plex Series', '480p: Efficient Encode Bonus', 'all', 75);
INSERT OR REPLACE INTO quality_profile_custom_formats (quality_profile_name, custom_format_name, arr_type, score) VALUES ('Alex_C.T - Catalog 480p-1080p Plex Series', '480p: HDR + Surround Preferred', 'all', 125);
INSERT OR REPLACE INTO quality_profile_custom_formats (quality_profile_name, custom_format_name, arr_type, score) VALUES ('Alex_C.T - Catalog 480p-1080p Plex Series', 'Codec: AV1 Preferred', 'all', 3000);
INSERT OR REPLACE INTO quality_profile_custom_formats (quality_profile_name, custom_format_name, arr_type, score) VALUES ('Alex_C.T - Catalog 480p-1080p Plex Series', 'Subtitles: Block Hardcoded-Burned-In', 'all', -50000);
INSERT OR REPLACE INTO quality_profile_custom_formats (quality_profile_name, custom_format_name, arr_type, score) VALUES ('Alex_C.T - Catalog 480p-1080p Plex Series', 'Subtitles: Spanish Bonus', 'all', 50);
INSERT OR REPLACE INTO quality_profile_custom_formats (quality_profile_name, custom_format_name, arr_type, score) VALUES ('Alex_C.T - Catalog 480p-1080p Plex Series', 'Source: Block Remux-Raw Disk', 'all', -50000);
INSERT OR REPLACE INTO quality_profile_custom_formats (quality_profile_name, custom_format_name, arr_type, score) VALUES ('Alex_C.T - Catalog 480p-1080p Plex Series', 'Codec: HEVC-x265 Preferred', 'all', 3500);
INSERT OR REPLACE INTO quality_profile_custom_formats (quality_profile_name, custom_format_name, arr_type, score) VALUES ('Alex_C.T - Catalog 480p-1080p Plex Series', 'Codec: VVC-x266 Future', 'all', 2500);
INSERT OR REPLACE INTO quality_profile_custom_formats (quality_profile_name, custom_format_name, arr_type, score) VALUES ('Alex_C.T - Catalog 480p-1080p Plex Series', 'Subtitles: English Bonus', 'all', 75);
INSERT OR REPLACE INTO quality_profile_custom_formats (quality_profile_name, custom_format_name, arr_type, score) VALUES ('Alex_C.T - Catalog 480p-1080p Plex Series', 'Language: Latino Spanish Fallback', 'all', 700);
INSERT OR REPLACE INTO quality_profile_custom_formats (quality_profile_name, custom_format_name, arr_type, score) VALUES ('Alex_C.T - Catalog 480p-1080p Plex Series', 'Language: Spanish-Only Fallback', 'all', 1300);
INSERT OR REPLACE INTO quality_profile_custom_formats (quality_profile_name, custom_format_name, arr_type, score) VALUES ('Alex_C.T - Catalog 480p-1080p Plex Series', 'Language: Prefer English + Spanish', 'all', 2500);
INSERT OR REPLACE INTO quality_profile_custom_formats (quality_profile_name, custom_format_name, arr_type, score) VALUES ('Alex_C.T - Catalog 480p-1080p Plex Series', 'Subtitles: Prefer English + Spanish', 'all', 300);
INSERT OR REPLACE INTO quality_profile_custom_formats (quality_profile_name, custom_format_name, arr_type, score) VALUES ('Alex_C.T - Catalog 480p-1080p Plex Series', 'Language: Block Other Languages', 'all', -50000);
INSERT OR REPLACE INTO quality_profile_custom_formats (quality_profile_name, custom_format_name, arr_type, score) VALUES ('Alex_C.T - Catalog 480p-1080p Plex Series', 'Language: Multi-Dual Audio Bonus', 'all', 900);
INSERT OR REPLACE INTO quality_profile_custom_formats (quality_profile_name, custom_format_name, arr_type, score) VALUES ('Alex_C.T - Catalog 480p-1080p Plex Series', 'HDR: Base HDR Bonus', 'all', 750);
INSERT OR REPLACE INTO quality_profile_custom_formats (quality_profile_name, custom_format_name, arr_type, score) VALUES ('Alex_C.T - Catalog 480p-1080p Plex Series', 'Audio: 7.1 Bonus', 'all', 125);
INSERT OR REPLACE INTO quality_profile_custom_formats (quality_profile_name, custom_format_name, arr_type, score) VALUES ('Alex_C.T - Catalog 480p-1080p Plex Series', 'Audio: 6.1 Bonus', 'all', 175);
INSERT OR REPLACE INTO quality_profile_custom_formats (quality_profile_name, custom_format_name, arr_type, score) VALUES ('Alex_C.T - Catalog 480p-1080p Plex Series', 'Audio: EAC3-AC3 Preferred', 'all', 400);
INSERT OR REPLACE INTO quality_profile_custom_formats (quality_profile_name, custom_format_name, arr_type, score) VALUES ('Alex_C.T - Catalog 480p-1080p Plex Series', '1080p: HDR + Surround Preferred', 'all', 2250);
INSERT OR REPLACE INTO quality_profile_custom_formats (quality_profile_name, custom_format_name, arr_type, score) VALUES ('Alex_C.T - Catalog 480p-1080p Plex Series', '1080p: UHD BluRay Source Bonus', 'all', 600);
INSERT OR REPLACE INTO quality_profile_custom_formats (quality_profile_name, custom_format_name, arr_type, score) VALUES ('Alex_C.T - Catalog 480p-1080p Plex Series', 'Audio: Lossless Size Penalty', 'all', -250);
INSERT OR REPLACE INTO quality_profile_custom_formats (quality_profile_name, custom_format_name, arr_type, score) VALUES ('Alex_C.T - Catalog 480p-1080p Plex Series', 'Audio: Atmos Bonus', 'all', 600);
INSERT OR REPLACE INTO quality_profile_custom_formats (quality_profile_name, custom_format_name, arr_type, score) VALUES ('Alex_C.T - Catalog 480p-1080p Plex Series', 'HDR: Dolby Vision + HDR Bonus', 'all', 800);
INSERT OR REPLACE INTO quality_profile_custom_formats (quality_profile_name, custom_format_name, arr_type, score) VALUES ('Alex_C.T - Catalog 480p-1080p Plex Series', 'HDR: HDR10+ Bonus', 'all', 600);
INSERT OR REPLACE INTO quality_profile_custom_formats (quality_profile_name, custom_format_name, arr_type, score) VALUES ('Alex_C.T - Catalog 480p-1080p Plex Series', 'HDR: HDR10 Bonus', 'all', 400);
INSERT OR REPLACE INTO quality_profile_custom_formats (quality_profile_name, custom_format_name, arr_type, score) VALUES ('Alex_C.T - Catalog 480p-1080p Plex Series', 'Audio: 5.1 Surround Preferred', 'all', 550);
INSERT OR REPLACE INTO quality_profile_custom_formats (quality_profile_name, custom_format_name, arr_type, score) VALUES ('Alex_C.T - Catalog 480p-1080p Plex Series', 'HDR: Dolby Vision Only Fallback', 'all', 500);
INSERT OR REPLACE INTO quality_profile_custom_formats (quality_profile_name, custom_format_name, arr_type, score) VALUES ('Alex_C.T - Catalog 480p-1080p Plex Series', 'HDR: Penalize SDR When HDR Expected', 'all', -500);
