-- Alex_C.T modular Profilarr v2 PCD operations.
-- 12: Optional movie size bands and series tiny-release helpers.
-- Requires 01 through 09. No size helper is attached to a default profile.

INSERT OR REPLACE INTO regular_expressions (name, pattern, description) VALUES ('Size Guard: 1080p Only Marker', '(?i)^(?=.*\b1080p\b)(?!.*\b(?:2160p|4k)\b).*$', 'Matches 1080p releases while excluding true 2160p or 4K releases.');
INSERT OR REPLACE INTO regular_expression_tags (regular_expression_name, tag_name) VALUES ('Size Guard: 1080p Only Marker', 'Size Guards');
INSERT OR REPLACE INTO regular_expressions (name, pattern, description) VALUES ('Size Guard: 4K Marker', '(?i)^(?=.*\b(?:2160p|4k)\b).*$','Matches releases tagged as 2160p or 4K.');
INSERT OR REPLACE INTO regular_expression_tags (regular_expression_name, tag_name) VALUES ('Size Guard: 4K Marker', 'Size Guards');
INSERT OR REPLACE INTO custom_formats (name, description, include_in_rename) VALUES ('Size Band: 1080p Compact Eligible', 'Optional helper for compact 1080p movie profiles. Matches 1080p releases between about 3.5 GiB and 12 GiB so compact profiles stay in their intended size lane.', 0);
INSERT OR REPLACE INTO custom_format_tags (custom_format_name, tag_name) VALUES ('Size Band: 1080p Compact Eligible', 'Size Bands');
INSERT OR REPLACE INTO custom_format_tags (custom_format_name, tag_name) VALUES ('Size Band: 1080p Compact Eligible', 'Movie Size Guards');
INSERT OR REPLACE INTO custom_format_tags (custom_format_name, tag_name) VALUES ('Size Band: 1080p Compact Eligible', 'Compact');
INSERT OR REPLACE INTO custom_format_conditions (custom_format_name, name, type, arr_type, negate, required) VALUES ('Size Band: 1080p Compact Eligible', '1080p marker', 'release_title', 'all', 0, 1);
INSERT OR REPLACE INTO condition_patterns (custom_format_name, condition_name, regular_expression_name) VALUES ('Size Band: 1080p Compact Eligible', '1080p marker', 'Size Guard: 1080p Only Marker');
INSERT OR REPLACE INTO custom_format_conditions (custom_format_name, name, type, arr_type, negate, required) VALUES ('Size Band: 1080p Compact Eligible', '3.5 GiB to 12 GiB', 'size', 'all', 0, 1);
INSERT OR REPLACE INTO condition_sizes (custom_format_name, condition_name, min_bytes, max_bytes) VALUES ('Size Band: 1080p Compact Eligible', '3.5 GiB to 12 GiB', 3758096384, 12884901888);
INSERT OR REPLACE INTO custom_formats (name, description, include_in_rename) VALUES ('Size Band: 1080p Premium Eligible', 'Optional helper for premium 1080p movie profiles. Matches 1080p releases between about 7.5 GiB and 24 GiB so the premium lane can stay closer to remux-sized encodes without turning fully remux-first.', 0);
INSERT OR REPLACE INTO custom_format_tags (custom_format_name, tag_name) VALUES ('Size Band: 1080p Premium Eligible', 'Size Bands');
INSERT OR REPLACE INTO custom_format_tags (custom_format_name, tag_name) VALUES ('Size Band: 1080p Premium Eligible', 'Movie Size Guards');
INSERT OR REPLACE INTO custom_format_tags (custom_format_name, tag_name) VALUES ('Size Band: 1080p Premium Eligible', 'Premium');
INSERT OR REPLACE INTO custom_format_conditions (custom_format_name, name, type, arr_type, negate, required) VALUES ('Size Band: 1080p Premium Eligible', '1080p marker', 'release_title', 'all', 0, 1);
INSERT OR REPLACE INTO condition_patterns (custom_format_name, condition_name, regular_expression_name) VALUES ('Size Band: 1080p Premium Eligible', '1080p marker', 'Size Guard: 1080p Only Marker');
INSERT OR REPLACE INTO custom_format_conditions (custom_format_name, name, type, arr_type, negate, required) VALUES ('Size Band: 1080p Premium Eligible', '7.5 GiB to 24 GiB', 'size', 'all', 0, 1);
INSERT OR REPLACE INTO condition_sizes (custom_format_name, condition_name, min_bytes, max_bytes) VALUES ('Size Band: 1080p Premium Eligible', '7.5 GiB to 24 GiB', 8053063680, 25769803776);
INSERT OR REPLACE INTO custom_formats (name, description, include_in_rename) VALUES ('Size Band: 1080p Remux Eligible', 'Optional helper for remux-first 1080p movie profiles. Matches 1080p releases between about 18 GiB and 400 GiB so the remux lane stays open to true remuxes and very large premium encodes without relying on an open-ended size condition.', 0);
INSERT OR REPLACE INTO custom_format_tags (custom_format_name, tag_name) VALUES ('Size Band: 1080p Remux Eligible', 'Size Bands');
INSERT OR REPLACE INTO custom_format_tags (custom_format_name, tag_name) VALUES ('Size Band: 1080p Remux Eligible', 'Movie Size Guards');
INSERT OR REPLACE INTO custom_format_tags (custom_format_name, tag_name) VALUES ('Size Band: 1080p Remux Eligible', 'Remux');
INSERT OR REPLACE INTO custom_format_conditions (custom_format_name, name, type, arr_type, negate, required) VALUES ('Size Band: 1080p Remux Eligible', '1080p marker', 'release_title', 'all', 0, 1);
INSERT OR REPLACE INTO condition_patterns (custom_format_name, condition_name, regular_expression_name) VALUES ('Size Band: 1080p Remux Eligible', '1080p marker', 'Size Guard: 1080p Only Marker');
INSERT OR REPLACE INTO custom_format_conditions (custom_format_name, name, type, arr_type, negate, required) VALUES ('Size Band: 1080p Remux Eligible', '18 GiB to 400 GiB', 'size', 'all', 0, 1);
INSERT OR REPLACE INTO condition_sizes (custom_format_name, condition_name, min_bytes, max_bytes) VALUES ('Size Band: 1080p Remux Eligible', '18 GiB to 400 GiB', 19327352832, 429496729600);
INSERT OR REPLACE INTO custom_formats (name, description, include_in_rename) VALUES ('Size Band: 4K Compact Eligible', 'Optional helper for compact 4K movie profiles. Matches 2160p or 4K releases between about 8 GiB and 22 GiB so compact 4K stays noticeably leaner than the premium and remux lanes.', 0);
INSERT OR REPLACE INTO custom_format_tags (custom_format_name, tag_name) VALUES ('Size Band: 4K Compact Eligible', 'Size Bands');
INSERT OR REPLACE INTO custom_format_tags (custom_format_name, tag_name) VALUES ('Size Band: 4K Compact Eligible', 'Movie Size Guards');
INSERT OR REPLACE INTO custom_format_tags (custom_format_name, tag_name) VALUES ('Size Band: 4K Compact Eligible', 'Compact');
INSERT OR REPLACE INTO custom_format_conditions (custom_format_name, name, type, arr_type, negate, required) VALUES ('Size Band: 4K Compact Eligible', '4K marker', 'release_title', 'all', 0, 1);
INSERT OR REPLACE INTO condition_patterns (custom_format_name, condition_name, regular_expression_name) VALUES ('Size Band: 4K Compact Eligible', '4K marker', 'Size Guard: 4K Marker');
INSERT OR REPLACE INTO custom_format_conditions (custom_format_name, name, type, arr_type, negate, required) VALUES ('Size Band: 4K Compact Eligible', '8 GiB to 22 GiB', 'size', 'all', 0, 1);
INSERT OR REPLACE INTO condition_sizes (custom_format_name, condition_name, min_bytes, max_bytes) VALUES ('Size Band: 4K Compact Eligible', '8 GiB to 22 GiB', 8589934592, 23622320128);
INSERT OR REPLACE INTO custom_formats (name, description, include_in_rename) VALUES ('Size Band: 4K Premium Eligible', 'Optional helper for premium 4K movie profiles. Matches 2160p or 4K releases between about 18 GiB and 50 GiB so the premium lane can ride much closer to remux-sized encodes while still staying below true disk-rip territory most of the time.', 0);
INSERT OR REPLACE INTO custom_format_tags (custom_format_name, tag_name) VALUES ('Size Band: 4K Premium Eligible', 'Size Bands');
INSERT OR REPLACE INTO custom_format_tags (custom_format_name, tag_name) VALUES ('Size Band: 4K Premium Eligible', 'Movie Size Guards');
INSERT OR REPLACE INTO custom_format_tags (custom_format_name, tag_name) VALUES ('Size Band: 4K Premium Eligible', 'Premium');
INSERT OR REPLACE INTO custom_format_conditions (custom_format_name, name, type, arr_type, negate, required) VALUES ('Size Band: 4K Premium Eligible', '4K marker', 'release_title', 'all', 0, 1);
INSERT OR REPLACE INTO condition_patterns (custom_format_name, condition_name, regular_expression_name) VALUES ('Size Band: 4K Premium Eligible', '4K marker', 'Size Guard: 4K Marker');
INSERT OR REPLACE INTO custom_format_conditions (custom_format_name, name, type, arr_type, negate, required) VALUES ('Size Band: 4K Premium Eligible', '18 GiB to 50 GiB', 'size', 'all', 0, 1);
INSERT OR REPLACE INTO condition_sizes (custom_format_name, condition_name, min_bytes, max_bytes) VALUES ('Size Band: 4K Premium Eligible', '18 GiB to 50 GiB', 19327352832, 53687091200);
INSERT OR REPLACE INTO custom_formats (name, description, include_in_rename) VALUES ('Size Band: 4K Remux Eligible', 'Optional helper for remux-first 4K movie profiles. Matches 2160p or 4K releases between about 35 GiB and 500 GiB so the remux lane stays open to true remuxes and very large premium encodes without relying on an open-ended size condition.', 0);
INSERT OR REPLACE INTO custom_format_tags (custom_format_name, tag_name) VALUES ('Size Band: 4K Remux Eligible', 'Size Bands');
INSERT OR REPLACE INTO custom_format_tags (custom_format_name, tag_name) VALUES ('Size Band: 4K Remux Eligible', 'Movie Size Guards');
INSERT OR REPLACE INTO custom_format_tags (custom_format_name, tag_name) VALUES ('Size Band: 4K Remux Eligible', 'Remux');
INSERT OR REPLACE INTO custom_format_conditions (custom_format_name, name, type, arr_type, negate, required) VALUES ('Size Band: 4K Remux Eligible', '4K marker', 'release_title', 'all', 0, 1);
INSERT OR REPLACE INTO condition_patterns (custom_format_name, condition_name, regular_expression_name) VALUES ('Size Band: 4K Remux Eligible', '4K marker', 'Size Guard: 4K Marker');
INSERT OR REPLACE INTO custom_format_conditions (custom_format_name, name, type, arr_type, negate, required) VALUES ('Size Band: 4K Remux Eligible', '35 GiB to 500 GiB', 'size', 'all', 0, 1);
INSERT OR REPLACE INTO condition_sizes (custom_format_name, condition_name, min_bytes, max_bytes) VALUES ('Size Band: 4K Remux Eligible', '35 GiB to 500 GiB', 37580963840, 536870912000);
INSERT OR IGNORE INTO tags (name) VALUES ('Size Guards');
INSERT OR IGNORE INTO tags (name) VALUES ('Micro Encode');
INSERT OR IGNORE INTO tags (name) VALUES ('Bitrate Guard');
INSERT OR REPLACE INTO custom_formats (name, description, include_in_rename) VALUES ('Size Guard: 1080p Episode Tiny Encode', 'Optional helper for 1080p episode releases under 300 MiB. Total release size is only a rough signal because episode runtimes and season packs vary.', 0);
INSERT OR REPLACE INTO custom_format_tags (custom_format_name, tag_name) VALUES ('Size Guard: 1080p Episode Tiny Encode', 'Size Guards');
INSERT OR REPLACE INTO custom_format_tags (custom_format_name, tag_name) VALUES ('Size Guard: 1080p Episode Tiny Encode', 'Micro Encode');
INSERT OR REPLACE INTO custom_format_conditions (custom_format_name, name, type, arr_type, negate, required) VALUES ('Size Guard: 1080p Episode Tiny Encode', '1080p marker', 'release_title', 'all', 0, 1);
INSERT OR REPLACE INTO condition_patterns (custom_format_name, condition_name, regular_expression_name) VALUES ('Size Guard: 1080p Episode Tiny Encode', '1080p marker', 'Size Guard: 1080p Only Marker');
INSERT OR REPLACE INTO custom_format_conditions (custom_format_name, name, type, arr_type, negate, required) VALUES ('Size Guard: 1080p Episode Tiny Encode', 'size <= 300 MiB', 'size', 'all', 0, 1);
INSERT OR REPLACE INTO condition_sizes (custom_format_name, condition_name, min_bytes, max_bytes) VALUES ('Size Guard: 1080p Episode Tiny Encode', 'size <= 300 MiB', NULL, 314572800);
INSERT OR REPLACE INTO custom_formats (name, description, include_in_rename) VALUES ('Size Guard: 4K Episode Tiny Encode', 'Optional helper for 2160p episode releases under 800 MiB. It is intentionally unattached because total release size is not runtime-normalized.', 0);
INSERT OR REPLACE INTO custom_format_tags (custom_format_name, tag_name) VALUES ('Size Guard: 4K Episode Tiny Encode', 'Size Guards');
INSERT OR REPLACE INTO custom_format_tags (custom_format_name, tag_name) VALUES ('Size Guard: 4K Episode Tiny Encode', 'Micro Encode');
INSERT OR REPLACE INTO custom_format_conditions (custom_format_name, name, type, arr_type, negate, required) VALUES ('Size Guard: 4K Episode Tiny Encode', '4K marker', 'release_title', 'all', 0, 1);
INSERT OR REPLACE INTO condition_patterns (custom_format_name, condition_name, regular_expression_name) VALUES ('Size Guard: 4K Episode Tiny Encode', '4K marker', 'Size Guard: 4K Marker');
INSERT OR REPLACE INTO custom_format_conditions (custom_format_name, name, type, arr_type, negate, required) VALUES ('Size Guard: 4K Episode Tiny Encode', 'size <= 800 MiB', 'size', 'all', 0, 1);
INSERT OR REPLACE INTO condition_sizes (custom_format_name, condition_name, min_bytes, max_bytes) VALUES ('Size Guard: 4K Episode Tiny Encode', 'size <= 800 MiB', NULL, 838860800);
